Anio,ID Estacion,Variable,Promedio,Maximo,Minimo,Excedencias limite actual,Dias de excedencias
2011,8198,HAire10,81.0,99.0,37.1,0.0,0
2011,8198,PLiquida,0.1,46.0,0.0,0.0,0
2011,8198,PST,66.1,159.4,17.8,0.0,0
2011,8198,TAire2,27.2,43.2,19.9,0.0,0
2011,8198,VViento,0.8,2.7,0.0,0.0,0
2011,8202,CO,139.47500000000002,432.725,37.1,0.0,0
2011,8202,DViento,139.47500000000002,359.0,0.0,0.0,0
2011,8202,NO,22.6,286.0,1.3,0.0,0
2011,8202,NO2,45.2,87.8,11.3,0.0,0
2011,8202,O3,32.6,140.3,2.2,5.0,0
2011,8202,P,139.47500000000002,432.725,37.1,0.0,0
2011,8202,PLiquida,0.2,47.5,0.0,0.0,0
2011,8202,PM10,61.2,110.4,30.3,3.0,0
2011,8202,PM2.5,22.1,49.6,2.8,0.0,0
2011,8202,SO2,8.5,24.8,1.3,0.0,0
2011,8202,TAire2,20.5,28.1,15.8,0.0,0
2011,8202,VViento,1.4,4.8,0.0,0.0,0
2011,8204,CO,139.47500000000002,432.725,37.1,0.0,0
2011,8204,NO,15.0,174.0,1.3,0.0,0
2011,8204,NO2,25.8,46.4,6.9,0.0,0
2011,8204,O3,31.3,138.1,2.2,4.0,0
2011,8204,PM10,36.1,140.3,0.6,0.0,0
2011,8204,TAire2,23.3,30.7,18.2,0.0,0
2011,8205,O3,19.0,65.1,1.1,0.0,0
2011,8205,PM10,42.1,409.1,2.8,0.0,0
2011,8206,DViento,139.47500000000002,359.0,0.0,0.0,0
2011,8206,HAire2,80.1,100.5,37.1,0.0,0
2011,8206,O3,17.1,74.2,2.2,0.0,0
2011,8206,P,139.47500000000002,432.725,37.1,0.0,0
2011,8206,PLiquida,0.2,36.6,0.0,0.0,0
2011,8206,PM10,34.4,193.8,1.4,0.0,0
2011,8206,TAire2,24.3,32.0,18.7,0.0,0
2011,8206,VViento,1.3,5.8,0.0,0.0,0
2011,8207,CO,139.47500000000002,432.725,37.1,0.0,0
2011,8207,DViento,139.47500000000002,360.0,0.0,0.0,0
2011,8207,O3,32.3,205.8,0.2,32.0,0
2011,8207,PLiquida,0.2,23.0,0.0,0.0,0
2011,8207,PM10,40.3,175.2,7.7,0.0,0
2011,8207,TAire2,14.4,24.3,6.2,0.0,0
2011,8207,VViento,1.4,6.3,0.0,0.0,0
2011,8208,CO,139.47500000000002,432.725,13.4,0.0,0
2011,8208,DViento,34.5,360.0,0.0,0.0,0
2011,8208,HAire2,66.6,87.0,24.0,0.0,0
2011,8208,NO,31.2,348.8,0.1,0.0,0
2011,8208,NO2,40.3,134.4,1.4,0.0,0
2011,8208,O3,25.5,180.8,0.1,37.0,0
2011,8208,P,139.47500000000002,432.725,37.1,0.0,0
2011,8208,PLiquida,0.2,25.5,0.0,0.0,0
2011,8208,PM10,41.9,88.5,12.0,0.0,0
2011,8208,SO2,4.2,11.9,0.8,0.0,0
2011,8208,TAire2,13.8,22.6,6.0,0.0,0
2011,8208,VViento,1.8,5.8,0.2,0.0,0
2011,8210,DViento,12.6,360.0,0.0,0.0,0
2011,8210,NO,12.2,244.5,0.0,0.0,0
2011,8210,NO2,27.0,51.7,10.2,0.0,0
2011,8210,O3,27.5,157.0,0.1,15.0,0
2011,8210,PLiquida,0.1,19.2,0.0,0.0,0
2011,8210,PM10,51.4,88.7,29.3,0.0,0
2011,8210,SO2,7.2,21.5,0.8,0.0,0
2011,8210,TAire2,13.9,24.0,5.8,0.0,0
2011,8210,VViento,1.8,6.4,0.3,0.0,0
2011,8211,DViento,48.4,360.0,0.0,0.0,0
2011,8211,HAire2,65.0,86.0,25.0,0.0,0
2011,8211,NO,41.6,418.0,0.0,0.0,0
2011,8211,NO2,24.1,59.6,7.0,0.0,0
2011,8211,O3,21.7,165.0,0.1,10.0,0
2011,8211,P,139.47500000000002,432.725,37.1,0.0,0
2011,8211,PLiquida,0.2,29.5,0.0,0.0,0
2011,8211,PM10,36.3,72.4,13.6,0.0,0
2011,8211,RGlobal,139.47500000000002,432.725,0.0,0.0,0
2011,8211,TAire2,14.3,24.4,4.2,0.0,0
2011,8211,VViento,0.9,5.1,0.2,0.0,0
2011,8212,CO,139.47500000000002,432.725,19.1,0.0,0
2011,8212,DViento,139.47500000000002,360.0,0.0,0.0,0
2011,8212,NO,23.2,241.7,0.0,0.0,0
2011,8212,NO2,29.3,81.4,10.7,0.0,0
2011,8212,O3,19.8,120.0,0.4,0.0,0
2011,8212,P,139.47500000000002,432.725,37.1,0.0,0
2011,8212,PLiquida,0.1,13.9,0.0,0.0,0
2011,8212,PM10,52.0,311.3,2.7,0.0,0
2011,8212,SO2,4.5,34.7,0.3,0.0,0
2011,8212,TAire2,13.6,22.2,5.3,0.0,0
2011,8212,VViento,2.9,9.3,0.3,0.0,0
2011,8213,CO,139.47500000000002,432.725,13.7,0.0,0
2011,8213,DViento,139.47500000000002,356.2,1.1,0.0,0
2011,8213,HAire2,68.5,90.0,15.0,0.0,0
2011,8213,NO,29.6,352.5,0.0,0.0,0
2011,8213,NO2,34.6,132.6,1.0,0.0,0
2011,8213,O3,25.5,176.8,0.0,46.0,0
2011,8213,PLiquida,0.2,42.8,0.0,0.0,0
2011,8213,PM10,37.4,193.3,1.3,0.0,0
2011,8213,RGlobal,139.47500000000002,432.725,0.0,0.0,0
2011,8213,RUVb,0.6,5.3,0.0,0.0,0
2011,8213,SO2,5.8,12.3,0.9,0.0,0
2011,8213,TAire2,14.5,24.9,5.2,0.0,0
2011,8213,VViento,1.3,5.5,0.0,0.0,0
2011,8214,CO,139.47500000000002,432.725,24.8,0.0,0
2011,8214,DViento,139.47500000000002,360.0,0.0,0.0,0
2011,8214,HAire2,69.8,91.0,29.0,0.0,0
2011,8214,NO,31.9,337.3,0.1,0.0,0
2011,8214,NO2,34.1,120.1,0.1,0.0,0
2011,8214,P,139.47500000000002,432.725,37.1,0.0,0
2011,8214,PLiquida,0.1,14.1,0.0,0.0,0
2011,8214,PM10,78.4,319.5,12.7,0.0,0
2011,8214,PM2.5,31.0,75.2,7.3,13.0,0
2011,8214,RGlobal,139.47500000000002,432.725,-1.0,0.0,0
2011,8214,SO2,10.3,21.2,1.0,0.0,0
2011,8214,TAire2,14.4,21.4,6.4,0.0,0
2011,8214,VViento,2.4,7.0,0.3,0.0,0
2011,8215,O3,30.9,159.0,0.9,14.0,0
2011,8215,PLiquida,0.3,22.3,0.0,0.0,0
2011,8215,PM10,50.4,182.0,9.0,0.0,0
2011,8216,CO,139.47500000000002,432.725,11.4,0.0,0
2011,8216,DViento,139.47500000000002,360.0,0.0,0.0,0
2011,8216,NO,57.0,319.3,2.3,0.0,0
2011,8216,NO2,59.8,174.7,14.2,0.0,0
2011,8216,O3,16.9,94.7,1.6,14.0,0
2011,8216,PLiquida,0.1,21.9,0.0,0.0,0
2011,8216,PM10,55.4,280.2,3.2,0.0,0
2011,8216,SO2,6.4,23.9,1.1,0.0,0
2011,8216,TAire2,14.0,21.1,7.2,0.0,0
2011,8216,VViento,2.7,8.3,0.4,0.0,0
2011,8218,CO,139.47500000000002,432.725,37.1,0.0,0
2011,8218,DViento,139.47500000000002,360.0,0.0,0.0,0
2011,8218,NO,86.4,411.1,0.0,0.0,0
2011,8218,NO2,47.1,88.7,19.5,0.0,0
2011,8218,O3,15.3,79.3,0.7,0.0,0
2011,8218,PLiquida,0.1,16.8,0.0,0.0,0
2011,8218,PM10,85.6,179.5,18.1,106.0,0
2011,8218,PST,119.0,432.725,9.0,0.0,0
2011,8218,SO2,23.0,92.8,3.6,0.0,0
2011,8218,TAire2,15.0,23.4,7.0,0.0,0
2011,8218,VViento,2.1,5.9,0.2,0.0,0
2011,8219,CO,139.47500000000002,432.725,37.1,0.0,0
2011,8219,DViento,139.47500000000002,360.0,0.0,0.0,0
2011,8219,HAire2,67.2,88.0,24.0,0.0,0
2011,8219,NO,27.1,369.9,0.0,0.0,0
2011,8219,NO2,31.4,151.2,1.0,0.0,0
2011,8219,O3,19.0,139.4,0.5,8.0,0
2011,8219,PLiquida,0.1,17.0,0.0,0.0,0
2011,8219,PM10,52.1,106.4,16.6,2.0,0
2011,8219,RGlobal,139.47500000000002,432.725,0.0,0.0,0
2011,8219,SO2,7.2,26.1,0.8,0.0,0
2011,8219,TAire2,13.2,20.7,5.8,0.0,0
2011,8219,VViento,1.1,4.5,0.2,0.0,0
2011,8221,DViento,129.9,360.0,1.0,0.0,0
2011,8221,HAire2,85.6,99.0,37.1,0.0,0
2011,8221,PLiquida,0.2,20.6,0.0,0.0,0
2011,8221,RGlobal,139.47500000000002,432.725,0.0,0.0,0
2011,8221,TAire2,12.5,20.3,5.1,0.0,0
2011,8221,VViento,1.8,5.3,0.0,0.0,0
2011,8222,PST,41.9,73.0,15.6,0.0,0
2011,8222,SO2,64.7,83.9,37.1,0.0,0
2011,8225,PST,90.2,121.1,37.1,0.0,0
2011,8225,SO2,46.9,60.2,33.6,0.0,0
2011,8226,PST,78.4,182.0,37.1,0.0,0
2011,8226,SO2,64.7,83.9,37.1,0.0,0
2011,8227,PST,69.1,110.6,23.4,0.0,0
2011,8234,PST,57.0,134.3,20.3,0.0,0
2011,8239,PM10,25.4,47.2,13.1,0.0,0
2011,8241,PM10,16.6,38.9,6.5,0.0,0
2011,8245,NO2,33.8,49.6,10.9,0.0,0
2011,8245,PM10,38.7,62.1,18.8,0.0,0
2011,8246,PM10,40.1,58.7,16.6,0.0,0
2011,8246,PST,48.9,83.5,24.7,0.0,0
2011,8248,NO2,34.6,61.8,18.7,0.0,0
2011,8248,PM10,46.4,66.0,19.9,0.0,0
2011,8249,NO2,32.4,51.5,16.0,0.0,0
2011,8250,NO2,39.8,59.4,14.6,0.0,0
2011,8250,PM10,43.9,60.4,17.0,0.0,0
2011,8251,NO2,36.3,54.3,20.6,0.0,0
2011,8251,PM10,43.5,71.6,24.0,0.0,0
2011,8251,PST,80.0,134.1,37.1,0.0,0
2011,8252,NO2,35.6,54.3,19.9,0.0,0
2011,8252,PM10,44.3,62.4,19.7,0.0,0
2011,8252,PST,91.5,127.1,37.1,0.0,0
2011,8254,NO2,36.0,53.7,17.4,0.0,0
2011,8254,PM10,42.1,59.9,22.9,0.0,0
2011,8254,PST,83.0,118.8,37.1,0.0,0
2011,8300,PM10,66.8,125.4,33.4,9.0,0
2011,8775,CO,139.47500000000002,432.725,37.1,0.0,0
2011,8775,PM10,59.0,96.4,18.4,0.0,0
2011,8776,PM10,64.2,107.4,18.9,2.0,0
2011,8776,PM2.5,28.7,74.2,1.9,2.0,0
2011,8777,CO,139.47500000000002,432.725,37.1,0.0,0
2011,8777,NO2,45.6,68.2,24.4,0.0,0
2011,8777,SO2,43.1,78.3,3.7,0.0,0
2011,8805,PM10,19.5,62.5,1.2,0.0,0
2011,8902,PM2.5,8.1,19.2,1.7,0.0,0
2011,8970,PM10,44.7,113.3,8.4,2.0,0
2011,8972,PM10,29.5,81.2,5.0,0.0,0
2011,8973,PM10,37.3,96.4,6.7,0.0,0
2011,8975,PM10,34.0,97.3,6.0,0.0,0
2011,8977,PM10,46.3,175.8,4.8,7.0,0
2011,8978,PM10,27.0,85.4,4.7,0.0,0
2011,8980,PM10,33.9,95.2,3.4,0.0,0
2011,8981,PM10,39.5,99.3,6.8,0.0,0
2011,8983,PST,45.9,138.9,22.8,0.0,0
2011,8984,PM10,28.1,84.3,4.5,0.0,0
2011,8986,CO,139.47500000000002,432.725,19.1,0.0,0
2011,8986,DViento,89.9,360.0,0.0,0.0,0
2011,8986,HAire10,72.2,90.9,37.1,0.0,0
2011,8986,O3,26.0,118.2,0.3,95.0,0
2011,8986,PLiquida,0.4,84.1,0.0,0.0,0
2011,8986,PM10,29.2,79.5,4.2,0.0,0
2011,8986,RGlobal,139.47500000000002,432.725,0.0,0.0,0
2011,8986,TAire10,24.4,33.6,16.2,0.0,0
2011,8986,VViento,0.8,7.4,0.0,0.0,0
2011,8990,PM10,43.4,67.9,20.3,0.0,0
2011,8990,PST,56.3,93.4,24.4,0.0,0
2011,8995,PM10,43.5,119.8,10.1,1.0,0
2011,8995,PM2.5,34.7,427.7,0.4,0.0,0
2011,9002,DViento,139.47500000000002,358.4,1.3,0.0,0
2011,9002,HAire2,74.4,91.2,26.1,0.0,0
2011,9002,O3,24.5,126.5,0.0,133.0,0
2011,9002,PLiquida,2.0,3.8,1.1,0.0,0
2011,9002,PM10,48.6,264.0,2.0,0.0,0
2011,9002,PM2.5,23.7,43.2,8.5,0.0,0
2011,9002,RGlobal,139.47500000000002,432.725,6.0,0.0,0
2011,9002,TAire2,20.0,28.5,15.4,0.0,0
2011,9002,VViento,1.7,5.2,1.0,0.0,0
2011,9019,PM10,22.1,43.3,9.6,0.0,0
2011,9019,PM2.5,9.5,19.6,2.1,0.0,0
2011,9019,PST,26.3,36.7,18.6,0.0,0
2011,9019,SO2,44.9,78.9,9.4,0.0,0
2011,9020,DViento,139.47500000000002,359.5,1.3,0.0,0
2011,9020,HAire2,71.3,95.5,8.6,0.0,0
2011,9020,P,139.47500000000002,432.725,37.1,0.0,0
2011,9020,PLiquida,4.0,23.0,1.5,0.0,0
2011,9020,PM10,37.4,68.6,15.8,0.0,0
2011,9020,PST,72.0,155.7,21.1,0.0,0
2011,9020,RGlobal,139.47500000000002,432.725,4.0,0.0,0
2011,9020,TAire2,21.2,29.3,16.8,0.0,0
2011,9020,VViento,2.0,4.7,1.0,0.0,0
2011,9021,PM10,55.4,229.4,0.4,0.0,0
2011,9021,PST,87.0,176.7,25.1,0.0,0
2011,9023,PM10,49.2,89.0,10.7,0.0,0
2011,9025,PM10,57.8,273.1,7.2,0.0,0
2011,9026,PM10,32.8,81.5,9.2,0.0,0
2011,9026,PST,89.3,317.6,17.2,1.0,0
2011,9027,PM10,26.4,67.9,8.6,0.0,0
2011,9027,PST,75.5,298.3,17.7,0.0,0
2011,9038,PM10,81.8,126.6,37.1,8.0,0
2011,9039,PM10,54.4,94.4,14.6,0.0,0
2011,9041,PM10,27.0,82.2,9.2,0.0,0
2011,9042,DViento,139.47500000000002,275.2,22.5,0.0,0
2011,9042,HAire2,81.2,96.0,37.1,0.0,0
2011,9042,P,139.47500000000002,432.725,37.1,0.0,0
2011,9042,PLiquida,8.2,90.4,0.0,0.0,0
2011,9042,PM10,38.6,101.7,8.4,1.0,0
2011,9042,PM2.5,12.8,29.2,3.5,0.0,0
2011,9042,PST,69.3,260.2,19.4,0.0,0
2011,9042,RGlobal,139.47500000000002,347.5,37.1,0.0,0
2011,9042,TAire2,27.1,32.6,22.7,0.0,0
2011,9042,VViento,1.0,2.4,0.4,0.0,0
2011,9043,PM10,27.2,77.8,3.4,0.0,0
2011,9043,PST,43.6,189.4,8.5,0.0,0
2011,9044,PM10,40.5,113.9,8.8,3.0,0
2011,9044,PST,84.1,175.7,22.4,0.0,0
2011,9047,PM10,58.4,151.0,16.4,15.0,0
2011,9047,PST,139.47500000000002,432.725,37.1,8.0,0
2011,9048,PM10,65.9,149.5,24.2,8.0,0
2011,9048,PST,138.0,286.9,37.1,0.0,0
2011,9049,PM10,17.5,37.5,3.0,0.0,0
2011,9049,PM2.5,12.1,13.8,9.8,0.0,0
2011,9050,PM10,25.9,67.1,5.3,0.0,0
2011,9050,PST,46.6,218.6,15.5,0.0,0
2011,9051,PM10,41.3,137.5,11.0,3.0,0
2011,9051,PST,87.0,279.9,22.3,0.0,0
2011,9052,PM10,14.9,39.5,2.0,0.0,0
2011,9052,PST,35.5,87.7,9.6,0.0,0
2011,9053,PLiquida,6.1,90.0,0.0,0.0,0
2011,9053,PM10,24.7,64.9,6.0,0.0,0
2011,9054,PM10,37.3,86.5,13.2,0.0,0
2011,9055,PM10,84.5,174.3,24.1,7.0,0
2011,9056,PM10,30.2,75.3,3.0,0.0,0
2011,9057,PM10,39.0,60.2,20.1,0.0,0
2011,9060,PM10,50.6,110.2,8.1,1.0,0
2011,9060,PM2.5,20.5,45.1,5.7,0.0,0
2011,9085,PM10,31.0,86.9,8.6,0.0,0
2011,9101,PM10,34.3,56.4,4.9,0.0,0
2011,9102,PM10,43.4,76.0,24.6,0.0,0
2011,9103,PM10,33.2,53.9,13.2,0.0,0
2011,9104,HAire,73.5,92.8,37.1,0.0,0
2011,9104,PLiquida,0.4,53.2,0.0,0.0,0
2011,9104,TAire,20.9,30.4,15.5,0.0,0
2011,9104,VViento,1.1,7.2,0.0,0.0,0
2011,9117,PM10,26.4,76.0,5.3,0.0,0
2011,9122,NO,23.7,224.5,1.0,0.0,0
2011,9122,NO2,37.2,108.5,5.5,0.0,0
2011,9122,O3,34.3,213.9,2.0,234.0,0
2011,9122,PM10,52.2,222.0,5.0,0.0,0
2011,9122,PM2.5,23.2,40.4,7.9,0.0,0
2011,9140,PM10,26.4,34.0,22.0,0.0,0
2011,9144,PM10,21.2,26.0,15.0,0.0,0
2011,9148,PM10,22.8,33.5,12.7,0.0,0
2011,9166,NO2,36.7,56.8,18.8,0.0,0
2011,9172,PM10,38.7,64.1,14.9,0.0,0
2011,9172,PST,55.3,107.3,16.1,0.0,0
2011,19566,NO2,24.8,48.3,6.4,0.0,0
2011,19566,PM10,48.3,84.4,23.6,0.0,0
2011,19661,PM10,42.0,132.8,8.3,1.0,0
2011,19662,PM10,39.8,63.3,14.1,0.0,0
2011,19664,PM10,21.7,44.1,5.2,0.0,0
2011,19666,PST,84.3,186.3,35.5,0.0,0
2011,20383,PM10,75.5,432.725,7.0,0.0,0
2011,20385,CO,139.47500000000002,432.725,37.1,0.0,0
2011,20385,NO,38.3,323.8,1.3,0.0,0
2011,20385,NO2,37.1,60.3,12.1,0.0,0
2011,20385,O3,20.2,86.3,2.2,0.0,0
2011,20385,P,139.47500000000002,432.725,37.1,0.0,0
2011,20385,PM10,48.9,82.6,23.4,0.0,0
2011,20385,SO2,9.8,27.5,0.8,0.0,0
2011,26173,PST,81.5,164.8,30.3,0.0,0
2011,26174,PST,75.4,185.5,37.1,0.0,0
2011,26175,PM10,23.5,54.6,10.9,0.0,0
2011,26176,PST,62.1,127.8,28.0,0.0,0
2011,26177,PM10,28.5,57.1,18.1,0.0,0
2011,26178,PM10,20.7,40.4,11.9,0.0,0
2011,26179,PST,69.1,152.8,26.2,0.0,0
2011,26180,PM10,26.1,56.1,10.9,0.0,0
2011,26181,PM10,26.9,56.9,12.0,0.0,0
2011,26181,PST,47.1,112.4,23.5,0.0,0
2011,26182,PM10,20.9,44.8,10.2,0.0,0
2011,26182,PST,46.5,123.2,19.7,0.0,0
2011,26183,PST,42.5,167.1,24.4,0.0,0
2011,26184,PM10,29.3,57.9,11.5,0.0,0
2011,26184,PST,43.6,134.2,20.0,0.0,0
2011,26185,PM10,22.1,36.0,12.0,0.0,0
2011,26207,PST,68.4,167.8,20.8,0.0,0
2011,28202,CO,139.47500000000002,432.725,11.4,0.0,0
2011,28202,DViento,118.6,360.0,0.0,0.0,0
2011,28202,O3,16.8,101.6,0.0,0.0,0
2011,28202,PLiquida,0.2,34.0,0.0,0.0,0
2011,28202,PM10,40.5,259.8,3.0,0.0,0
2011,28202,SO2,2.4,18.1,0.3,0.0,0
2011,28202,TAire2,13.7,21.8,7.0,0.0,0
2011,28202,VViento,1.7,6.4,0.1,0.0,0
2011,29507,P,139.47500000000002,432.725,37.1,0.0,0
2011,29507,PM2.5,23.0,44.1,12.6,0.0,0
2011,29509,P,139.47500000000002,432.725,37.1,0.0,0
2011,29586,NO2,36.3,57.2,17.8,0.0,0
2011,29586,PM10,50.8,78.6,28.6,0.0,0
2011,29615,NO2,33.4,49.9,11.5,0.0,0
2011,29615,PM10,45.0,63.6,18.1,0.0,0
2011,29617,NO2,32.9,49.0,16.4,0.0,0
2011,29617,PM10,44.8,63.0,23.7,0.0,0
2011,30003,PM10,28.0,66.2,10.4,0.0,0
2011,30004,CO,139.47500000000002,432.725,11.4,0.0,0
2011,30004,DViento,139.47500000000002,359.9,0.2,0.0,0
2011,30004,HAire,70.3,87.8,37.1,0.0,0
2011,30004,HAire10,69.0,100.0,23.1,0.0,0
2011,30004,HAire2,68.6,96.8,37.1,0.0,0
2011,30004,PLiquida,0.4,94.0,0.0,0.0,0
2011,30004,PM10,21.7,125.0,1.0,0.0,0
2011,30004,RGlobal,139.47500000000002,432.725,0.0,0.0,0
2011,30004,SO2,10.7,232.0,0.0,0.0,0
2011,30004,TAire10,24.2,33.8,16.1,0.0,0
2011,30004,TAire2,23.9,31.4,18.1,0.0,0
2011,30004,VViento,1.3,6.3,0.0,0.0,0
2011,30018,PM10,40.4,100.0,7.6,0.0,0
2011,30417,PLiquida,2.6,17.8,0.0,0.0,0
2011,30417,PM10,68.0,115.0,37.1,1.0,0
2011,30418,PLiquida,9.3,58.2,0.0,0.0,0
2011,30420,PLiquida,7.2,39.1,0.0,0.0,0
2011,30420,PM10,18.3,31.0,12.0,0.0,0
2011,30421,PLiquida,10.8,50.8,0.0,0.0,0
2011,30421,PM10,22.3,31.0,14.0,0.0,0
2011,30421,VViento,0.4,0.9,0.1,0.0,0
2011,30422,PLiquida,1.9,15.7,0.0,0.0,0
2011,30422,PM10,34.7,45.0,22.0,0.0,0
2011,30422,VViento,1.4,2.4,0.2,0.0,0
2011,30423,PLiquida,2.2,14.7,0.0,0.0,0
2011,30423,PM10,17.8,26.9,7.4,0.0,0
2011,30423,VViento,0.6,0.8,0.3,0.0,0
2011,30424,PLiquida,5.5,24.6,0.0,0.0,0
2011,30424,PM10,38.4,65.0,13.0,0.0,0
2011,30424,VViento,0.6,0.9,0.2,0.0,0
2011,30425,PLiquida,4.3,28.9,0.0,0.0,0
2011,30425,PM10,30.9,40.3,20.1,0.0,0
2011,30425,VViento,0.1,0.3,0.0,0.0,0
2011,30426,PLiquida,4.7,29.5,0.0,0.0,0
2011,30426,VViento,0.5,0.8,0.1,0.0,0
2011,30427,PLiquida,2.7,44.0,0.0,0.0,0
2011,30427,VViento,1.0,1.6,0.6,0.0,0
2011,30429,PLiquida,12.0,84.6,0.0,0.0,0
2011,30429,VViento,0.6,0.8,0.3,0.0,0
2011,30458,PLiquida,7.8,46.0,0.0,0.0,0
2011,30833,DViento,139.47500000000002,359.0,0.0,0.0,0
2011,30833,HAire2,67.1,94.3,29.7,0.0,0
2011,30833,P,139.47500000000002,432.725,37.1,0.0,0
2011,30833,PLiquida,0.4,59.0,0.0,0.0,0
2011,30833,TAire2,25.1,37.3,18.2,0.0,0
2011,30833,VViento,0.6,6.5,0.0,0.0,0
2011,31823,PM10,48.2,93.5,8.4,0.0,0
2011,99999,HAire2,81.5,99.0,37.1,0.0,0
2011,99999,O3,21.1,117.5,0.0,0.0,0
2011,99999,PLiquida,0.1,33.2,0.0,0.0,0
2011,99999,PM10,21.5,37.4,7.1,0.0,0
2011,99999,PM2.5,9.2,20.0,0.7,0.0,0
2011,99999,PST,83.3,117.1,33.7,0.0,0
2011,99999,TAire2,27.7,38.1,20.9,0.0,0
2011,99999,VViento,1.7,6.7,0.0,0.0,0
2012,8198,PLiquida,0.1,32.6,0.0,0.0,0
2012,8198,PST,58.6,162.3,14.8,0.0,0
2012,8198,VViento,0.9,3.1,0.0,0.0,0
2012,8202,CO,139.47500000000002,432.725,37.1,0.0,0
2012,8202,DViento,139.47500000000002,359.0,0.0,0.0,0
2012,8202,NO,12.9,161.9,1.3,0.0,0
2012,8202,NO2,30.8,74.3,8.7,0.0,0
2012,8202,O3,31.4,129.5,2.2,5.0,0
2012,8202,P,139.47500000000002,432.725,37.1,0.0,0
2012,8202,PLiquida,0.1,42.0,0.0,0.0,0
2012,8202,PM10,57.1,108.8,20.6,4.0,0
2012,8202,SO2,13.1,26.6,1.3,0.0,0
2012,8202,TAire2,20.8,28.3,16.1,0.0,0
2012,8202,VViento,1.4,4.9,0.0,0.0,0
2012,8204,CO,139.47500000000002,432.725,37.1,0.0,0
2012,8204,DViento,139.47500000000002,337.5,0.0,0.0,0
2012,8204,HAire2,80.3,98.0,37.1,0.0,0
2012,8204,NO,12.3,233.4,1.3,0.0,0
2012,8204,NO2,23.3,66.8,8.5,0.0,0
2012,8204,O3,33.2,140.3,2.2,9.0,0
2012,8204,P,139.47500000000002,432.725,37.1,0.0,0
2012,8204,PLiquida,0.1,45.2,0.0,0.0,0
2012,8204,PM10,38.2,70.6,15.4,0.0,0
2012,8204,SO2,8.8,23.5,1.7,0.0,0
2012,8204,TAire2,23.9,32.1,18.7,0.0,0
2012,8204,VViento,1.1,4.5,0.0,0.0,0
2012,8205,DViento,139.47500000000002,337.5,0.0,0.0,0
2012,8205,HAire2,76.2,97.0,34.0,0.0,0
2012,8205,O3,21.1,172.1,1.6,1.0,0
2012,8205,P,139.47500000000002,432.725,37.1,0.0,0
2012,8205,PLiquida,0.1,31.4,0.0,0.0,0
2012,8205,PM10,43.1,309.7,0.3,0.0,0
2012,8205,TAire2,24.2,32.6,18.7,0.0,0
2012,8205,VViento,1.2,5.4,0.0,0.0,0
2012,8206,DViento,139.47500000000002,359.0,0.0,0.0,0
2012,8206,HAire2,78.0,101.0,36.8,0.0,0
2012,8206,O3,15.6,99.3,2.2,0.0,0
2012,8206,P,139.47500000000002,432.725,37.1,0.0,0
2012,8206,PLiquida,0.1,35.6,0.0,0.0,0
2012,8206,PM10,27.6,195.6,0.2,0.0,0
2012,8206,TAire2,24.8,32.5,19.5,0.0,0
2012,8206,VViento,1.4,5.6,0.0,0.0,0
2012,8207,CO,139.47500000000002,432.725,37.1,0.0,0
2012,8207,DViento,139.47500000000002,360.0,0.0,0.0,0
2012,8207,O3,26.8,144.1,0.0,6.0,0
2012,8207,PLiquida,0.1,19.1,0.0,0.0,0
2012,8207,PM10,36.4,94.4,12.6,0.0,0
2012,8207,TAire2,14.4,23.1,6.8,0.0,0
2012,8207,VViento,1.6,6.5,0.0,0.0,0
2012,8208,CO,139.47500000000002,432.725,37.1,0.0,0
2012,8208,DViento,67.4,360.0,0.0,0.0,0
2012,8208,HAire2,64.0,86.0,19.0,0.0,0
2012,8208,NO,30.7,341.2,0.9,0.0,0
2012,8208,NO2,37.1,76.6,9.6,0.0,0
2012,8208,O3,28.9,160.9,0.0,19.0,0
2012,8208,P,139.47500000000002,432.725,37.1,0.0,0
2012,8208,PLiquida,0.1,30.4,0.0,0.0,0
2012,8208,PM10,45.5,106.4,13.4,1.0,0
2012,8208,SO2,3.9,11.7,1.6,0.0,0
2012,8208,TAire2,13.9,22.6,6.8,0.0,0
2012,8208,VViento,1.9,5.6,0.2,0.0,0
2012,8210,DViento,26.1,360.0,0.0,0.0,0
2012,8210,NO,10.1,150.9,0.0,0.0,0
2012,8210,NO2,23.5,96.0,2.3,0.0,0
2012,8210,O3,28.3,145.5,0.9,18.0,0
2012,8210,PLiquida,0.1,27.8,0.0,0.0,0
2012,8210,PM10,53.3,229.8,13.2,0.0,0
2012,8210,SO2,5.1,21.8,0.8,0.0,0
2012,8210,TAire2,14.0,25.6,4.9,0.0,0
2012,8210,VViento,2.0,7.7,0.3,0.0,0
2012,8211,DViento,59.0,360.0,0.0,0.0,0
2012,8211,HAire2,62.9,85.0,20.0,0.0,0
2012,8211,NO,34.5,314.0,0.3,0.0,0
2012,8211,NO2,18.0,104.1,1.0,0.0,0
2012,8211,O3,20.7,157.1,0.0,6.0,0
2012,8211,P,139.47500000000002,432.725,37.1,0.0,0
2012,8211,PLiquida,0.1,19.6,0.0,0.0,0
2012,8211,PM10,34.1,164.8,4.3,0.0,0
2012,8211,RGlobal,139.47500000000002,432.725,0.0,0.0,0
2012,8211,TAire2,14.3,24.8,3.6,0.0,0
2012,8211,VViento,1.0,5.0,0.2,0.0,0
2012,8212,CO,139.47500000000002,432.725,21.0,0.0,0
2012,8212,DViento,139.47500000000002,360.0,0.0,0.0,0
2012,8212,NO,25.4,195.9,1.1,0.0,0
2012,8212,NO2,31.9,97.2,4.8,0.0,0
2012,8212,O3,20.7,128.6,0.2,2.0,0
2012,8212,P,139.47500000000002,432.725,37.1,0.0,0
2012,8212,PLiquida,1.1,32.9,0.0,0.0,0
2012,8212,PM10,53.9,242.0,2.3,0.0,0
2012,8212,SO2,4.8,81.4,0.3,0.0,0
2012,8212,TAire2,13.8,22.0,5.9,0.0,0
2012,8212,VViento,3.0,8.8,0.3,0.0,0
2012,8213,CO,139.47500000000002,432.725,11.4,0.0,0
2012,8213,DViento,139.47500000000002,360.0,0.0,0.0,0
2012,8213,HAire2,66.4,89.0,23.0,0.0,0
2012,8213,NO,22.0,285.8,0.0,0.0,0
2012,8213,NO2,24.7,119.0,0.8,0.0,0
2012,8213,O3,26.6,160.6,0.2,41.0,0
2012,8213,PLiquida,0.1,21.8,0.0,0.0,0
2012,8213,PM10,34.1,92.2,6.7,0.0,0
2012,8213,RGlobal,139.47500000000002,432.725,0.0,0.0,0
2012,8213,RUVb,0.6,5.6,0.0,0.0,0
2012,8213,SO2,6.0,21.0,1.2,0.0,0
2012,8213,TAire2,14.6,24.8,5.0,0.0,0
2012,8213,VViento,1.4,5.0,0.1,0.0,0
2012,8214,CO,139.47500000000002,432.725,11.4,0.0,0
2012,8214,DViento,139.47500000000002,360.0,0.0,0.0,0
2012,8214,HAire2,66.1,87.0,22.0,0.0,0
2012,8214,NO,32.0,284.6,0.0,0.0,0
2012,8214,NO2,37.5,59.1,16.3,0.0,0
2012,8214,P,139.47500000000002,432.725,37.1,0.0,0
2012,8214,PLiquida,0.1,9.9,0.0,0.0,0
2012,8214,PM10,70.4,432.725,11.7,0.0,0
2012,8214,PM2.5,28.3,64.8,9.2,14.0,0
2012,8214,RGlobal,139.47500000000002,432.725,0.0,0.0,0
2012,8214,SO2,9.9,131.0,0.3,0.0,0
2012,8214,TAire2,14.5,22.2,5.8,0.0,0
2012,8214,VViento,2.6,7.9,0.3,0.0,0
2012,8215,DViento,109.5,360.0,0.0,0.0,0
2012,8215,O3,31.5,192.0,0.7,55.0,0
2012,8215,PLiquida,0.1,20.8,0.0,0.0,0
2012,8215,PM10,42.1,317.0,1.0,0.0,0
2012,8215,VViento,1.6,8.6,0.0,0.0,0
2012,8216,CO,139.47500000000002,432.725,37.1,0.0,0
2012,8216,DViento,139.47500000000002,360.0,0.0,0.0,0
2012,8216,NO,45.0,294.6,1.5,0.0,0
2012,8216,NO2,39.8,62.9,22.5,0.0,0
2012,8216,O3,17.6,116.3,0.3,0.0,0
2012,8216,PLiquida,0.1,49.4,0.0,0.0,0
2012,8216,PM10,47.9,105.3,14.3,1.0,0
2012,8216,SO2,5.5,15.4,1.5,0.0,0
2012,8216,TAire2,13.8,21.3,7.6,0.0,0
2012,8216,VViento,2.2,8.1,0.0,0.0,0
2012,8218,CO,139.47500000000002,432.725,37.1,0.0,0
2012,8218,DViento,139.47500000000002,360.0,0.0,0.0,0
2012,8218,NO,86.9,432.725,1.9,0.0,0
2012,8218,NO2,40.7,75.8,20.6,0.0,0
2012,8218,O3,13.7,65.7,0.3,0.0,0
2012,8218,PLiquida,0.1,15.9,0.0,0.0,0
2012,8218,PM10,76.4,319.3,4.7,0.0,0
2012,8218,PST,107.5,432.725,14.0,0.0,0
2012,8218,SO2,19.0,103.1,1.8,0.0,0
2012,8218,TAire2,15.2,24.5,7.9,0.0,0
2012,8218,VViento,2.4,6.6,0.3,0.0,0
2012,8219,CO,139.47500000000002,432.725,37.1,0.0,0
2012,8219,DViento,139.47500000000002,360.0,0.0,0.0,0
2012,8219,HAire2,64.1,87.0,23.0,0.0,0
2012,8219,NO,25.4,298.3,0.0,0.0,0
2012,8219,NO2,30.9,64.4,11.3,0.0,0
2012,8219,O3,19.4,103.4,0.2,0.0,0
2012,8219,PLiquida,0.1,16.1,0.0,0.0,0
2012,8219,PM10,47.1,257.7,2.8,0.0,0
2012,8219,RGlobal,139.47500000000002,432.725,0.0,0.0,0
2012,8219,SO2,5.6,28.1,1.2,0.0,0
2012,8219,TAire2,13.4,26.4,2.9,0.0,0
2012,8219,VViento,1.1,4.9,0.2,0.0,0
2012,8222,PM10,33.3,39.9,23.9,0.0,0
2012,8223,PM10,30.8,51.7,13.9,0.0,0
2012,8225,PM10,80.2,97.9,37.1,0.0,0
2012,8226,PM10,33.1,49.8,21.8,0.0,0
2012,8227,PM10,48.0,59.1,32.9,0.0,0
2012,8234,PM10,34.3,59.5,21.5,0.0,0
2012,8234,PST,87.5,193.2,35.5,0.0,0
2012,8239,PM10,23.4,47.0,11.0,0.0,0
2012,8241,PM10,20.3,40.9,8.3,0.0,0
2012,8245,NO2,35.6,55.1,16.9,0.0,0
2012,8245,PM10,43.3,65.3,24.7,0.0,0
2012,8246,PM10,42.2,64.0,19.9,0.0,0
2012,8246,PST,54.7,81.5,27.1,0.0,0
2012,8248,NO2,41.0,64.3,19.8,0.0,0
2012,8248,PM10,72.8,110.6,33.6,1.0,0
2012,8249,NO2,37.7,57.4,17.5,0.0,0
2012,8250,NO2,40.1,58.3,19.6,0.0,0
2012,8250,PM10,47.3,65.3,26.9,0.0,0
2012,8251,NO2,39.4,59.2,18.3,0.0,0
2012,8251,PM10,48.3,72.4,24.8,0.0,0
2012,8251,PST,92.2,152.7,37.1,0.0,0
2012,8252,NO2,40.4,59.1,19.8,0.0,0
2012,8252,PM10,45.6,62.5,21.9,0.0,0
2012,8252,PST,95.0,124.6,37.1,0.0,0
2012,8254,NO2,37.4,59.6,17.6,0.0,0
2012,8254,PM10,44.0,58.1,24.4,0.0,0
2012,8254,PST,90.1,121.0,37.1,0.0,0
2012,8298,PM10,98.4,403.8,17.0,0.0,0
2012,8300,PM10,47.8,134.5,18.6,4.0,0
2012,8775,O3,22.0,145.9,0.0,2.0,0
2012,8775,PM10,46.0,95.9,14.7,0.0,0
2012,8776,PM10,77.1,141.6,16.1,19.0,0
2012,8776,PM2.5,24.3,44.9,0.5,0.0,0
2012,8805,PM10,31.3,94.2,2.9,0.0,0
2012,8970,HAire2,72.3,77.9,37.1,0.0,0
2012,8970,PM10,42.1,101.0,15.8,1.0,0
2012,8970,PST,47.8,69.2,27.5,0.0,0
2012,8970,TAire2,27.8,33.1,21.6,0.0,0
2012,8970,VViento,2.8,4.9,0.0,0.0,0
2012,8972,PM10,37.5,90.8,12.9,0.0,0
2012,8973,HAire2,71.7,83.5,37.1,0.0,0
2012,8973,PLiquida,0.2,3.2,0.0,0.0,0
2012,8973,PM10,35.5,91.3,12.1,0.0,0
2012,8973,TAire2,27.4,34.2,18.1,0.0,0
2012,8973,VViento,1.2,3.1,0.0,0.0,0
2012,8975,PM10,36.3,80.4,15.1,0.0,0
2012,8977,PM10,48.0,104.1,11.4,2.0,0
2012,8978,PM10,28.3,78.3,9.0,0.0,0
2012,8980,PM10,36.7,94.5,14.6,0.0,0
2012,8981,PM10,42.8,213.8,16.4,2.0,0
2012,8983,HAire2,76.8,96.0,37.1,0.0,0
2012,8983,PM10,34.6,114.3,7.6,2.0,0
2012,8983,PST,47.2,271.7,17.0,0.0,0
2012,8983,TAire2,27.1,31.8,20.6,0.0,0
2012,8983,VViento,2.2,5.4,0.0,0.0,0
2012,8984,PM10,29.7,78.0,9.8,0.0,0
2012,8986,CO,139.47500000000002,432.725,37.1,0.0,0
2012,8986,DViento,82.1,360.0,0.0,0.0,0
2012,8986,HAire10,68.1,100.0,23.9,0.0,0
2012,8986,PLiquida,0.3,80.0,0.0,0.0,0
2012,8986,PM10,32.3,197.3,0.1,0.0,0
2012,8986,RGlobal,139.47500000000002,432.725,0.0,0.0,0
2012,8986,SO2,50.3,303.7,2.0,0.0,0
2012,8986,TAire10,25.1,34.1,18.5,0.0,0
2012,8986,VViento,0.8,6.0,0.0,0.0,0
2012,8990,PM10,45.0,68.9,17.9,0.0,0
2012,8990,PST,71.0,143.9,26.1,0.0,0
2012,8994,PM10,16.5,29.9,7.0,0.0,0
2012,8995,PM10,45.7,119.2,12.1,3.0,0
2012,8995,PM2.5,25.4,123.0,1.0,0.0,0
2012,9002,DViento,139.47500000000002,359.9,1.2,0.0,0
2012,9002,HAire2,68.7,80.7,37.1,0.0,0
2012,9002,O3,42.0,121.2,5.8,169.0,0
2012,9002,PLiquida,2.7,5.2,1.2,0.0,0
2012,9002,PM10,51.3,66.8,32.7,0.0,0
2012,9002,PM2.5,26.3,45.4,17.4,0.0,0
2012,9002,RGlobal,139.47500000000002,432.725,6.0,0.0,0
2012,9002,TAire2,20.3,29.0,12.6,0.0,0
2012,9002,VViento,1.9,5.4,1.0,0.0,0
2012,9019,PM10,25.0,45.8,7.9,0.0,0
2012,9020,DViento,139.47500000000002,359.5,1.0,0.0,0
2012,9020,HAire2,68.4,92.4,10.0,0.0,0
2012,9020,P,139.47500000000002,432.725,37.1,0.0,0
2012,9020,PLiquida,0.3,24.0,0.0,0.0,0
2012,9020,PM10,41.7,267.0,1.0,0.0,0
2012,9020,PST,81.6,245.7,37.1,0.0,0
2012,9020,RGlobal,139.47500000000002,432.725,0.0,0.0,0
2012,9020,TAire,22.0,30.8,15.3,0.0,0
2012,9020,TAire2,21.5,30.3,9.2,0.0,0
2012,9020,VViento,2.0,6.0,0.0,0.0,0
2012,9021,CO,139.47500000000002,432.725,37.1,0.0,0
2012,9021,O3,48.1,111.1,7.8,71.0,0
2012,9021,PM10,60.7,176.0,4.0,0.0,0
2012,9021,PM2.5,27.1,35.0,18.5,0.0,0
2012,9021,PST,77.7,153.8,21.0,0.0,0
2012,9023,DViento,41.7,359.8,1.0,0.0,0
2012,9023,HAire10,67.3,99.3,22.2,0.0,0
2012,9023,HAire2,64.5,84.2,37.1,0.0,0
2012,9023,P,139.47500000000002,432.725,37.1,0.0,0
2012,9023,PLiquida,0.4,48.0,0.0,0.0,0
2012,9023,PM10,45.4,171.0,1.0,0.0,0
2012,9023,PM2.5,39.1,53.3,26.4,1.0,0
2012,9023,RGlobal,139.47500000000002,432.725,0.0,0.0,0
2012,9023,TAire,22.4,30.5,15.8,0.0,0
2012,9023,TAire10,22.4,32.2,15.8,0.0,0
2012,9023,TAire2,22.6,32.2,15.8,0.0,0
2012,9023,VViento,1.6,6.3,0.0,0.0,0
2012,9025,CO,139.47500000000002,432.725,37.1,0.0,0
2012,9025,PM10,50.1,248.5,5.5,0.0,0
2012,9026,PM10,32.6,139.0,7.3,1.0,0
2012,9026,PM2.5,18.8,31.4,5.2,0.0,0
2012,9026,PST,96.1,346.8,20.3,3.0,0
2012,9027,PLiquida,4.4,81.0,0.0,0.0,0
2012,9027,PM10,40.5,160.5,5.6,4.0,0
2012,9027,PST,80.3,432.725,20.5,2.0,0
2012,9038,PM10,66.8,88.0,33.1,0.0,0
2012,9039,PM10,63.4,74.0,37.1,0.0,0
2012,9041,PM10,37.6,89.9,12.3,0.0,0
2012,9042,DViento,139.47500000000002,270.0,37.1,0.0,0
2012,9042,HAire2,76.3,94.4,37.1,0.0,0
2012,9042,P,139.47500000000002,432.725,37.1,0.0,0
2012,9042,PLiquida,5.4,90.7,0.0,0.0,0
2012,9042,PM10,39.0,92.0,11.8,0.0,0
2012,9042,PM2.5,13.4,37.8,1.9,0.0,0
2012,9042,PST,78.0,324.6,19.2,1.0,0
2012,9042,RGlobal,139.47500000000002,358.0,37.1,0.0,0
2012,9042,TAire2,28.1,31.6,23.3,0.0,0
2012,9042,VViento,1.2,4.0,0.5,0.0,0
2012,9043,PM10,30.2,82.5,5.8,0.0,0
2012,9043,PST,50.2,268.3,10.7,0.0,0
2012,9044,PM10,38.3,83.1,10.8,0.0,0
2012,9044,PST,86.8,181.7,32.5,0.0,0
2012,9047,PM10,74.1,250.8,10.9,29.0,0
2012,9047,PM2.5,14.6,45.4,3.6,0.0,0
2012,9047,PST,139.47500000000002,432.725,29.2,14.0,0
2012,9048,PM10,61.5,132.9,19.6,9.0,0
2012,9048,PST,122.7,297.3,37.1,0.0,0
2012,9049,PM10,28.9,58.1,3.6,0.0,0
2012,9049,PM2.5,15.8,33.4,4.5,0.0,0
2012,9050,PM10,30.6,95.4,3.0,0.0,0
2012,9050,PST,61.6,283.4,16.4,0.0,0
2012,9051,PM10,49.7,121.7,7.5,4.0,0
2012,9051,PST,97.8,282.1,15.0,0.0,0
2012,9052,PM10,28.6,46.0,15.4,0.0,0
2012,9053,PLiquida,3.4,95.0,0.0,0.0,0
2012,9053,PM10,28.9,68.3,5.4,0.0,0
2012,9055,PM10,56.2,182.5,9.1,14.0,0
2012,9056,PM10,28.6,57.2,4.6,0.0,0
2012,9060,PM10,48.0,84.7,21.3,0.0,0
2012,9060,PM2.5,22.6,52.9,7.7,1.0,0
2012,9085,PM10,31.6,68.5,10.5,0.0,0
2012,9101,PM10,36.9,92.5,20.8,0.0,0
2012,9102,PM10,40.3,92.6,11.0,0.0,0
2012,9103,PM10,37.7,117.0,11.2,1.0,0
2012,9104,HAire,70.7,86.4,37.1,0.0,0
2012,9104,HAire2,67.0,100.0,20.6,0.0,0
2012,9104,PLiquida,0.3,43.2,0.0,0.0,0
2012,9104,TAire,21.5,31.1,14.7,0.0,0
2012,9104,TAire2,21.4,29.5,15.2,0.0,0
2012,9104,VViento,1.0,5.5,0.0,0.0,0
2012,9117,PM10,23.9,51.5,2.6,0.0,0
2012,9117,PM2.5,12.0,44.0,1.8,0.0,0
2012,9122,NO,22.3,176.0,0.1,0.0,0
2012,9122,NO2,28.5,71.2,6.1,0.0,0
2012,9122,O3,31.9,202.1,2.0,71.0,0
2012,9122,PM10,48.9,109.3,15.4,1.0,0
2012,9122,PM2.5,24.8,57.3,6.8,1.0,0
2012,9144,PM10,21.3,32.6,10.4,0.0,0
2012,9148,PM10,29.4,55.6,14.9,0.0,0
2012,9166,NO2,36.4,61.0,15.3,0.0,0
2012,9172,PM10,44.6,59.7,22.3,0.0,0
2012,9172,PST,60.7,93.2,32.9,0.0,0
2012,19566,NO2,34.6,57.6,13.6,0.0,0
2012,19566,PM10,45.7,65.1,22.5,0.0,0
2012,19661,PM10,38.5,115.6,9.0,4.0,0
2012,19661,PM2.5,12.4,20.0,6.2,0.0,0
2012,19662,PM10,50.8,116.0,21.3,2.0,0
2012,19664,PM10,21.9,46.5,4.9,0.0,0
2012,19665,PM10,36.0,60.0,21.0,0.0,0
2012,19666,PST,61.9,179.3,32.1,0.0,0
2012,20383,PM10,69.4,352.0,7.0,0.0,0
2012,20385,CO,139.47500000000002,432.725,37.1,0.0,0
2012,20385,NO,35.5,322.4,1.3,0.0,0
2012,20385,NO2,34.2,68.6,6.4,0.0,0
2012,20385,O3,18.7,53.7,4.0,0.0,0
2012,20385,P,139.47500000000002,432.725,37.1,0.0,0
2012,20385,PM10,55.2,95.5,26.9,0.0,0
2012,20385,SO2,9.8,23.5,1.7,0.0,0
2012,26173,PST,66.5,143.4,35.0,0.0,0
2012,26174,PST,65.1,161.0,29.0,0.0,0
2012,26175,PM10,26.5,82.4,12.7,0.0,0
2012,26176,PST,54.8,152.9,20.3,0.0,0
2012,26177,PM10,38.5,96.8,17.1,0.0,0
2012,26178,PM10,29.3,68.3,13.9,0.0,0
2012,26179,PST,56.9,165.1,24.6,0.0,0
2012,26180,PM10,28.9,79.6,11.4,0.0,0
2012,26181,PM10,31.9,86.5,14.2,0.0,0
2012,26181,PST,52.3,171.0,27.5,0.0,0
2012,26182,PM10,26.8,62.3,13.9,0.0,0
2012,26182,PST,51.7,173.8,26.4,0.0,0
2012,26183,PST,47.2,160.2,23.1,0.0,0
2012,26184,PM10,33.2,89.8,14.7,0.0,0
2012,26184,PST,51.7,196.0,28.2,0.0,0
2012,26207,PST,63.3,181.3,24.9,0.0,0
2012,28202,CO,139.47500000000002,432.725,37.1,0.0,0
2012,28202,DViento,92.0,360.0,0.0,0.0,0
2012,28202,HAire2,60.5,100.0,24.0,0.0,0
2012,28202,O3,23.1,122.9,0.0,1.0,0
2012,28202,PLiquida,0.1,29.5,0.0,0.0,0
2012,28202,PM10,35.5,125.0,3.3,0.0,0
2012,28202,RGlobal,105.3,432.725,0.0,0.0,0
2012,28202,SO2,4.0,23.5,1.3,0.0,0
2012,28202,TAire2,13.0,21.7,6.3,0.0,0
2012,28202,VViento,1.8,6.1,0.0,0.0,0
2012,28203,PM10,139.47500000000002,432.725,10.5,31.0,0
2012,28412,PM10,11.6,27.0,4.0,0.0,0
2012,28625,PM10,18.8,27.0,13.0,0.0,0
2012,29383,PM10,48.1,77.5,20.1,0.0,0
2012,29493,HAire2,65.2,81.8,37.1,0.0,0
2012,29493,NO,17.9,158.2,1.2,0.0,0
2012,29493,NO2,22.1,116.6,1.9,0.0,0
2012,29493,P,139.47500000000002,432.725,37.1,0.0,0
2012,29493,RGlobal,139.47500000000002,432.725,0.0,0.0,0
2012,29493,TAire2,21.8,30.4,15.6,0.0,0
2012,29501,HAire2,76.9,96.2,37.1,0.0,0
2012,29501,O3,28.1,89.5,2.0,7.0,0
2012,29501,PLiquida,0.1,17.5,0.0,0.0,0
2012,29501,RGlobal,139.47500000000002,432.725,0.0,0.0,0
2012,29501,TAire2,21.5,30.5,15.7,0.0,0
2012,29502,HAire2,67.7,96.2,22.6,0.0,0
2012,29502,NO,7.4,61.3,1.2,0.0,0
2012,29502,NO2,11.8,90.3,1.9,0.0,0
2012,29502,O3,28.5,98.3,2.8,4.0,0
2012,29502,P,139.47500000000002,432.725,37.1,0.0,0
2012,29502,PLiquida,0.2,22.1,0.0,0.0,0
2012,29502,PM10,33.6,92.0,9.0,0.0,0
2012,29502,RGlobal,139.47500000000002,432.725,0.0,0.0,0
2012,29502,TAire2,21.1,30.1,13.8,0.0,0
2012,29507,HAire2,68.8,92.0,28.3,0.0,0
2012,29507,NO,31.4,198.7,1.2,0.0,0
2012,29507,NO2,33.4,57.2,18.7,0.0,0
2012,29507,O3,33.2,204.0,2.0,43.0,0
2012,29507,P,139.47500000000002,432.725,37.1,0.0,0
2012,29507,PLiquida,0.2,23.8,0.0,0.0,0
2012,29507,PM2.5,24.3,76.0,1.0,0.0,0
2012,29507,RGlobal,139.47500000000002,432.725,0.0,0.0,0
2012,29507,TAire2,21.8,30.2,15.3,0.0,0
2012,29508,O3,36.1,221.7,2.0,44.0,0
2012,29509,HAire2,61.8,93.6,20.3,0.0,0
2012,29509,NO,42.1,209.7,1.2,0.0,0
2012,29509,NO2,35.6,240.7,1.9,3.0,0
2012,29509,PLiquida,0.2,24.2,0.0,0.0,0
2012,29509,PM2.5,36.5,48.5,28.9,0.0,0
2012,29509,RGlobal,139.47500000000002,432.725,0.0,0.0,0
2012,29509,TAire2,22.7,31.3,16.2,0.0,0
2012,29511,HAire2,68.5,92.0,24.9,0.0,0
2012,29511,O3,39.6,126.4,3.9,309.0,0
2012,29511,PLiquida,0.2,20.5,0.0,0.0,0
2012,29511,PM10,39.5,376.0,5.0,0.0,0
2012,29511,PM2.5,25.4,49.1,12.8,0.0,0
2012,29511,RGlobal,139.47500000000002,432.725,0.0,0.0,0
2012,29511,TAire2,19.7,28.3,13.3,0.0,0
2012,29529,O3,33.1,186.9,2.0,46.0,0
2012,29529,RGlobal,139.47500000000002,432.725,0.0,0.0,0
2012,29574,PM10,38.7,45.9,31.0,0.0,0
2012,29585,HAire2,76.7,95.7,31.6,0.0,0
2012,29585,O3,15.7,153.4,2.0,2.0,0
2012,29585,PLiquida,0.2,12.5,0.0,0.0,0
2012,29585,PM2.5,26.5,104.0,1.0,0.0,0
2012,29585,RGlobal,139.47500000000002,432.725,0.0,0.0,0
2012,29585,TAire2,18.9,27.9,13.9,0.0,0
2012,29586,NO2,38.6,55.0,20.7,0.0,0
2012,29586,PM10,48.5,64.8,27.9,0.0,0
2012,29596,HAire2,66.9,89.0,37.1,0.0,0
2012,29596,PM10,45.0,143.9,7.4,8.0,0
2012,29596,TAire2,25.5,31.7,19.1,0.0,0
2012,29596,VViento,0.9,4.2,0.0,0.0,0
2012,29600,HAire2,79.1,88.3,37.1,0.0,0
2012,29600,O3,37.9,141.6,2.0,7.0,0
2012,29600,P,139.47500000000002,432.725,37.1,0.0,0
2012,29600,PM2.5,17.3,86.0,1.0,0.0,0
2012,29600,RGlobal,139.47500000000002,432.725,0.0,0.0,0
2012,29600,TAire2,18.4,25.8,12.7,0.0,0
2012,29615,NO2,31.0,52.4,15.4,0.0,0
2012,29615,PM10,34.4,58.9,3.8,0.0,0
2012,29617,NO2,34.9,58.4,18.8,0.0,0
2012,29617,PM10,46.8,63.2,21.0,0.0,0
2012,29637,PM10,36.1,92.2,10.6,0.0,0
2012,29650,PM10,28.5,119.8,9.1,1.0,0
2012,29962,PM10,48.1,78.4,23.9,0.0,0
2012,30003,PM10,32.4,74.9,11.3,0.0,0
2012,30004,CO,139.47500000000002,432.725,11.4,0.0,0
2012,30004,DViento,139.47500000000002,359.6,0.0,0.0,0
2012,30004,HAire10,69.7,97.4,37.1,0.0,0
2012,30004,HAire2,65.5,99.3,22.5,0.0,0
2012,30004,PLiquida,0.2,70.6,0.0,0.0,0
2012,30004,PM10,32.4,217.0,1.0,0.0,0
2012,30004,RGlobal,139.47500000000002,432.725,0.0,0.0,0
2012,30004,TAire10,24.1,31.3,18.2,0.0,0
2012,30004,TAire2,24.9,34.7,18.4,0.0,0
2012,30004,VViento,1.4,6.4,0.0,0.0,0
2012,30018,PM10,41.8,432.725,5.9,1.0,0
2012,30044,PM10,30.4,313.0,1.1,0.0,0
2012,30423,PLiquida,1.5,11.2,0.0,0.0,0
2012,30423,PM10,14.2,16.3,12.1,0.0,0
2012,30423,VViento,0.6,0.8,0.4,0.0,0
2012,30430,PLiquida,8.1,35.2,0.0,0.0,0
2012,30430,PM2.5,16.8,67.0,9.0,1.0,0
2012,30430,VViento,0.6,0.8,0.4,0.0,0
2012,30431,PLiquida,0.6,8.6,0.0,0.0,0
2012,30431,PM10,55.9,89.8,37.1,0.0,0
2012,30431,VViento,0.2,0.5,0.0,0.0,0
2012,30432,PM10,17.4,23.2,12.5,0.0,0
2012,31823,PM10,67.0,116.3,17.0,8.0,0
2012,99999,HAire2,78.7,98.0,36.0,0.0,0
2012,99999,NO,44.3,301.7,1.2,0.0,0
2012,99999,NO2,32.9,156.1,1.9,0.0,0
2012,99999,O3,17.8,127.5,0.0,1.0,0
2012,99999,PLiquida,0.1,7.6,0.0,0.0,0
2012,99999,PM10,31.5,68.6,6.2,0.0,0
2012,99999,PM2.5,13.6,47.6,0.7,0.0,0
2012,99999,PST,66.0,114.4,32.0,0.0,0
2012,99999,RGlobal,139.47500000000002,432.725,0.0,0.0,0
2012,99999,TAire2,28.2,39.2,20.4,0.0,0
2012,99999,VViento,0.8,3.6,0.0,0.0,0
2013,8198,HAire2,73.4,99.0,36.0,0.0,0
2013,8198,PLiquida,0.1,260.4,0.0,0.0,0
2013,8198,TAire2,28.3,39.5,18.5,0.0,0
2013,8198,VViento,0.7,2.7,0.0,0.0,0
2013,8202,CO,139.47500000000002,432.725,37.1,0.0,0
2013,8202,DViento,139.47500000000002,359.0,0.0,0.0,0
2013,8202,HAire2,40.2,97.1,3.9,0.0,0
2013,8202,NO,9.4,95.8,1.3,0.0,0
2013,8202,NO2,22.0,78.6,2.1,0.0,0
2013,8202,O3,15.9,96.4,2.2,3.0,0
2013,8202,P,139.47500000000002,432.725,37.1,0.0,0
2013,8202,PLiquida,0.1,35.5,0.0,0.0,0
2013,8202,SO2,10.1,26.1,1.6,0.0,0
2013,8202,TAire2,21.1,28.6,16.2,0.0,0
2013,8202,VViento,1.4,4.6,0.0,0.0,0
2013,8204,CO,139.47500000000002,432.725,37.1,0.0,0
2013,8204,O3,35.8,129.5,2.2,4.0,0
2013,8204,PM10,38.1,85.6,1.2,0.0,0
2013,8204,TAire2,24.3,32.2,3.1,0.0,0
2013,8205,NO,9.7,349.4,1.3,0.0,0
2013,8205,NO2,22.8,38.0,10.2,0.0,0
2013,8205,O3,19.0,95.5,2.3,0.0,0
2013,8205,PM10,46.3,109.7,0.1,0.0,0
2013,8205,SO2,9.4,18.9,3.0,0.0,0
2013,8206,CO,139.47500000000002,432.725,37.1,0.0,0
2013,8206,DViento,139.47500000000002,358.9,11.7,0.0,0
2013,8206,NO,29.3,198.3,1.3,0.0,0
2013,8206,NO2,33.3,139.0,0.2,0.0,0
2013,8206,O3,34.2,127.3,2.2,2.0,0
2013,8206,P,139.47500000000002,432.725,37.1,0.0,0
2013,8206,PLiquida,0.1,31.6,0.0,0.0,0
2013,8206,PM10,24.6,46.6,0.1,0.0,0
2013,8206,SO2,6.6,9.2,3.7,0.0,0
2013,8206,TAire2,24.8,32.8,17.5,0.0,0
2013,8206,VViento,1.3,5.4,0.0,0.0,0
2013,8207,CO,139.47500000000002,432.725,37.1,0.0,0
2013,8207,DViento,139.47500000000002,360.0,0.0,0.0,0
2013,8207,O3,28.7,77.4,0.4,0.0,0
2013,8207,PLiquida,0.1,28.1,0.0,0.0,0
2013,8207,PM10,36.9,159.7,3.8,0.0,0
2013,8207,TAire2,14.8,23.5,5.9,0.0,0
2013,8207,VViento,1.6,8.0,0.0,0.0,0
2013,8208,CO,139.47500000000002,432.725,37.1,0.0,0
2013,8208,DViento,70.5,360.0,0.0,0.0,0
2013,8208,HAire2,62.9,85.0,19.0,0.0,0
2013,8208,NO,31.3,273.0,2.9,0.0,0
2013,8208,NO2,45.2,82.8,16.2,0.0,0
2013,8208,O3,27.2,138.2,0.0,4.0,0
2013,8208,P,139.47500000000002,432.725,37.1,0.0,0
2013,8208,PLiquida,0.1,28.9,0.0,0.0,0
2013,8208,PM10,33.4,85.8,7.2,0.0,0
2013,8208,SO2,3.7,43.0,0.6,0.0,0
2013,8208,TAire2,14.2,23.4,5.6,0.0,0
2013,8208,VViento,1.9,6.1,0.3,0.0,0
2013,8210,DViento,27.6,360.0,0.0,0.0,0
2013,8210,NO,10.9,153.8,0.0,0.0,0
2013,8210,NO2,25.3,93.8,1.7,0.0,0
2013,8210,O3,26.1,138.9,0.1,5.0,0
2013,8210,PLiquida,0.1,31.3,0.0,0.0,0
2013,8210,PM10,54.5,261.3,14.7,0.0,0
2013,8210,SO2,6.1,22.6,0.7,0.0,0
2013,8210,TAire2,14.3,25.8,3.1,0.0,0
2013,8210,VViento,2.0,6.7,0.3,0.0,0
2013,8211,DViento,57.3,360.0,0.0,0.0,0
2013,8211,HAire2,62.2,73.8,37.1,0.0,0
2013,8211,NO,31.8,321.4,0.4,0.0,0
2013,8211,NO2,26.2,102.7,3.5,0.0,0
2013,8211,O3,23.6,100.8,1.2,17.0,0
2013,8211,P,139.47500000000002,432.725,37.1,0.0,0
2013,8211,PLiquida,0.1,26.5,0.0,0.0,0
2013,8211,PM10,49.9,249.7,7.0,0.0,0
2013,8211,RGlobal,139.47500000000002,432.725,0.0,0.0,0
2013,8211,TAire2,14.6,25.5,2.9,0.0,0
2013,8211,VViento,1.0,4.9,0.2,0.0,0
2013,8212,CO,139.47500000000002,432.725,11.4,0.0,0
2013,8212,DViento,30.7,360.0,0.0,0.0,0
2013,8212,O3,22.9,144.5,0.5,2.0,0
2013,8212,P,139.47500000000002,432.725,37.1,0.0,0
2013,8212,PLiquida,1.1,18.7,0.0,0.0,0
2013,8212,PM10,46.4,88.4,16.0,0.0,0
2013,8212,SO2,5.5,203.6,0.2,0.0,0
2013,8212,TAire2,14.1,21.8,5.8,0.0,0
2013,8212,VViento,3.0,9.6,0.2,0.0,0
2013,8213,CO,139.47500000000002,432.725,11.4,0.0,0
2013,8213,DViento,139.47500000000002,360.0,0.0,0.0,0
2013,8213,HAire2,66.5,90.0,19.0,0.0,0
2013,8213,NO,20.9,231.7,0.0,0.0,0
2013,8213,NO2,16.2,76.8,0.3,0.0,0
2013,8213,O3,27.3,151.9,0.2,7.0,0
2013,8213,PLiquida,0.1,39.3,0.0,0.0,0
2013,8213,PM10,32.0,182.0,2.0,0.0,0
2013,8213,RGlobal,139.47500000000002,432.725,0.0,0.0,0
2013,8213,RUVb,0.6,5.3,0.0,0.0,0
2013,8213,SO2,4.4,31.8,0.1,0.0,0
2013,8213,TAire2,14.8,25.0,4.1,0.0,0
2013,8213,VViento,1.4,4.9,0.2,0.0,0
2013,8214,CO,139.47500000000002,432.725,11.4,0.0,0
2013,8214,DViento,139.47500000000002,360.0,0.0,0.0,0
2013,8214,HAire2,65.2,87.0,25.0,0.0,0
2013,8214,NO,28.5,307.8,0.0,0.0,0
2013,8214,NO2,33.4,140.3,6.3,0.0,0
2013,8214,P,139.47500000000002,432.725,37.1,0.0,0
2013,8214,PLiquida,0.1,16.3,0.0,0.0,0
2013,8214,PM10,71.2,281.8,11.8,0.0,0
2013,8214,PM2.5,28.3,54.7,7.5,4.0,0
2013,8214,RGlobal,139.47500000000002,432.725,0.0,0.0,0
2013,8214,SO2,9.0,27.5,3.1,0.0,0
2013,8214,TAire2,14.8,22.4,7.2,0.0,0
2013,8214,VViento,2.5,7.7,0.3,0.0,0
2013,8215,DViento,90.5,360.0,0.0,0.0,0
2013,8215,O3,21.7,96.6,1.8,0.0,0
2013,8215,PLiquida,0.1,31.5,0.0,0.0,0
2013,8215,PM10,44.7,241.5,8.2,0.0,0
2013,8215,VViento,1.8,8.2,0.1,0.0,0
2013,8216,CO,139.47500000000002,432.725,37.1,0.0,0
2013,8216,DViento,139.47500000000002,360.0,0.0,0.0,0
2013,8216,NO,36.6,394.6,0.2,0.0,0
2013,8216,NO2,40.1,156.0,0.9,0.0,0
2013,8216,O3,15.4,98.2,0.4,0.0,0
2013,8216,PLiquida,0.1,22.5,0.0,0.0,0
2013,8216,PM10,46.9,280.2,3.0,0.0,0
2013,8216,SO2,4.5,17.0,1.1,0.0,0
2013,8216,TAire2,13.7,21.2,6.9,0.0,0
2013,8216,VViento,2.1,8.1,0.0,0.0,0
2013,8218,CO,139.47500000000002,432.725,37.1,0.0,0
2013,8218,DViento,139.47500000000002,360.0,0.0,0.0,0
2013,8218,NO,83.6,390.2,0.4,0.0,0
2013,8218,NO2,54.2,74.2,25.1,0.0,0
2013,8218,O3,13.7,73.7,1.0,0.0,0
2013,8218,PLiquida,0.1,24.9,0.0,0.0,0
2013,8218,PM10,80.5,344.3,9.2,0.0,0
2013,8218,PST,104.7,432.725,13.0,0.0,0
2013,8218,SO2,14.9,173.2,1.6,0.0,0
2013,8218,TAire2,15.5,24.2,7.1,0.0,0
2013,8218,VViento,2.4,5.8,0.2,0.0,0
2013,8219,CO,139.47500000000002,432.725,37.1,0.0,0
2013,8219,DViento,139.47500000000002,360.0,0.0,0.0,0
2013,8219,HAire2,63.1,87.0,23.0,0.0,0
2013,8219,NO,23.1,300.2,0.1,0.0,0
2013,8219,NO2,30.0,157.5,3.5,0.0,0
2013,8219,O3,20.5,103.3,0.2,0.0,0
2013,8219,PLiquida,0.1,21.0,0.0,0.0,0
2013,8219,PM10,42.7,283.7,3.2,0.0,0
2013,8219,RGlobal,139.47500000000002,432.725,0.0,0.0,0
2013,8219,SO2,4.8,68.0,0.3,0.0,0
2013,8219,TAire2,13.0,24.1,2.5,0.0,0
2013,8219,VViento,1.1,4.5,0.2,0.0,0
2013,8222,PM10,22.0,26.5,18.0,0.0,0
2013,8222,PM2.5,12.1,18.8,7.5,0.0,0
2013,8223,PM10,32.3,48.4,22.6,0.0,0
2013,8223,PM2.5,6.1,9.6,3.8,0.0,0
2013,8224,PM10,50.9,77.9,30.6,0.0,0
2013,8224,PM2.5,21.8,26.2,20.0,0.0,0
2013,8225,PM10,59.6,79.2,32.6,0.0,0
2013,8226,PM10,40.8,50.2,35.5,0.0,0
2013,8226,PM2.5,12.7,17.1,7.5,0.0,0
2013,8227,PM10,133.4,330.6,37.1,2.0,0
2013,8227,PM2.5,19.2,31.7,10.4,0.0,0
2013,8234,PM10,38.4,64.6,16.3,0.0,0
2013,8239,PM10,22.7,35.8,11.1,0.0,0
2013,8241,PM10,15.8,27.2,7.8,0.0,0
2013,8246,PM10,36.3,92.8,2.2,0.0,0
2013,8246,PST,116.1,256.1,37.1,0.0,0
2013,8247,PM10,68.4,142.1,26.3,34.0,0
2013,8248,PM10,25.4,51.7,1.6,0.0,0
2013,8248,PST,41.1,100.3,15.2,0.0,0
2013,8249,NO2,10.3,10.9,9.8,0.0,0
2013,8249,PM10,37.8,39.9,35.8,0.0,0
2013,8249,PST,15.8,46.9,0.2,0.0,0
2013,8250,PM10,25.5,38.5,4.5,0.0,0
2013,8251,PM10,91.5,285.6,0.5,74.0,0
2013,8252,PM10,40.6,81.4,12.6,0.0,0
2013,8254,PM10,26.4,70.7,7.6,0.0,0
2013,8254,PST,29.2,90.4,1.8,0.0,0
2013,8258,DViento,139.47500000000002,360.0,0.0,0.0,0
2013,8258,HAire,72.4,89.2,37.1,0.0,0
2013,8258,PLiquida,0.2,23.4,0.0,0.0,0
2013,8258,PM10,27.1,41.2,16.6,0.0,0
2013,8258,TAire10,23.3,31.0,18.6,0.0,0
2013,8258,VViento,0.7,3.1,0.0,0.0,0
2013,8285,PM2.5,15.8,28.8,7.5,0.0,0
2013,8288,DViento,59.3,360.0,0.0,0.0,0
2013,8288,HAire2,70.0,91.5,19.3,0.0,0
2013,8288,O3,30.2,117.3,0.1,179.0,0
2013,8288,PLiquida,0.3,99.4,0.0,0.0,0
2013,8288,PM10,33.2,123.0,1.0,0.0,0
2013,8288,VViento,0.6,4.7,0.0,0.0,0
2013,8291,NO2,15.4,72.6,0.0,0.0,0
2013,8291,O3,41.8,137.0,2.1,853.0,0
2013,8291,PM2.5,14.2,72.6,0.6,0.0,0
2013,8300,PM10,43.1,114.7,16.3,1.0,0
2013,8776,PM10,81.9,222.0,5.5,0.0,0
2013,8776,PM2.5,24.9,86.5,5.5,0.0,0
2013,8804,PM2.5,6.6,11.2,4.2,0.0,0
2013,8805,PM10,24.8,85.0,2.9,0.0,0
2013,8970,HAire2,71.5,97.0,0.0,0.0,0
2013,8970,PLiquida,0.5,46.4,0.0,0.0,0
2013,8970,PM10,33.6,79.7,7.4,0.0,0
2013,8970,PST,81.3,161.1,29.8,0.0,0
2013,8970,TAire2,28.2,37.6,0.0,0.0,0
2013,8970,VViento,2.8,6.3,0.0,0.0,0
2013,8972,PM10,28.2,53.7,6.7,0.0,0
2013,8973,HAire2,72.9,98.0,0.0,0.0,0
2013,8973,PLiquida,0.1,153.7,0.0,0.0,0
2013,8973,PM10,36.6,84.0,13.3,0.0,0
2013,8973,TAire2,28.2,37.9,0.0,0.0,0
2013,8973,VViento,0.5,4.0,0.0,0.0,0
2013,8977,PM10,45.1,104.8,10.6,2.0,0
2013,8978,PM10,29.0,79.9,3.5,0.0,0
2013,8980,PM10,34.5,76.2,9.2,0.0,0
2013,8981,PM10,37.4,119.7,13.9,1.0,0
2013,8983,HAire2,74.5,98.0,36.0,0.0,0
2013,8983,PLiquida,0.8,23.0,0.0,0.0,0
2013,8983,PM10,28.7,77.9,5.2,0.0,0
2013,8983,PST,56.2,110.7,19.7,0.0,0
2013,8983,TAire2,27.9,37.2,19.7,0.0,0
2013,8983,VViento,2.8,7.6,0.0,0.0,0
2013,8984,PM10,28.9,69.0,5.6,0.0,0
2013,8986,DViento,113.6,360.0,0.0,0.0,0
2013,8986,HAire10,69.3,100.4,23.6,0.0,0
2013,8986,PLiquida,0.3,115.8,0.0,0.0,0
2013,8986,PM10,29.2,70.2,4.5,0.0,0
2013,8986,RGlobal,139.47500000000002,432.725,0.0,0.0,0
2013,8986,TAire10,25.1,33.9,18.6,0.0,0
2013,8986,VViento,0.9,5.3,0.0,0.0,0
2013,8990,PM10,45.1,74.0,24.2,0.0,0
2013,8990,PST,71.3,122.1,37.1,0.0,0
2013,8994,PM10,17.9,40.0,10.0,0.0,0
2013,9019,PM10,23.8,32.9,10.0,0.0,0
2013,9019,PM2.5,17.4,27.9,10.4,0.0,0
2013,9020,DViento,139.47500000000002,344.2,13.8,0.0,0
2013,9020,HAire10,69.6,90.5,23.7,0.0,0
2013,9020,HAire2,67.5,88.8,24.2,0.0,0
2013,9020,P,139.47500000000002,432.725,37.1,0.0,0
2013,9020,PLiquida,3.9,50.0,1.5,0.0,0
2013,9020,PM10,42.1,73.2,19.9,0.0,0
2013,9020,RGlobal,139.47500000000002,432.725,4.0,0.0,0
2013,9020,TAire,22.2,30.2,15.5,0.0,0
2013,9020,TAire10,22.0,30.9,15.0,0.0,0
2013,9020,VViento,2.3,6.1,1.0,0.0,0
2013,9021,PM10,59.6,432.725,2.0,0.0,0
2013,9021,PST,66.3,104.7,28.2,0.0,0
2013,9023,DViento,54.4,359.8,0.1,0.0,0
2013,9023,HAire10,66.5,94.4,22.4,0.0,0
2013,9023,HAire2,65.7,94.0,22.4,0.0,0
2013,9023,NO,40.7,224.7,0.2,0.0,0
2013,9023,NO2,45.2,78.3,25.7,0.0,0
2013,9023,P,139.47500000000002,432.725,37.1,0.0,0
2013,9023,PLiquida,0.2,19.6,0.0,0.0,0
2013,9023,PM10,50.8,250.0,1.0,0.0,0
2013,9023,PM2.5,42.0,51.0,33.0,0.0,0
2013,9023,RGlobal,139.47500000000002,432.725,1.0,0.0,0
2013,9023,TAire,22.6,32.1,16.4,0.0,0
2013,9023,TAire10,22.3,32.1,9.5,0.0,0
2013,9023,TAire2,22.6,32.1,16.4,0.0,0
2013,9023,VViento,2.0,6.4,1.0,0.0,0
2013,9025,PM10,55.3,85.2,27.0,0.0,0
2013,9026,PM10,36.1,172.7,8.7,3.0,0
2013,9026,PM2.5,27.2,102.8,4.9,5.0,0
2013,9026,PST,105.4,294.3,20.1,0.0,0
2013,9027,PLiquida,2.4,68.3,0.0,0.0,0
2013,9027,PM10,47.2,173.2,12.0,5.0,0
2013,9027,PST,75.2,334.4,19.4,1.0,0
2013,9038,PM10,72.1,100.1,20.9,0.0,0
2013,9039,PM10,57.6,95.0,31.0,0.0,0
2013,9041,PM10,33.8,82.2,8.2,0.0,0
2013,9042,DViento,139.47500000000002,247.5,37.1,0.0,0
2013,9042,HAire2,61.5,76.1,37.1,0.0,0
2013,9042,P,139.47500000000002,432.725,37.1,0.0,0
2013,9042,PLiquida,0.9,32.7,0.0,0.0,0
2013,9042,PM10,40.7,96.9,9.5,0.0,0
2013,9042,PM2.5,16.3,40.6,3.8,0.0,0
2013,9042,PST,86.6,330.8,25.3,1.0,0
2013,9042,TAire2,30.2,34.0,25.2,0.0,0
2013,9042,VViento,1.2,2.5,0.1,0.0,0
2013,9043,PM10,34.9,96.0,8.2,0.0,0
2013,9043,PST,51.5,220.2,9.8,0.0,0
2013,9044,PM10,34.5,98.6,8.9,0.0,0
2013,9044,PST,73.9,174.8,19.8,0.0,0
2013,9047,PM10,65.5,240.7,13.3,18.0,0
2013,9047,PM2.5,19.2,46.9,5.2,0.0,0
2013,9047,PST,114.5,432.725,23.2,14.0,0
2013,9048,PM10,57.3,117.5,11.6,4.0,0
2013,9048,PST,110.2,276.8,37.1,0.0,0
2013,9049,PM10,28.4,96.0,3.7,0.0,0
2013,9049,PM2.5,15.8,46.9,3.5,0.0,0
2013,9050,PM10,28.2,93.6,5.7,0.0,0
2013,9050,PST,66.1,280.9,14.4,0.0,0
2013,9051,PM10,48.1,204.4,9.5,7.0,0
2013,9051,PST,81.6,303.3,15.6,1.0,0
2013,9053,DViento,139.47500000000002,258.8,37.1,0.0,0
2013,9053,HAire2,79.8,93.3,37.1,0.0,0
2013,9053,P,139.47500000000002,432.725,37.1,0.0,0
2013,9053,PLiquida,2.8,54.1,0.0,0.0,0
2013,9053,PM10,29.8,61.5,3.6,0.0,0
2013,9053,RGlobal,139.47500000000002,305.3,18.0,0.0,0
2013,9053,TAire2,28.7,31.2,25.1,0.0,0
2013,9053,VViento,0.9,1.6,0.4,0.0,0
2013,9056,PM10,37.9,100.3,13.5,0.0,0
2013,9060,DViento,53.2,359.8,0.1,0.0,0
2013,9060,HAire10,66.7,94.4,22.5,0.0,0
2013,9060,NO,40.7,224.8,0.2,0.0,0
2013,9060,NO2,44.9,155.0,7.0,0.0,0
2013,9060,PLiquida,0.2,19.6,0.0,0.0,0
2013,9060,PM2.5,19.5,60.8,7.0,1.0,0
2013,9060,RGlobal,139.47500000000002,432.725,0.0,0.0,0
2013,9060,TAire10,22.2,31.7,16.0,0.0,0
2013,9060,VViento,0.6,6.4,0.0,0.0,0
2013,9085,PM10,29.1,54.3,10.1,0.0,0
2013,9101,PM10,34.1,62.1,9.6,0.0,0
2013,9102,PM10,37.7,87.5,16.2,0.0,0
2013,9103,PM10,31.3,59.3,10.4,0.0,0
2013,9104,DViento,139.47500000000002,354.6,0.3,0.0,0
2013,9104,HAire2,64.8,100.0,22.1,0.0,0
2013,9104,PLiquida,0.2,26.6,0.0,0.0,0
2013,9104,RGlobal,139.47500000000002,432.725,0.0,0.0,0
2013,9104,TAire,22.0,30.6,15.3,0.0,0
2013,9104,TAire2,22.0,30.6,15.3,0.0,0
2013,9104,VViento,1.1,8.4,0.0,0.0,0
2013,9105,O3,31.0,208.7,0.2,109.0,0
2013,9117,PM10,31.1,66.1,9.7,0.0,0
2013,9117,PM2.5,21.6,37.4,4.8,0.0,0
2013,9122,DViento,39.0,360.0,0.0,0.0,0
2013,9122,HAire10,62.1,99.7,14.2,0.0,0
2013,9122,PLiquida,0.2,94.7,0.0,0.0,0
2013,9122,PM10,48.6,158.0,5.0,0.0,0
2013,9122,PM2.5,25.6,43.5,11.7,0.0,0
2013,9122,RGlobal,139.47500000000002,432.725,0.7,0.0,0
2013,9122,TAire2,22.5,32.7,10.4,0.0,0
2013,9122,VViento,1.6,7.0,0.5,0.0,0
2013,9144,PM10,21.8,33.2,12.0,0.0,0
2013,9148,PM10,26.9,46.7,12.3,0.0,0
2013,9166,NO2,30.5,58.1,2.0,0.0,0
2013,9166,PM10,45.0,86.8,7.5,0.0,0
2013,9166,PST,70.8,139.7,36.0,0.0,0
2013,9172,PM10,26.5,47.5,9.5,0.0,0
2013,9172,PST,53.2,208.2,14.9,0.0,0
2013,19566,PM10,109.8,163.5,37.1,123.0,0
2013,19661,PM10,29.2,47.2,10.5,0.0,0
2013,19661,PM2.5,13.7,25.2,5.7,0.0,0
2013,19662,PM10,48.6,87.5,18.2,0.0,0
2013,19664,PM10,28.1,43.5,15.6,0.0,0
2013,19664,PST,28.5,56.8,15.2,0.0,0
2013,19666,PST,65.3,167.3,37.1,0.0,0
2013,20383,PM10,62.3,286.0,4.0,0.0,0
2013,20385,CO,139.47500000000002,432.725,37.1,0.0,0
2013,20385,NO,38.0,432.725,1.3,0.0,0
2013,20385,O3,19.4,73.4,2.2,0.0,0
2013,20385,PM10,51.9,78.4,29.4,0.0,0
2013,20385,SO2,7.5,10.2,4.4,0.0,0
2013,26173,PST,56.6,131.4,28.9,0.0,0
2013,26174,PST,62.0,178.7,33.5,0.0,0
2013,26175,PM10,32.7,72.6,18.5,0.0,0
2013,26176,PST,58.9,170.9,28.8,0.0,0
2013,26177,PM10,40.5,169.4,21.4,1.0,0
2013,26178,PM10,32.6,73.0,15.7,0.0,0
2013,26179,PST,55.3,135.3,34.7,0.0,0
2013,26180,PM10,37.0,82.6,16.0,0.0,0
2013,26181,PM10,40.3,99.2,17.9,0.0,0
2013,26181,PST,63.4,176.8,32.6,0.0,0
2013,26182,PM10,33.6,73.4,16.7,0.0,0
2013,26182,PST,62.8,157.8,33.1,0.0,0
2013,26183,PST,56.9,158.2,27.5,0.0,0
2013,26184,PM10,41.2,84.7,19.8,0.0,0
2013,26184,PST,60.9,129.1,30.2,0.0,0
2013,26207,PST,84.1,189.4,37.1,0.0,0
2013,26288,PM10,23.5,38.3,11.3,0.0,0
2013,26288,PST,43.4,51.4,35.5,0.0,0
2013,28202,CO,139.47500000000002,432.725,22.9,0.0,0
2013,28202,DViento,93.3,360.0,0.0,0.0,0
2013,28202,HAire2,59.4,80.0,23.0,0.0,0
2013,28202,O3,25.2,118.3,0.5,0.0,0
2013,28202,PLiquida,0.1,23.0,0.0,0.0,0
2013,28202,PM10,34.2,88.2,8.3,0.0,0
2013,28202,RGlobal,139.47500000000002,432.725,0.0,0.0,0
2013,28202,SO2,1.8,5.9,0.4,0.0,0
2013,28202,TAire2,13.1,21.7,5.8,0.0,0
2013,28202,VViento,2.2,7.3,0.3,0.0,0
2013,28203,PM10,60.9,432.725,10.0,0.0,0
2013,28625,PM10,30.2,71.3,7.5,0.0,0
2013,29383,PM10,45.2,78.6,27.2,0.0,0
2013,29384,PM10,22.3,46.6,11.3,0.0,0
2013,29493,DViento,139.47500000000002,360.0,1.0,0.0,0
2013,29493,HAire10,67.0,93.7,21.3,0.0,0
2013,29493,HAire2,64.6,91.4,21.3,0.0,0
2013,29493,NO,15.9,239.0,0.0,0.0,0
2013,29493,NO2,22.2,133.3,0.0,0.0,0
2013,29493,P,139.47500000000002,432.725,37.1,0.0,0
2013,29493,PM2.5,26.0,51.2,12.2,1.0,0
2013,29493,RGlobal,139.47500000000002,432.725,10.0,0.0,0
2013,29493,TAire10,21.9,30.7,15.7,0.0,0
2013,29493,TAire2,22.4,30.4,15.7,0.0,0
2013,29493,VViento,3.1,10.7,1.0,0.0,0
2013,29501,DViento,40.9,357.2,1.4,0.0,0
2013,29501,HAire10,76.2,96.6,27.2,0.0,0
2013,29501,HAire2,72.4,95.5,24.9,0.0,0
2013,29501,O3,31.2,188.8,0.2,10.0,0
2013,29501,PLiquida,0.1,12.0,0.0,0.0,0
2013,29501,RGlobal,139.47500000000002,432.725,0.0,0.0,0
2013,29501,TAire2,22.3,30.4,14.3,0.0,0
2013,29501,VViento,1.7,7.2,0.0,0.0,0
2013,29502,DViento,122.2,266.2,37.1,0.0,0
2013,29502,HAire10,69.7,94.9,21.9,0.0,0
2013,29502,HAire2,67.7,94.3,21.9,0.0,0
2013,29502,NO,6.1,116.9,0.0,0.0,0
2013,29502,NO2,16.8,132.1,0.0,0.0,0
2013,29502,O3,32.2,231.1,0.1,51.0,0
2013,29502,P,139.47500000000002,432.725,37.1,0.0,0
2013,29502,PLiquida,0.1,11.9,0.0,0.0,0
2013,29502,PM10,36.2,140.0,6.0,0.0,0
2013,29502,RGlobal,139.47500000000002,432.725,12.0,0.0,0
2013,29502,TAire10,21.2,30.6,13.9,0.0,0
2013,29502,TAire2,21.5,29.5,14.2,0.0,0
2013,29502,VViento,3.3,10.0,1.0,0.0,0
2013,29507,DViento,4.8,359.7,0.2,0.0,0
2013,29507,HAire10,68.7,96.8,22.1,0.0,0
2013,29507,HAire2,64.7,96.4,22.1,0.0,0
2013,29507,NO,29.5,225.8,0.0,0.0,0
2013,29507,NO2,33.9,62.5,7.9,0.0,0
2013,29507,O3,25.8,209.9,0.0,27.0,0
2013,29507,P,139.47500000000002,432.725,37.1,0.0,0
2013,29507,PLiquida,3.8,36.6,1.1,0.0,0
2013,29507,PM2.5,27.7,78.0,2.0,0.0,0
2013,29507,RGlobal,139.47500000000002,432.725,10.0,0.0,0
2013,29507,TAire10,22.2,32.0,14.8,0.0,0
2013,29507,TAire2,22.5,31.4,15.0,0.0,0
2013,29507,VViento,3.5,11.8,1.0,0.0,0
2013,29508,O3,29.5,205.7,0.1,105.0,0
2013,29508,PM10,33.1,100.5,15.3,0.0,0
2013,29509,CO,139.47500000000002,432.725,37.1,0.0,0
2013,29509,DViento,5.8,359.8,1.1,0.0,0
2013,29509,HAire10,63.7,91.4,22.2,0.0,0
2013,29509,HAire2,62.8,90.2,21.2,0.0,0
2013,29509,NO,38.5,247.5,0.0,0.0,0
2013,29509,NO2,34.8,174.5,0.0,0.0,0
2013,29509,P,139.47500000000002,432.725,37.1,0.0,0
2013,29509,PLiquida,0.1,13.5,0.0,0.0,0
2013,29509,PM2.5,40.5,54.6,29.0,7.0,0
2013,29509,RGlobal,138.5,432.725,0.0,0.0,0
2013,29509,TAire10,22.6,32.2,16.1,0.0,0
2013,29509,TAire2,22.8,31.5,17.2,0.0,0
2013,29509,VViento,2.7,6.6,1.0,0.0,0
2013,29511,CO,139.47500000000002,432.725,37.1,0.0,0
2013,29511,DViento,139.47500000000002,358.7,3.1,0.0,0
2013,29511,HAire10,71.1,91.9,25.4,0.0,0
2013,29511,HAire2,68.8,91.1,25.4,0.0,0
2013,29511,O3,38.1,143.0,0.3,620.0,0
2013,29511,P,139.47500000000002,432.725,37.1,0.0,0
2013,29511,PLiquida,1.8,432.725,0.0,0.0,0
2013,29511,PM10,50.6,163.0,9.0,0.0,0
2013,29511,PM2.5,25.6,121.0,1.0,0.0,0
2013,29511,RGlobal,139.47500000000002,432.725,3.0,0.0,0
2013,29511,TAire10,19.8,28.8,13.3,0.0,0
2013,29511,TAire2,20.1,28.8,13.3,0.0,0
2013,29511,VViento,1.8,8.7,1.0,0.0,0
2013,29529,DViento,139.47500000000002,357.7,1.0,0.0,0
2013,29529,HAire10,68.2,93.5,22.6,0.0,0
2013,29529,O3,40.8,145.6,1.1,134.0,0
2013,29529,RGlobal,139.47500000000002,432.725,0.0,0.0,0
2013,29529,TAire10,21.7,31.3,14.8,0.0,0
2013,29529,VViento,2.9,10.5,0.9,0.0,0
2013,29574,PM10,38.8,104.5,5.9,1.0,0
2013,29585,DViento,139.47500000000002,356.4,5.3,0.0,0
2013,29585,HAire10,76.1,90.4,37.1,0.0,0
2013,29585,HAire2,73.0,92.3,37.1,0.0,0
2013,29585,O3,36.2,241.8,0.3,277.0,0
2013,29585,PLiquida,0.1,13.5,0.0,0.0,0
2013,29585,PM2.5,23.6,432.725,1.0,0.0,0
2013,29585,RGlobal,132.5,432.725,0.0,0.0,0
2013,29585,TAire10,19.1,28.4,13.2,0.0,0
2013,29585,TAire2,19.6,27.9,13.4,0.0,0
2013,29585,VViento,1.4,1.8,1.0,0.0,0
2013,29586,NO2,5.9,12.0,0.2,0.0,0
2013,29586,PM10,53.9,95.8,7.3,0.0,0
2013,29596,HAire2,76.2,100.0,30.5,0.0,0
2013,29596,PLiquida,0.8,18.9,0.0,0.0,0
2013,29596,PM10,32.2,47.9,14.1,0.0,0
2013,29596,TAire2,27.4,36.5,19.8,0.0,0
2013,29596,VViento,2.0,7.8,0.0,0.0,0
2013,29600,DViento,139.47500000000002,359.2,0.2,0.0,0
2013,29600,HAire10,77.6,94.8,27.8,0.0,0
2013,29600,HAire2,76.2,94.8,36.1,0.0,0
2013,29600,O3,36.1,176.2,0.0,132.0,0
2013,29600,P,139.47500000000002,432.725,37.1,0.0,0
2013,29600,PM2.5,24.1,107.0,1.0,0.0,0
2013,29600,RGlobal,139.47500000000002,432.725,10.0,0.0,0
2013,29600,TAire10,18.5,28.2,11.5,0.0,0
2013,29600,TAire2,18.9,26.9,12.4,0.0,0
2013,29600,VViento,2.9,8.5,1.0,0.0,0
2013,29615,NO2,53.4,108.9,16.9,0.0,0
2013,29617,NO2,12.0,29.5,0.2,0.0,0
2013,29617,PM10,64.9,127.1,26.6,11.0,0
2013,29637,PM10,26.9,47.5,4.6,0.0,0
2013,29650,PM10,23.4,49.1,6.2,0.0,0
2013,29962,PM10,46.7,66.0,25.8,0.0,0
2013,30003,PM10,44.4,109.9,15.4,1.0,0
2013,30004,DViento,138.5,359.9,0.0,0.0,0
2013,30004,HAire2,68.6,100.0,27.1,0.0,0
2013,30004,PLiquida,0.3,115.8,0.0,0.0,0
2013,30004,RGlobal,139.47500000000002,432.725,0.0,0.0,0
2013,30004,TAire2,24.9,33.9,17.9,0.0,0
2013,30004,VViento,1.0,6.5,0.0,0.0,0
2013,30018,PM10,28.7,167.0,1.3,1.0,0
2013,30039,PM10,21.0,33.7,8.6,0.0,0
2013,30090,PM10,21.3,76.8,5.2,0.0,0
2013,30433,PLiquida,7.1,41.1,0.0,0.0,0
2013,30433,PM10,32.4,46.9,6.8,0.0,0
2013,30433,VViento,0.6,1.0,0.4,0.0,0
2013,30434,PLiquida,8.7,52.3,0.0,0.0,0
2013,30434,PM10,22.9,36.7,13.3,0.0,0
2013,30434,VViento,0.5,1.1,0.0,0.0,0
2013,30435,PLiquida,3.4,26.7,0.0,0.0,0
2013,30435,PM10,19.0,28.5,9.5,0.0,0
2013,30435,VViento,0.6,1.2,0.2,0.0,0
2013,30436,PLiquida,8.6,36.6,0.0,0.0,0
2013,30436,PM10,50.0,76.4,33.3,0.0,0
2013,30436,VViento,0.7,1.0,0.3,0.0,0
2013,30438,PLiquida,4.7,33.3,0.0,0.0,0
2013,30438,PM10,25.6,48.0,13.5,0.0,0
2013,30438,VViento,0.6,1.2,0.2,0.0,0
2013,30439,PLiquida,8.6,42.2,0.0,0.0,0
2013,30439,PM10,17.1,27.7,11.8,0.0,0
2013,30439,VViento,1.0,1.9,0.0,0.0,0
2013,30440,PLiquida,14.7,70.4,0.0,0.0,0
2013,30440,PM10,19.5,75.0,8.4,0.0,0
2013,30440,VViento,0.8,1.5,0.5,0.0,0
2013,30441,PM2.5,23.6,29.0,19.0,0.0,0
2013,30441,VViento,1.0,1.5,0.7,0.0,0
2013,30442,PLiquida,6.4,59.2,0.0,0.0,0
2013,30442,PM10,12.9,18.8,9.3,0.0,0
2013,30442,VViento,0.4,1.6,0.0,0.0,0
2013,30472,PM10,46.2,116.3,17.1,1.0,0
2013,31823,PM10,39.4,86.0,6.9,0.0,0
2013,99999,HAire2,76.1,97.0,33.0,0.0,0
2013,99999,NO,32.8,412.2,0.4,0.0,0
2013,99999,NO2,35.1,68.3,12.4,0.0,0
2013,99999,PLiquida,0.1,11.9,0.0,0.0,0
2013,99999,PM10,26.5,43.7,15.0,0.0,0
2013,99999,PM2.5,17.8,31.2,8.6,0.0,0
2013,99999,PST,78.5,166.9,36.3,0.0,0
2013,99999,TAire,21.5,30.1,16.0,0.0,0
2013,99999,TAire2,28.8,40.2,21.2,0.0,0
2013,99999,VViento,0.9,3.1,0.0,0.0,0
2014,8198,HAire2,71.8,74.0,37.1,0.0,0
2014,8198,TAire2,27.3,35.5,21.8,0.0,0
2014,8198,VViento,1.0,2.2,0.0,0.0,0
2014,8202,CO,139.47500000000002,432.725,37.1,0.0,0
2014,8202,DViento,139.47500000000002,359.0,0.0,0.0,0
2014,8202,HAire2,20.1,93.3,2.8,0.0,0
2014,8202,NO,6.3,54.0,1.3,0.0,0
2014,8202,NO2,13.8,51.7,2.1,0.0,0
2014,8202,P,139.47500000000002,432.725,37.1,0.0,0
2014,8202,PM10,42.9,108.9,1.9,0.0,0
2014,8202,TAire2,21.4,28.4,16.5,0.0,0
2014,8202,VViento,1.4,4.7,0.0,0.0,0
2014,8204,CO,139.47500000000002,432.725,37.1,0.0,0
2014,8204,PM10,56.4,83.1,12.4,0.0,0
2014,8205,PM10,11.6,22.9,0.1,0.0,0
2014,8206,PLiquida,0.6,95.5,0.0,0.0,0
2014,8206,TAire2,25.7,41.5,19.8,0.0,0
2014,8206,VViento,1.0,5.6,0.0,0.0,0
2014,8207,CO,139.47500000000002,432.725,37.1,0.0,0
2014,8207,DViento,139.47500000000002,359.0,0.0,0.0,0
2014,8207,O3,31.1,179.1,0.0,16.0,0
2014,8207,PLiquida,0.1,32.9,0.0,0.0,0
2014,8207,PM10,37.1,194.3,2.7,0.0,0
2014,8207,PM2.5,13.3,46.4,3.0,0.0,0
2014,8207,VViento,1.4,6.6,0.0,0.0,0
2014,8208,CO,139.47500000000002,432.725,13.4,0.0,0
2014,8208,DViento,75.5,359.0,0.0,0.0,0
2014,8208,HAire2,62.3,86.0,22.0,0.0,0
2014,8208,NO,28.0,292.3,0.0,0.0,0
2014,8208,NO2,45.0,155.9,1.4,0.0,0
2014,8208,O3,24.7,168.3,0.0,7.0,0
2014,8208,P,139.47500000000002,432.725,37.1,0.0,0
2014,8208,PLiquida,0.1,34.4,0.0,0.0,0
2014,8208,PM10,32.0,100.9,6.3,1.0,0
2014,8208,PM2.5,18.7,143.4,0.9,0.0,0
2014,8208,SO2,3.4,13.4,0.7,0.0,0
2014,8208,TAire2,14.1,23.0,6.4,0.0,0
2014,8208,VViento,1.8,5.4,0.2,0.0,0
2014,8210,DViento,30.7,359.0,0.0,0.0,0
2014,8210,NO,9.0,140.9,0.0,0.0,0
2014,8210,NO2,26.3,112.9,0.2,0.0,0
2014,8210,O3,22.3,119.9,0.1,0.0,0
2014,8210,PLiquida,0.1,17.8,0.0,0.0,0
2014,8210,PM10,50.7,349.8,8.3,0.0,0
2014,8210,PM2.5,21.3,54.6,7.1,2.0,0
2014,8210,SO2,7.4,135.0,0.1,0.0,0
2014,8210,TAire2,14.2,25.5,4.7,0.0,0
2014,8210,VViento,1.8,6.6,0.3,0.0,0
2014,8211,DViento,58.7,359.0,0.0,0.0,0
2014,8211,HAire2,65.4,87.0,20.0,0.0,0
2014,8211,NO,29.9,432.725,0.0,0.0,0
2014,8211,NO2,23.4,106.2,1.6,0.0,0
2014,8211,O3,23.4,159.0,0.0,13.0,0
2014,8211,P,139.47500000000002,432.725,37.1,0.0,0
2014,8211,PLiquida,0.1,26.5,0.0,0.0,0
2014,8211,PM10,30.1,132.6,7.7,1.0,0
2014,8211,PM2.5,18.1,36.8,5.0,0.0,0
2014,8211,RGlobal,139.47500000000002,432.725,0.0,0.0,0
2014,8211,TAire2,14.5,24.6,3.2,0.0,0
2014,8211,VViento,1.0,4.5,0.2,0.0,0
2014,8212,CO,139.47500000000002,432.725,27.2,0.0,0
2014,8212,DViento,18.3,360.0,0.1,0.0,0
2014,8212,O3,24.3,164.5,0.3,16.0,0
2014,8212,P,139.47500000000002,432.725,37.1,0.0,0
2014,8212,PM10,60.2,366.3,7.2,0.0,0
2014,8212,SO2,5.2,17.7,1.1,0.0,0
2014,8212,TAire2,14.3,21.9,7.1,0.0,0
2014,8212,VViento,2.9,8.2,0.2,0.0,0
2014,8213,CO,139.47500000000002,432.725,22.9,0.0,0
2014,8213,DViento,139.47500000000002,359.0,0.0,0.0,0
2014,8213,HAire2,66.8,91.0,18.0,0.0,0
2014,8213,NO,41.4,315.2,0.0,0.0,0
2014,8213,NO2,34.2,123.6,1.1,0.0,0
2014,8213,O3,22.7,156.6,0.0,16.0,0
2014,8213,PLiquida,0.1,35.4,0.0,0.0,0
2014,8213,PM10,39.4,271.2,2.0,0.0,0
2014,8213,PM2.5,20.6,51.4,5.7,1.0,0
2014,8213,RGlobal,139.47500000000002,432.725,0.0,0.0,0
2014,8213,RUVb,0.6,5.6,0.0,0.0,0
2014,8213,SO2,4.5,11.7,0.6,0.0,0
2014,8213,TAire2,14.8,24.6,4.2,0.0,0
2014,8213,VViento,1.4,4.7,0.1,0.0,0
2014,8214,CO,139.47500000000002,432.725,37.1,0.0,0
2014,8214,DViento,139.47500000000002,359.0,0.0,0.0,0
2014,8214,HAire2,64.0,84.0,25.0,0.0,0
2014,8214,NO,37.1,404.8,0.0,0.0,0
2014,8214,NO2,34.5,101.9,7.4,0.0,0
2014,8214,P,139.47500000000002,432.725,37.1,0.0,0
2014,8214,PLiquida,0.1,34.3,0.0,0.0,0
2014,8214,PM10,71.3,285.0,11.0,0.0,0
2014,8214,PM2.5,31.5,159.0,2.0,0.0,0
2014,8214,RGlobal,139.47500000000002,432.725,0.0,0.0,0
2014,8214,SO2,7.5,258.0,0.2,0.0,0
2014,8214,TAire2,14.9,22.5,7.3,0.0,0
2014,8214,VViento,2.5,8.2,0.2,0.0,0
2014,8215,DViento,110.7,359.0,0.0,0.0,0
2014,8215,O3,20.1,123.1,0.8,1.0,0
2014,8215,PLiquida,0.1,28.0,0.0,0.0,0
2014,8215,PM10,42.9,119.9,16.7,2.0,0
2014,8215,PM2.5,16.3,166.5,0.2,0.0,0
2014,8215,VViento,1.7,9.2,0.1,0.0,0
2014,8216,CO,139.47500000000002,432.725,32.4,0.0,0
2014,8216,DViento,139.47500000000002,359.0,0.0,0.0,0
2014,8216,NO,33.9,408.1,0.3,0.0,0
2014,8216,NO2,38.8,94.4,13.9,0.0,0
2014,8216,O3,14.8,126.2,0.1,2.0,0
2014,8216,PLiquida,0.1,22.5,0.0,0.0,0
2014,8216,PM10,61.4,195.7,18.9,23.0,0
2014,8216,SO2,4.2,12.4,0.7,0.0,0
2014,8216,TAire2,14.0,22.3,7.0,0.0,0
2014,8216,VViento,2.0,7.9,0.0,0.0,0
2014,8218,CO,139.47500000000002,432.725,37.1,0.0,0
2014,8218,DViento,139.47500000000002,359.0,0.0,0.0,0
2014,8218,NO,89.7,424.0,0.4,0.0,0
2014,8218,NO2,50.5,84.1,32.1,0.0,0
2014,8218,O3,13.8,105.6,0.0,0.0,0
2014,8218,PLiquida,0.1,34.8,0.0,0.0,0
2014,8218,PM10,90.7,239.8,30.8,118.0,0
2014,8218,PM2.5,32.6,152.3,1.2,0.0,0
2014,8218,PST,119.5,432.725,15.0,0.0,0
2014,8218,SO2,12.0,27.0,3.8,0.0,0
2014,8218,TAire2,15.5,23.9,8.5,0.0,0
2014,8218,VViento,2.3,6.3,0.2,0.0,0
2014,8219,CO,139.47500000000002,432.725,24.8,0.0,0
2014,8219,DViento,139.47500000000002,360.0,0.0,0.0,0
2014,8219,HAire2,63.0,88.3,19.9,0.0,0
2014,8219,NO,22.7,329.8,0.0,0.0,0
2014,8219,NO2,33.5,73.1,5.9,0.0,0
2014,8219,O3,18.0,128.4,0.4,1.0,0
2014,8219,PLiquida,0.1,15.0,0.0,0.0,0
2014,8219,PM10,52.4,321.7,4.5,0.0,0
2014,8219,PM2.5,22.9,62.4,7.5,9.0,0
2014,8219,RGlobal,139.47500000000002,432.725,0.0,0.0,0
2014,8219,SO2,2.9,9.0,0.5,0.0,0
2014,8219,TAire2,13.1,23.3,3.3,0.0,0
2014,8219,VViento,1.0,4.6,0.2,0.0,0
2014,8222,O3,33.9,88.5,3.6,4.0,0
2014,8222,PM10,27.9,64.0,7.0,0.0,0
2014,8223,O3,40.5,93.4,6.6,11.0,0
2014,8223,PM10,44.8,49.4,37.1,0.0,0
2014,8224,O3,45.4,128.6,2.3,34.0,0
2014,8224,PM10,56.4,196.0,16.0,0.0,0
2014,8234,PM10,30.5,57.7,9.1,0.0,0
2014,8239,PM10,23.2,33.9,15.0,0.0,0
2014,8241,PM10,17.1,31.2,6.8,0.0,0
2014,8245,NO2,18.8,43.2,1.9,0.0,0
2014,8245,PM10,48.0,230.5,6.3,4.0,0
2014,8246,NO2,3.4,6.8,0.2,0.0,0
2014,8246,PM10,56.0,145.1,18.4,11.0,0
2014,8246,PST,74.4,156.8,14.7,0.0,0
2014,8247,PM10,68.9,139.1,17.7,24.0,0
2014,8248,NO2,4.8,9.0,0.1,0.0,0
2014,8248,PM10,28.3,48.5,4.4,0.0,0
2014,8248,PST,35.8,72.7,11.1,0.0,0
2014,8249,NO2,10.3,10.8,9.6,0.0,0
2014,8249,PM10,38.5,40.3,36.9,0.0,0
2014,8251,NO2,13.6,14.3,13.0,0.0,0
2014,8251,PM10,76.0,79.2,37.1,0.0,0
2014,8252,PM10,39.3,81.3,15.5,0.0,0
2014,8254,PM10,52.0,111.8,8.8,1.0,0
2014,8254,PST,28.8,48.6,18.6,0.0,0
2014,8258,DViento,139.47500000000002,360.0,0.0,0.0,0
2014,8258,PM10,25.9,61.9,12.9,0.0,0
2014,8258,VViento,0.7,2.7,0.0,0.0,0
2014,8285,O3,33.4,191.3,0.2,179.0,0
2014,8285,PM2.5,18.7,257.0,1.0,0.0,0
2014,8285,SO2,4.8,15.4,0.8,0.0,0
2014,8288,DViento,35.1,360.0,0.0,0.0,0
2014,8288,HAire,62.0,74.0,37.1,0.0,0
2014,8288,HAire2,70.2,91.0,21.9,0.0,0
2014,8288,O3,45.3,144.5,0.0,799.0,0
2014,8288,PLiquida,0.2,47.3,0.0,0.0,0
2014,8288,PM10,31.5,69.0,6.5,0.0,0
2014,8288,VViento,0.7,6.2,0.0,0.0,0
2014,8291,NO2,13.0,102.1,0.0,0.0,0
2014,8291,O3,41.9,246.1,0.0,501.0,0
2014,8291,PM2.5,15.5,432.725,1.0,0.0,0
2014,8300,PM10,41.7,409.0,1.0,0.0,0
2014,8775,NO2,9.5,25.4,2.7,0.0,0
2014,8776,PM10,63.3,117.0,19.9,0.0,0
2014,8776,PM2.5,25.6,44.6,12.4,0.0,0
2014,8777,CO,139.47500000000002,432.725,37.1,0.0,0
2014,8777,NO2,12.9,17.4,6.9,0.0,0
2014,8777,O3,40.4,186.6,2.6,43.0,0
2014,8804,PM2.5,8.6,25.0,1.2,0.0,0
2014,8805,PM10,17.7,59.2,2.1,0.0,0
2014,8905,PM10,17.8,29.6,1.7,0.0,0
2014,8970,HAire2,70.9,92.2,37.1,0.0,0
2014,8970,PLiquida,1.1,46.0,0.0,0.0,0
2014,8970,PM10,38.6,105.5,12.7,1.0,0
2014,8970,PST,93.9,186.9,22.4,0.0,0
2014,8970,TAire2,28.7,39.2,0.0,0.0,0
2014,8970,VViento,2.8,6.3,0.0,0.0,0
2014,8973,HAire2,71.2,98.0,35.0,0.0,0
2014,8973,PLiquida,0.1,43.4,0.0,0.0,0
2014,8973,PM10,44.6,97.9,17.7,0.0,0
2014,8973,TAire2,28.7,38.9,0.0,0.0,0
2014,8973,VViento,0.4,3.1,0.0,0.0,0
2014,8977,PM10,50.0,106.7,11.7,1.0,0
2014,8978,PM10,36.5,88.0,10.8,0.0,0
2014,8980,PM10,41.1,122.5,12.5,1.0,0
2014,8981,PM10,47.4,91.3,19.2,0.0,0
2014,8983,HAire2,74.6,98.0,0.0,0.0,0
2014,8983,PLiquida,0.1,26.4,0.0,0.0,0
2014,8983,PM10,32.0,78.3,14.4,0.0,0
2014,8983,PST,62.7,205.5,26.3,0.0,0
2014,8983,TAire2,28.3,37.5,0.0,0.0,0
2014,8983,VViento,2.9,8.0,0.0,0.0,0
2014,8984,PM10,38.9,88.5,10.2,0.0,0
2014,8986,DViento,97.3,359.9,0.0,0.0,0
2014,8986,HAire10,69.2,100.0,23.4,0.0,0
2014,8986,PLiquida,0.3,55.9,0.0,0.0,0
2014,8986,PM10,49.1,211.0,2.0,0.0,0
2014,8986,RGlobal,139.47500000000002,432.725,0.0,0.0,0
2014,8986,TAire10,25.1,34.8,18.6,0.0,0
2014,8986,VViento,0.9,5.3,0.0,0.0,0
2014,8990,PM10,37.1,66.5,12.6,0.0,0
2014,8990,PST,65.6,101.5,37.1,0.0,0
2014,9019,PM10,30.3,57.7,17.5,0.0,0
2014,9020,DViento,77.3,359.8,1.3,0.0,0
2014,9020,HAire10,68.6,90.2,16.1,0.0,0
2014,9020,P,139.47500000000002,432.725,37.1,0.0,0
2014,9020,PLiquida,4.0,37.5,1.5,0.0,0
2014,9020,PM10,45.6,211.0,2.0,0.0,0
2014,9020,RGlobal,139.47500000000002,432.725,4.0,0.0,0
2014,9020,TAire10,22.1,31.0,15.0,0.0,0
2014,9020,VViento,2.3,5.5,1.0,0.0,0
2014,9021,PST,74.5,148.5,35.3,0.0,0
2014,9023,DViento,30.4,359.9,1.0,0.0,0
2014,9023,NO,44.0,362.8,0.0,0.0,0
2014,9023,NO2,48.9,78.5,23.5,0.0,0
2014,9023,P,139.47500000000002,432.725,37.1,0.0,0
2014,9023,PLiquida,0.2,29.0,0.0,0.0,0
2014,9023,PM10,47.4,126.9,16.8,3.0,0
2014,9023,PM2.5,37.0,58.6,16.5,13.0,0
2014,9023,RGlobal,139.47500000000002,432.725,10.1,0.0,0
2014,9023,TAire10,22.6,32.1,15.7,0.0,0
2014,9023,VViento,1.9,6.3,1.0,0.0,0
2014,9026,PM10,39.8,107.9,12.4,1.0,0
2014,9026,PM2.5,19.0,46.1,3.6,0.0,0
2014,9026,PST,102.2,289.1,25.5,0.0,0
2014,9027,DViento,139.47500000000002,273.2,37.1,0.0,0
2014,9027,HAire2,72.8,94.7,37.0,0.0,0
2014,9027,P,139.47500000000002,432.725,37.1,0.0,0
2014,9027,PLiquida,2.5,47.4,0.0,0.0,0
2014,9027,PM10,42.1,125.2,7.0,1.0,0
2014,9027,PST,65.6,267.3,11.3,0.0,0
2014,9027,RGlobal,139.47500000000002,432.725,37.1,0.0,0
2014,9027,TAire2,27.8,31.6,24.2,0.0,0
2014,9027,VViento,1.2,3.1,0.6,0.0,0
2014,9038,PM10,68.1,90.0,37.1,0.0,0
2014,9039,PM10,57.4,77.7,37.1,0.0,0
2014,9041,PM10,42.2,97.7,5.5,0.0,0
2014,9042,HAire2,62.0,62.0,37.1,0.0,0
2014,9042,P,139.47500000000002,432.725,37.1,0.0,0
2014,9042,PM10,45.8,128.6,6.7,6.0,0
2014,9042,PM2.5,16.6,49.3,3.8,0.0,0
2014,9042,PST,89.5,271.6,20.0,0.0,0
2014,9042,TAire2,27.2,29.7,24.8,0.0,0
2014,9043,PM10,38.8,96.7,7.7,0.0,0
2014,9043,PST,62.0,246.5,8.3,0.0,0
2014,9044,PM10,42.5,108.9,1.9,1.0,0
2014,9044,PST,91.2,214.5,13.4,0.0,0
2014,9047,PM10,52.7,122.8,9.5,4.0,0
2014,9047,PM2.5,20.0,47.6,3.9,0.0,0
2014,9047,PST,100.0,310.2,14.2,1.0,0
2014,9048,PM10,65.4,150.1,18.1,11.0,0
2014,9048,PST,98.7,256.0,31.5,0.0,0
2014,9049,PM10,29.4,54.0,16.3,0.0,0
2014,9049,PM2.5,25.5,45.8,9.3,0.0,0
2014,9050,PM10,39.2,110.8,3.5,2.0,0
2014,9050,PST,73.9,246.3,18.3,0.0,0
2014,9051,PM10,42.8,88.9,6.8,0.0,0
2014,9051,PST,78.6,238.2,8.5,0.0,0
2014,9053,DViento,139.47500000000002,251.5,0.0,0.0,0
2014,9053,HAire2,51.4,97.0,15.1,0.0,0
2014,9053,P,139.47500000000002,432.725,37.1,0.0,0
2014,9053,PLiquida,1.4,62.0,0.0,0.0,0
2014,9053,PM10,37.7,92.3,8.6,0.0,0
2014,9053,RGlobal,139.47500000000002,234.6,37.1,0.0,0
2014,9053,TAire2,29.1,33.3,24.3,0.0,0
2014,9053,VViento,1.2,2.2,0.4,0.0,0
2014,9056,PM10,44.9,92.0,5.0,0.0,0
2014,9057,PM10,48.8,100.6,21.9,1.0,0
2014,9060,CO,139.47500000000002,432.725,37.1,0.0,0
2014,9060,DViento,29.7,359.9,0.0,0.0,0
2014,9060,HAire10,64.0,92.2,18.1,0.0,0
2014,9060,NO,45.1,363.3,0.2,0.0,0
2014,9060,PLiquida,0.2,29.0,0.0,0.0,0
2014,9060,PM2.5,17.9,36.1,4.3,0.0,0
2014,9060,RGlobal,139.47500000000002,432.725,0.0,0.0,0
2014,9060,TAire10,22.6,32.1,15.7,0.0,0
2014,9060,VViento,0.9,6.3,0.0,0.0,0
2014,9085,PM10,31.6,92.8,9.4,0.0,0
2014,9101,PM10,35.4,84.5,6.3,0.0,0
2014,9102,PM10,38.4,83.9,14.5,0.0,0
2014,9103,PM10,44.7,72.7,27.0,0.0,0
2014,9104,DViento,99.0,360.0,1.6,0.0,0
2014,9104,HAire10,69.1,100.0,19.3,0.0,0
2014,9104,PLiquida,0.3,48.2,0.0,0.0,0
2014,9104,RGlobal,139.47500000000002,432.725,0.0,0.0,0
2014,9104,TAire10,21.6,30.6,15.5,0.0,0
2014,9104,VViento,1.0,6.7,0.0,0.0,0
2014,9105,O3,30.8,193.4,0.8,94.0,0
2014,9117,PM10,27.4,60.1,4.3,0.0,0
2014,9144,PM10,24.8,38.0,11.0,0.0,0
2014,9148,PM10,27.5,39.6,15.8,0.0,0
2014,9166,NO2,4.6,10.9,0.1,0.0,0
2014,9166,PM10,42.1,80.2,5.9,0.0,0
2014,9166,PST,52.7,106.8,11.5,0.0,0
2014,9172,NO2,7.5,13.4,0.4,0.0,0
2014,9172,PM10,41.9,95.7,2.5,0.0,0
2014,9172,PST,49.3,120.5,9.1,0.0,0
2014,19566,NO2,13.6,16.0,12.8,0.0,0
2014,19566,PM10,81.0,83.9,37.1,0.0,0
2014,19661,PM10,27.5,60.2,8.8,0.0,0
2014,19662,PM10,42.7,87.7,18.2,0.0,0
2014,19664,PST,21.2,69.3,9.2,0.0,0
2014,19666,PST,101.4,227.9,37.1,0.0,0
2014,20383,PM10,66.6,432.725,2.0,0.0,0
2014,20385,CO,139.47500000000002,432.725,37.1,0.0,0
2014,20385,O3,15.5,58.6,0.2,0.0,0
2014,20385,PM10,46.9,140.4,0.4,0.0,0
2014,20395,PM10,36.4,99.1,12.7,0.0,0
2014,20396,PM10,45.0,432.725,1.0,0.0,0
2014,26173,PST,76.6,183.7,18.7,0.0,0
2014,26174,PST,71.9,221.9,18.3,0.0,0
2014,26175,PM10,35.5,90.6,13.3,0.0,0
2014,26176,PST,82.6,212.9,20.5,0.0,0
2014,26177,PM10,67.7,194.5,13.0,21.0,0
2014,26178,PM10,31.6,96.7,12.9,0.0,0
2014,26179,PST,74.5,202.4,26.8,0.0,0
2014,26181,PM10,44.0,89.0,14.5,0.0,0
2014,26181,PST,73.3,160.5,28.7,0.0,0
2014,26182,PM10,29.6,56.4,14.7,0.0,0
2014,26182,PST,85.4,152.2,37.1,0.0,0
2014,26183,PST,83.6,173.6,27.4,0.0,0
2014,26184,PM10,48.3,93.6,16.0,0.0,0
2014,26184,PST,62.7,152.7,20.0,0.0,0
2014,26190,PM2.5,22.3,32.4,11.4,0.0,0
2014,26288,PM10,28.9,59.6,6.3,0.0,0
2014,28202,CO,139.47500000000002,432.725,37.1,0.0,0
2014,28202,DViento,92.5,359.0,0.0,0.0,0
2014,28202,HAire2,58.6,80.0,21.0,0.0,0
2014,28202,O3,20.3,127.8,0.1,1.0,0
2014,28202,PLiquida,0.1,26.6,0.0,0.0,0
2014,28202,PM10,40.7,206.9,14.3,2.0,0
2014,28202,PM2.5,8.9,44.0,2.3,0.0,0
2014,28202,RGlobal,139.47500000000002,432.725,0.0,0.0,0
2014,28202,SO2,1.7,7.3,0.3,0.0,0
2014,28202,TAire2,12.9,20.8,5.2,0.0,0
2014,28202,VViento,1.7,7.1,0.0,0.0,0
2014,28203,DViento,72.2,359.8,0.4,0.0,0
2014,28203,VViento,2.4,6.8,0.0,0.0,0
2014,28625,PM10,36.3,86.2,7.5,0.0,0
2014,29383,PM10,46.7,95.5,14.0,0.0,0
2014,29384,PM10,30.5,68.4,11.4,0.0,0
2014,29493,DViento,139.47500000000002,360.0,1.0,0.0,0
2014,29493,HAire10,65.3,91.4,17.7,0.0,0
2014,29493,NO,18.7,140.2,0.0,0.0,0
2014,29493,NO2,27.4,117.6,0.0,0.0,0
2014,29493,P,139.47500000000002,432.725,37.1,0.0,0
2014,29493,PM2.5,32.0,88.0,1.0,0.0,0
2014,29493,RGlobal,139.47500000000002,432.725,9.9,0.0,0
2014,29493,TAire10,21.9,30.7,15.3,0.0,0
2014,29493,VViento,2.6,10.3,1.0,0.0,0
2014,29501,DViento,36.2,360.0,0.1,0.0,0
2014,29501,HAire10,75.0,95.9,18.8,0.0,0
2014,29501,O3,32.6,151.9,0.4,10.0,0
2014,29501,RGlobal,139.47500000000002,432.725,0.0,0.0,0
2014,29501,TAire10,21.7,30.8,14.4,0.0,0
2014,29501,VViento,1.7,6.8,0.0,0.0,0
2014,29502,DViento,128.4,359.5,1.2,0.0,0
2014,29502,HAire10,67.8,93.4,15.5,0.0,0
2014,29502,NO,6.2,111.2,0.0,0.0,0
2014,29502,NO2,16.6,165.4,0.0,0.0,0
2014,29502,O3,33.7,116.8,1.0,149.0,0
2014,29502,P,139.47500000000002,432.725,37.1,0.0,0
2014,29502,PM10,42.9,226.0,1.0,0.0,0
2014,29502,RGlobal,139.47500000000002,432.725,12.0,0.0,0
2014,29502,TAire10,21.3,30.0,13.6,0.0,0
2014,29502,VViento,2.7,9.3,1.0,0.0,0
2014,29507,DViento,22.8,360.0,1.0,0.0,0
2014,29507,HAire10,66.6,95.3,15.6,0.0,0
2014,29507,NO,28.3,347.9,0.0,0.0,0
2014,29507,NO2,36.8,61.5,16.6,0.0,0
2014,29507,O3,20.0,146.9,0.0,39.0,0
2014,29507,P,139.47500000000002,432.725,37.1,0.0,0
2014,29507,PLiquida,4.4,44.7,1.1,0.0,0
2014,29507,PM2.5,29.6,56.8,5.6,9.0,0
2014,29507,RGlobal,139.47500000000002,432.725,1.0,0.0,0
2014,29507,TAire10,22.4,31.7,14.9,0.0,0
2014,29507,VViento,2.8,9.9,1.0,0.0,0
2014,29508,O3,27.8,241.7,0.1,111.0,0
2014,29508,PM10,35.6,84.8,7.9,0.0,0
2014,29509,CO,139.47500000000002,432.725,37.1,0.0,0
2014,29509,P,139.47500000000002,432.725,37.1,0.0,0
2014,29511,DViento,139.47500000000002,360.0,1.0,0.0,0
2014,29511,HAire10,70.2,91.7,20.4,0.0,0
2014,29511,O3,37.4,146.0,0.1,731.0,0
2014,29511,P,139.47500000000002,432.725,37.1,0.0,0
2014,29511,PLiquida,0.2,47.0,0.0,0.0,0
2014,29511,PM10,47.6,85.7,19.6,0.0,0
2014,29511,PM2.5,25.1,63.2,10.4,4.0,0
2014,29511,RGlobal,139.47500000000002,432.725,11.0,0.0,0
2014,29511,TAire10,20.1,29.2,13.6,0.0,0
2014,29511,VViento,1.6,5.0,1.0,0.0,0
2014,29529,DViento,139.47500000000002,359.9,0.0,0.0,0
2014,29529,HAire10,66.1,92.5,17.8,0.0,0
2014,29529,RGlobal,139.47500000000002,432.725,0.0,0.0,0
2014,29529,TAire10,22.0,30.8,15.1,0.0,0
2014,29529,VViento,1.6,8.0,0.0,0.0,0
2014,29574,PM10,42.1,110.5,2.1,2.0,0
2014,29585,TAire10,18.9,28.2,12.7,0.0,0
2014,29586,NO2,5.9,11.9,0.2,0.0,0
2014,29586,PM10,59.2,98.4,11.7,0.0,0
2014,29596,HAire2,74.7,99.0,28.5,0.0,0
2014,29596,PLiquida,0.1,33.8,0.0,0.0,0
2014,29596,PM10,53.6,111.4,16.7,3.0,0
2014,29596,TAire2,27.9,38.3,21.0,0.0,0
2014,29596,VViento,2.1,7.0,0.0,0.0,0
2014,29600,DViento,139.47500000000002,360.0,1.0,0.0,0
2014,29600,HAire10,75.3,94.3,19.9,0.0,0
2014,29600,O3,32.9,172.0,0.1,139.0,0
2014,29600,P,139.47500000000002,432.725,37.1,0.0,0
2014,29600,PM2.5,25.0,76.0,6.7,6.0,0
2014,29600,RGlobal,139.47500000000002,432.725,10.0,0.0,0
2014,29600,TAire10,18.7,28.2,11.9,0.0,0
2014,29600,VViento,2.5,9.3,1.0,0.0,0
2014,29615,NO2,12.7,14.3,11.8,0.0,0
2014,29615,PM10,57.5,60.3,37.1,0.0,0
2014,29617,NO2,12.0,27.6,0.1,0.0,0
2014,29617,PM10,66.7,139.3,18.8,15.0,0
2014,29637,PM10,44.6,99.1,16.4,0.0,0
2014,29650,PM10,38.6,113.2,6.1,1.0,0
2014,29962,PM10,28.9,59.6,6.3,0.0,0
2014,30003,PM10,46.1,116.1,14.9,2.0,0
2014,30004,DViento,131.7,359.9,0.0,0.0,0
2014,30004,HAire2,68.0,86.8,37.1,0.0,0
2014,30004,PLiquida,0.4,159.5,0.0,0.0,0
2014,30004,PM10,25.3,60.2,2.9,0.0,0
2014,30004,RGlobal,139.47500000000002,432.725,0.0,0.0,0
2014,30004,TAire2,24.5,31.2,18.4,0.0,0
2014,30004,VViento,1.4,5.8,0.0,0.0,0
2014,30040,NO2,6.6,7.7,5.3,0.0,0
2014,30040,PM10,54.9,65.1,37.1,0.0,0
2014,30057,PM10,49.2,98.9,21.7,0.0,0
2014,30090,PM10,24.5,56.3,8.0,0.0,0
2014,30109,PM10,38.0,183.2,0.2,0.0,0
2014,30110,DViento,114.5,359.9,0.2,0.0,0
2014,30110,HAire,66.9,95.5,20.8,0.0,0
2014,30110,O3,32.3,104.2,0.2,178.0,0
2014,30110,PLiquida,0.3,89.2,0.0,0.0,0
2014,30110,PM2.5,17.1,95.0,1.0,0.0,0
2014,30110,RGlobal,114.1,432.725,0.0,0.0,0
2014,30110,TAire2,25.4,35.3,18.9,0.0,0
2014,30110,VViento,2.7,9.5,0.1,0.0,0
2014,30111,PM10,45.6,260.8,0.5,0.0,0
2014,30111,SO2,11.1,40.3,3.4,0.0,0
2014,30154,DViento,112.5,360.0,0.0,0.0,0
2014,30154,HAire10,69.0,100.0,18.1,0.0,0
2014,30154,NO,37.5,234.0,0.3,0.0,0
2014,30154,NO2,49.0,394.8,1.5,15.0,0
2014,30154,O3,22.4,210.0,0.0,26.0,0
2014,30154,PLiquida,0.1,27.8,0.0,0.0,0
2014,30154,PM10,39.5,71.8,20.5,0.0,0
2014,30154,PM2.5,23.8,42.8,13.1,0.0,0
2014,30154,RGlobal,89.3,432.725,0.0,0.0,0
2014,30154,TAire10,20.5,30.5,13.6,0.0,0
2014,30154,VViento,0.6,7.5,0.0,0.0,0
2014,30435,PM10,22.1,28.5,9.5,0.0,0
2014,30435,VViento,0.5,0.6,0.4,0.0,0
2014,30443,HAire,83.8,93.0,37.1,0.0,0
2014,30443,PM10,29.6,61.3,18.1,0.0,0
2014,30443,VViento,0.8,1.6,0.3,0.0,0
2014,30444,PLiquida,15.2,73.4,0.0,0.0,0
2014,30444,PM10,27.5,34.1,22.2,0.0,0
2014,30444,VViento,0.6,1.3,0.3,0.0,0
2014,30445,PLiquida,1.6,12.4,0.0,0.0,0
2014,30445,PM10,24.5,29.5,16.8,0.0,0
2014,30445,VViento,0.2,0.3,0.1,0.0,0
2014,30446,PLiquida,13.7,61.5,0.0,0.0,0
2014,30446,PM2.5,17.2,19.4,13.0,0.0,0
2014,30446,VViento,0.1,0.5,0.0,0.0,0
2014,30448,PLiquida,5.3,38.1,0.0,0.0,0
2014,30448,PM2.5,10.9,13.5,7.2,0.0,0
2014,30448,VViento,0.3,0.5,0.1,0.0,0
2014,30449,PLiquida,15.2,73.4,0.0,0.0,0
2014,30449,VViento,0.6,1.3,0.3,0.0,0
2014,30450,PLiquida,12.5,79.5,0.0,0.0,0
2014,30450,PM10,45.7,85.7,31.2,0.0,0
2014,30450,VViento,0.6,0.9,0.3,0.0,0
2014,30451,PM10,44.4,71.9,23.8,0.0,0
2014,30452,PM2.5,16.9,22.5,13.3,0.0,0
2014,30453,PLiquida,11.5,79.5,0.0,0.0,0
2014,30453,PM10,57.8,106.3,26.0,1.0,0
2014,30453,VViento,0.6,0.8,0.3,0.0,0
2014,30455,PLiquida,9.0,62.0,0.0,0.0,0
2014,30455,PM10,28.5,38.2,18.8,0.0,0
2014,30455,VViento,0.3,1.0,0.0,0.0,0
2014,30472,PM10,56.1,201.2,16.5,3.0,0
2014,30689,PM10,44.4,117.8,15.4,3.0,0
2014,30689,PST,85.8,179.0,33.7,0.0,0
2014,30691,DViento,139.47500000000002,261.1,0.0,0.0,0
2014,30691,HAire2,78.7,96.8,37.1,0.0,0
2014,30691,P,139.47500000000002,432.725,37.1,0.0,0
2014,30691,PLiquida,2.8,40.8,0.0,0.0,0
2014,30691,PM10,25.9,66.6,5.5,0.0,0
2014,30691,PM2.5,9.7,17.5,2.5,0.0,0
2014,30691,PST,50.5,144.7,20.3,0.0,0
2014,30691,RGlobal,139.47500000000002,333.0,37.1,0.0,0
2014,30691,TAire2,28.4,32.9,24.0,0.0,0
2014,30691,VViento,1.1,2.9,0.4,0.0,0
2014,31431,O3,37.6,107.8,0.0,0.0,0
2014,31431,P,139.47500000000002,432.725,37.1,0.0,0
2014,31431,PM10,39.4,80.9,3.2,0.0,0
2014,31431,PM2.5,24.3,116.0,0.0,0.0,0
2014,99999,HAire2,68.9,70.4,37.1,0.0,0
2014,99999,NO,36.7,432.725,0.4,0.0,0
2014,99999,NO2,2.6,9.0,0.1,0.0,0
2014,99999,PM10,25.9,43.4,8.7,0.0,0
2014,99999,PM2.5,17.7,36.6,2.9,0.0,0
2014,99999,PST,76.1,132.2,17.6,0.0,0
2014,99999,TAire2,28.5,34.6,24.7,0.0,0
2014,99999,VViento,2.0,4.9,0.0,0.0,0
2015,8202,CO,139.47500000000002,432.725,37.1,0.0,0
2015,8202,DViento,139.47500000000002,359.0,0.0,0.0,0
2015,8202,HAire2,25.9,77.4,4.6,0.0,0
2015,8202,NO,6.3,41.8,1.3,0.0,0
2015,8202,NO2,12.2,17.2,5.5,0.0,0
2015,8202,TAire2,21.4,29.3,16.3,0.0,0
2015,8202,VViento,1.5,4.6,0.0,0.0,0
2015,8204,CO,139.47500000000002,432.725,37.1,0.0,0
2015,8204,NO,51.4,326.5,1.3,0.0,0
2015,8204,NO2,34.9,86.8,0.2,0.0,0
2015,8204,PM10,47.8,87.6,16.6,0.0,0
2015,8205,O3,39.6,66.3,13.0,0.0,0
2015,8205,PM10,44.7,208.4,0.1,0.0,0
2015,8206,PLiquida,0.1,14.8,0.0,0.0,0
2015,8206,TAire2,25.9,33.4,19.4,0.0,0
2015,8206,VViento,0.6,4.1,0.0,0.0,0
2015,8207,CO,139.47500000000002,432.725,37.1,0.0,0
2015,8207,DViento,139.47500000000002,360.0,0.0,0.0,0
2015,8207,O3,46.8,176.2,0.2,33.0,0
2015,8207,PLiquida,0.1,22.4,0.0,0.0,0
2015,8207,PM10,29.7,78.8,11.9,0.0,0
2015,8207,PM2.5,12.7,40.2,3.9,0.0,0
2015,8207,TAire2,15.0,24.7,6.9,0.0,0
2015,8207,VViento,1.7,6.8,0.0,0.0,0
2015,8208,CO,139.47500000000002,432.725,37.1,0.0,0
2015,8208,DViento,87.4,360.0,0.0,0.0,0
2015,8208,HAire2,60.8,87.0,16.0,0.0,0
2015,8208,NO,18.6,319.0,0.1,0.0,0
2015,8208,NO2,41.3,85.6,10.8,0.0,0
2015,8208,O3,32.8,129.3,0.6,2.0,0
2015,8208,P,139.47500000000002,432.725,37.1,0.0,0
2015,8208,PLiquida,0.1,34.8,0.0,0.0,0
2015,8208,PM10,34.8,171.0,1.0,0.0,0
2015,8208,PM2.5,17.1,97.0,1.0,0.0,0
2015,8208,SO2,3.4,11.4,0.5,0.0,0
2015,8208,TAire2,14.4,24.3,6.0,0.0,0
2015,8208,VViento,2.0,5.7,0.1,0.0,0
2015,8210,DViento,45.1,360.0,0.0,0.0,0
2015,8210,NO,7.8,155.5,0.0,0.0,0
2015,8210,NO2,22.3,87.5,1.9,0.0,0
2015,8210,O3,21.3,132.0,0.2,5.0,0
2015,8210,PLiquida,0.1,25.0,0.0,0.0,0
2015,8210,PM10,47.4,85.9,19.7,0.0,0
2015,8210,PM2.5,21.7,50.2,8.0,0.0,0
2015,8210,SO2,8.3,39.3,1.5,0.0,0
2015,8210,TAire2,14.6,26.9,2.4,0.0,0
2015,8210,VViento,1.9,7.8,0.0,0.0,0
2015,8211,DViento,71.8,359.0,0.0,0.0,0
2015,8211,HAire2,66.3,87.0,15.0,0.0,0
2015,8211,NO,28.0,413.3,0.1,0.0,0
2015,8211,NO2,24.4,97.8,2.4,0.0,0
2015,8211,O3,22.3,126.9,0.2,2.0,0
2015,8211,P,139.47500000000002,432.725,37.1,0.0,0
2015,8211,PLiquida,0.1,24.4,0.0,0.0,0
2015,8211,PM10,30.9,382.0,2.0,0.0,0
2015,8211,PM2.5,14.0,35.0,3.8,0.0,0
2015,8211,RGlobal,139.47500000000002,432.725,0.0,0.0,0
2015,8211,TAire2,14.8,25.9,1.9,0.0,0
2015,8211,VViento,1.0,4.6,0.0,0.0,0
2015,8213,CO,139.47500000000002,432.725,37.1,0.0,0
2015,8213,DViento,99.3,360.0,0.0,0.0,0
2015,8213,HAire2,65.1,91.0,18.0,0.0,0
2015,8213,NO,27.2,403.5,0.1,0.0,0
2015,8213,NO2,32.5,157.6,0.2,0.0,0
2015,8213,O3,25.9,162.3,0.2,8.0,0
2015,8213,PLiquida,0.1,25.2,0.0,0.0,0
2015,8213,PM10,28.1,79.2,6.8,0.0,0
2015,8213,PM2.5,17.4,133.0,1.0,0.0,0
2015,8213,RGlobal,139.47500000000002,432.725,0.0,0.0,0
2015,8213,SO2,3.5,10.0,0.5,0.0,0
2015,8213,TAire2,15.2,26.3,4.4,0.0,0
2015,8213,VViento,1.5,5.2,0.0,0.0,0
2015,8214,CO,139.47500000000002,432.725,37.1,0.0,0
2015,8214,DViento,139.47500000000002,360.0,0.0,0.0,0
2015,8214,HAire2,62.1,84.0,21.0,0.0,0
2015,8214,NO,35.1,296.6,0.5,0.0,0
2015,8214,NO2,25.4,45.3,8.8,0.0,0
2015,8214,O3,22.1,114.5,1.2,42.0,0
2015,8214,P,139.47500000000002,432.725,37.1,0.0,0
2015,8214,PLiquida,0.1,14.1,0.0,0.0,0
2015,8214,PM10,66.2,151.9,28.8,29.0,0
2015,8214,PM2.5,27.0,66.2,10.8,6.0,0
2015,8214,RGlobal,139.47500000000002,432.725,0.0,0.0,0
2015,8214,SO2,5.4,24.2,0.4,0.0,0
2015,8214,TAire2,15.3,22.6,7.7,0.0,0
2015,8214,VViento,2.8,6.7,0.1,0.0,0
2015,8215,DViento,117.8,360.0,0.0,0.0,0
2015,8215,O3,22.4,87.5,0.2,0.0,0
2015,8215,PLiquida,0.1,21.0,0.0,0.0,0
2015,8215,PM10,33.7,333.0,4.0,0.0,0
2015,8215,PM2.5,14.7,311.0,1.0,0.0,0
2015,8215,VViento,1.8,9.0,0.0,0.0,0
2015,8216,CO,139.47500000000002,432.725,37.1,0.0,0
2015,8216,DViento,139.47500000000002,360.0,0.0,0.0,0
2015,8216,NO,27.6,403.8,0.1,0.0,0
2015,8216,NO2,32.3,161.7,0.6,0.0,0
2015,8216,O3,17.3,126.3,0.4,1.0,0
2015,8216,PLiquida,0.1,20.0,0.0,0.0,0
2015,8216,PM10,52.2,267.0,4.0,0.0,0
2015,8216,SO2,3.2,34.4,0.3,0.0,0
2015,8216,TAire2,14.4,22.7,8.0,0.0,0
2015,8216,VViento,2.3,8.1,0.0,0.0,0
2015,8218,CO,139.47500000000002,432.725,37.1,0.0,0
2015,8218,DViento,139.47500000000002,360.0,0.0,0.0,0
2015,8218,NO,81.8,432.725,0.2,0.0,0
2015,8218,NO2,52.7,161.7,5.3,0.0,0
2015,8218,O3,15.3,80.2,0.6,0.0,0
2015,8218,PLiquida,0.1,23.3,0.0,0.0,0
2015,8218,PM10,86.5,432.725,7.0,0.0,0
2015,8218,PM2.5,30.8,150.0,1.0,0.0,0
2015,8218,PST,97.5,432.725,10.0,0.0,0
2015,8218,SO2,11.3,262.0,0.3,0.0,0
2015,8218,TAire2,15.8,24.5,8.2,0.0,0
2015,8218,VViento,2.6,6.0,0.0,0.0,0
2015,8219,CO,139.47500000000002,432.725,37.1,0.0,0
2015,8219,DViento,139.47500000000002,360.0,0.0,0.0,0
2015,8219,HAire2,61.4,88.0,20.0,0.0,0
2015,8219,NO,19.6,351.4,0.1,0.0,0
2015,8219,NO2,28.5,136.7,0.4,0.0,0
2015,8219,O3,19.8,99.3,0.2,0.0,0
2015,8219,PLiquida,0.1,14.4,0.0,0.0,0
2015,8219,PM10,42.8,432.725,1.0,0.0,0
2015,8219,PM2.5,21.2,53.1,8.5,4.0,0
2015,8219,SO2,3.2,15.3,0.5,0.0,0
2015,8219,TAire2,13.5,24.5,3.9,0.0,0
2015,8219,VViento,1.2,4.3,0.0,0.0,0
2015,8222,O3,39.9,103.9,6.5,0.0,0
2015,8222,PM10,48.8,303.2,7.6,0.0,0
2015,8223,O3,65.6,126.7,20.5,9.0,0
2015,8223,PM10,46.8,224.3,10.8,0.0,0
2015,8224,O3,46.9,135.0,9.7,2.0,0
2015,8224,PM10,87.1,247.4,9.0,0.0,0
2015,8225,PM10,95.3,214.0,19.6,0.0,0
2015,8226,O3,34.9,114.9,6.5,0.0,0
2015,8226,PM10,67.6,270.2,11.0,0.0,0
2015,8227,PM10,90.7,143.2,20.8,0.0,0
2015,8234,PM10,33.6,54.0,10.2,0.0,0
2015,8239,PM10,24.9,39.7,16.9,0.0,0
2015,8245,NO2,13.2,33.9,1.9,0.0,0
2015,8245,PM10,47.6,113.3,14.7,1.0,0
2015,8246,NO2,3.9,6.7,0.0,0.0,0
2015,8246,PM10,58.0,91.7,12.8,0.0,0
2015,8246,PST,82.6,142.9,30.3,0.0,0
2015,8247,PM10,68.7,141.4,8.6,26.0,0
2015,8248,NO2,5.9,12.3,0.0,0.0,0
2015,8248,PM10,29.6,49.1,3.8,0.0,0
2015,8248,PST,34.6,66.9,11.7,0.0,0
2015,8249,NO2,9.9,10.4,9.4,0.0,0
2015,8249,PM10,38.7,40.4,36.9,0.0,0
2015,8251,NO2,13.2,13.8,12.5,0.0,0
2015,8251,PM10,77.5,80.8,37.1,0.0,0
2015,8252,PM10,40.3,78.7,16.1,0.0,0
2015,8254,PM10,53.0,109.0,5.0,3.0,0
2015,8258,DViento,139.47500000000002,360.0,22.5,0.0,0
2015,8258,PM10,32.8,79.0,22.4,0.0,0
2015,8258,VViento,2.1,9.7,0.0,0.0,0
2015,8285,O3,30.1,181.9,0.8,58.0,0
2015,8285,PM2.5,19.2,40.4,6.4,0.0,0
2015,8285,SO2,5.6,56.6,0.0,0.0,0
2015,8288,DViento,90.1,360.0,0.0,0.0,0
2015,8288,HAire2,66.8,91.4,13.8,0.0,0
2015,8288,O3,51.2,207.4,1.2,610.0,0
2015,8288,PLiquida,0.2,60.4,0.0,0.0,0
2015,8288,PM10,34.5,82.9,5.7,0.0,0
2015,8288,VViento,0.7,5.5,0.0,0.0,0
2015,8291,NO2,18.1,85.9,0.0,0.0,0
2015,8291,O3,42.4,145.7,0.5,1024.0,0
2015,8291,PM2.5,17.7,76.0,1.0,0.0,0
2015,8300,PM10,33.5,261.0,1.0,0.0,0
2015,8776,PM10,79.6,190.2,21.7,19.0,0
2015,8776,PM2.5,23.9,35.6,11.5,0.0,0
2015,8804,PM2.5,8.6,63.3,0.8,1.0,0
2015,8805,PM10,20.1,97.1,5.0,0.0,0
2015,8905,PM10,15.6,42.5,5.0,0.0,0
2015,8970,PLiquida,0.5,24.6,0.0,0.0,0
2015,8970,PM10,41.8,95.7,9.5,0.0,0
2015,8970,PST,91.8,179.9,23.8,0.0,0
2015,8970,VViento,2.3,5.8,0.0,0.0,0
2015,8973,HAire2,69.2,98.0,0.0,0.0,0
2015,8973,PLiquida,0.7,47.6,0.0,0.0,0
2015,8973,PM10,48.6,117.4,10.0,4.0,0
2015,8973,TAire2,28.9,40.8,0.0,0.0,0
2015,8973,VViento,0.7,17.9,0.0,0.0,0
2015,8977,PM10,51.3,129.6,12.5,2.0,0
2015,8978,PM10,34.7,83.5,12.3,0.0,0
2015,8980,PM10,42.3,116.2,12.7,1.0,0
2015,8981,PM10,47.4,107.0,14.2,2.0,0
2015,8983,HAire2,71.9,97.0,30.0,0.0,0
2015,8983,PLiquida,0.3,19.8,0.0,0.0,0
2015,8983,PM10,39.2,89.4,14.7,0.0,0
2015,8983,PST,76.2,183.6,21.2,0.0,0
2015,8983,TAire2,28.7,39.8,20.1,0.0,0
2015,8983,VViento,2.8,8.5,0.0,0.0,0
2015,8984,PM10,42.9,103.8,8.9,2.0,0
2015,8986,DViento,65.5,359.8,1.0,0.0,0
2015,8986,HAire10,62.5,94.0,37.1,0.0,0
2015,8986,PLiquida,0.2,64.8,0.0,0.0,0
2015,8986,PM10,41.7,226.0,0.1,0.0,0
2015,8986,RGlobal,139.47500000000002,432.725,0.0,0.0,0
2015,8986,TAire10,26.3,32.6,20.4,0.0,0
2015,8986,VViento,0.9,6.6,0.0,0.0,0
2015,8990,PM10,40.3,63.0,11.0,0.0,0
2015,8990,PST,83.1,127.8,37.1,0.0,0
2015,8994,PM10,23.2,39.0,13.0,0.0,0
2015,9019,O3,21.1,44.3,0.7,0.0,0
2015,9019,PM10,22.3,89.3,0.7,0.0,0
2015,9020,DViento,73.0,345.6,6.6,0.0,0
2015,9020,HAire10,67.8,90.5,15.0,0.0,0
2015,9020,P,139.47500000000002,432.725,37.1,0.0,0
2015,9020,PLiquida,3.9,17.5,1.5,0.0,0
2015,9020,PM10,50.4,105.3,27.1,4.0,0
2015,9020,RGlobal,139.47500000000002,432.725,1.0,0.0,0
2015,9020,TAire10,22.6,32.1,15.3,0.0,0
2015,9020,VViento,2.3,6.2,1.0,0.0,0
2015,9021,PM10,42.9,64.1,20.1,0.0,0
2015,9021,PST,65.1,109.7,29.6,0.0,0
2015,9023,DViento,139.47500000000002,357.4,4.6,0.0,0
2015,9023,HAire10,61.7,93.1,12.7,0.0,0
2015,9023,NO,40.4,292.4,0.0,0.0,0
2015,9023,NO2,49.7,258.5,5.4,2.0,0
2015,9023,P,139.47500000000002,432.725,37.1,0.0,0
2015,9023,PLiquida,0.2,71.0,0.0,0.0,0
2015,9023,PM10,47.0,210.0,1.0,0.0,0
2015,9023,PM2.5,29.4,62.5,8.8,12.0,0
2015,9023,RGlobal,139.47500000000002,432.725,10.1,0.0,0
2015,9023,TAire10,23.1,32.4,9.8,0.0,0
2015,9023,VViento,1.5,3.6,1.0,0.0,0
2015,9025,PM10,64.8,263.0,8.0,0.0,0
2015,9026,PM10,47.6,115.7,7.8,2.0,0
2015,9026,PM2.5,17.4,43.8,6.3,0.0,0
2015,9026,PST,91.5,286.9,24.9,0.0,0
2015,9027,DViento,22.9,26.2,22.5,0.0,0
2015,9027,HAire2,27.0,45.7,14.9,0.0,0
2015,9027,P,139.47500000000002,432.725,37.1,0.0,0
2015,9027,PLiquida,2.1,43.4,0.0,0.0,0
2015,9027,PM10,39.9,109.4,15.0,1.0,0
2015,9027,PST,81.5,234.6,24.8,0.0,0
2015,9027,TAire2,30.0,33.6,27.7,0.0,0
2015,9027,VViento,3.2,3.7,2.9,0.0,0
2015,9038,PM10,66.4,85.2,37.1,0.0,0
2015,9039,PM10,56.1,71.6,35.6,0.0,0
2015,9041,PM10,19.8,58.3,7.8,0.0,0
2015,9042,DViento,139.47500000000002,325.1,29.1,0.0,0
2015,9042,HAire2,71.3,93.3,36.1,0.0,0
2015,9042,P,139.47500000000002,432.725,37.1,0.0,0
2015,9042,PLiquida,3.3,63.8,0.0,0.0,0
2015,9042,PM10,42.8,125.1,9.1,3.0,0
2015,9042,PM2.5,13.2,31.5,5.4,0.0,0
2015,9042,PST,100.7,282.2,28.5,0.0,0
2015,9042,RGlobal,139.47500000000002,355.1,37.1,0.0,0
2015,9042,TAire2,29.2,33.6,24.6,0.0,0
2015,9042,VViento,1.0,4.1,0.0,0.0,0
2015,9043,PM10,49.1,195.6,13.5,5.0,0
2015,9043,PST,74.8,332.2,16.9,1.0,0
2015,9044,DViento,139.47500000000002,219.5,37.1,0.0,0
2015,9044,HAire2,80.1,93.0,37.1,0.0,0
2015,9044,P,139.47500000000002,432.725,37.1,0.0,0
2015,9044,PLiquida,4.4,67.0,0.0,0.0,0
2015,9044,PM10,39.0,83.1,17.0,0.0,0
2015,9044,PST,87.2,194.5,27.4,0.0,0
2015,9044,TAire2,28.8,31.3,25.6,0.0,0
2015,9044,VViento,0.5,3.0,0.1,0.0,0
2015,9047,PM10,63.8,137.0,18.4,17.0,0
2015,9047,PM2.5,34.1,91.9,6.5,17.0,0
2015,9047,PST,97.2,242.3,33.7,0.0,0
2015,9048,PM10,66.6,141.1,18.3,7.0,0
2015,9048,PM2.5,17.0,29.6,5.2,0.0,0
2015,9048,PST,139.47500000000002,337.9,37.1,2.0,0
2015,9050,PM10,36.9,109.6,2.8,1.0,0
2015,9050,PST,71.7,302.1,25.7,1.0,0
2015,9051,PM10,57.7,118.5,18.3,6.0,0
2015,9051,PST,96.9,291.5,22.2,0.0,0
2015,9053,DViento,139.47500000000002,257.7,37.1,0.0,0
2015,9053,HAire2,68.1,91.1,37.1,0.0,0
2015,9053,P,139.47500000000002,432.725,37.1,0.0,0
2015,9053,PLiquida,2.9,80.8,0.0,0.0,0
2015,9053,PM10,38.4,80.2,8.2,0.0,0
2015,9053,RGlobal,139.47500000000002,278.0,37.1,0.0,0
2015,9053,TAire2,30.0,32.4,25.6,0.0,0
2015,9053,VViento,0.9,2.6,0.0,0.0,0
2015,9056,PM10,49.1,88.0,14.8,0.0,0
2015,9057,PM10,45.1,89.1,19.5,0.0,0
2015,9060,CO,139.47500000000002,432.725,37.1,0.0,0
2015,9060,DViento,139.47500000000002,357.8,0.9,0.0,0
2015,9060,HAire10,61.7,93.1,12.7,0.0,0
2015,9060,NO,40.5,292.1,1.2,0.0,0
2015,9060,PLiquida,0.1,39.9,0.0,0.0,0
2015,9060,PM10,40.5,76.3,18.7,0.0,0
2015,9060,PM2.5,21.9,35.9,6.0,0.0,0
2015,9060,RGlobal,139.47500000000002,432.725,0.0,0.0,0
2015,9060,VViento,0.9,3.6,0.0,0.0,0
2015,9085,PM10,26.8,60.4,10.5,0.0,0
2015,9101,PM10,30.2,70.0,6.9,0.0,0
2015,9102,PM10,39.7,97.7,16.7,0.0,0
2015,9105,O3,26.9,107.6,0.3,49.0,0
2015,9117,PM10,28.6,60.9,6.5,0.0,0
2015,9144,PM10,25.4,39.0,16.0,0.0,0
2015,9148,PM10,30.2,49.7,16.3,0.0,0
2015,9166,NO2,5.2,14.2,0.6,0.0,0
2015,9166,PM10,43.5,87.4,9.7,0.0,0
2015,9166,PST,50.7,109.5,5.8,0.0,0
2015,9172,NO2,8.2,14.7,0.1,0.0,0
2015,9172,PM10,43.5,87.4,9.7,0.0,0
2015,9172,PST,50.7,109.5,5.8,0.0,0
2015,19566,NO2,14.1,14.7,13.3,0.0,0
2015,19566,PM10,81.3,84.1,37.1,0.0,0
2015,19661,PM10,30.3,52.2,9.4,0.0,0
2015,19662,PM10,38.5,60.2,23.2,0.0,0
2015,19664,PM10,23.1,46.8,11.7,0.0,0
2015,19664,PST,35.1,58.7,16.3,0.0,0
2015,19665,PM10,36.9,61.8,16.2,0.0,0
2015,19666,PST,139.0,246.8,31.6,0.0,0
2015,20383,PM10,65.5,117.6,22.4,7.0,0
2015,20385,PM10,41.2,73.0,9.4,0.0,0
2015,20395,PM10,36.5,248.0,1.0,0.0,0
2015,20396,PM10,48.7,245.0,1.0,0.0,0
2015,26173,PST,84.4,196.2,18.8,0.0,0
2015,26174,PST,51.9,72.1,25.4,0.0,0
2015,26175,PM10,44.8,132.4,5.3,3.0,0
2015,26176,PST,87.4,222.7,24.5,0.0,0
2015,26177,PM10,56.5,170.7,13.7,9.0,0
2015,26178,PM10,30.5,97.5,13.1,0.0,0
2015,26181,PM10,43.8,125.5,9.3,1.0,0
2015,26181,PST,87.7,193.5,25.2,0.0,0
2015,26184,PM10,44.0,120.1,9.5,2.0,0
2015,26184,PST,80.7,207.1,21.8,0.0,0
2015,26190,PM10,50.5,186.0,1.0,0.0,0
2015,26190,PM2.5,23.0,48.6,11.4,0.0,0
2015,26288,PM10,22.3,36.8,13.9,0.0,0
2015,28202,CO,139.47500000000002,432.725,37.1,0.0,0
2015,28202,DViento,97.8,360.0,0.0,0.0,0
2015,28202,HAire2,57.8,80.0,18.0,0.0,0
2015,28202,O3,30.3,136.9,0.2,1.0,0
2015,28202,PLiquida,0.1,28.1,0.0,0.0,0
2015,28202,PM10,25.5,97.9,6.7,0.0,0
2015,28202,PM2.5,8.9,32.2,2.5,0.0,0
2015,28202,RGlobal,139.47500000000002,432.725,0.0,0.0,0
2015,28202,SO2,1.2,8.2,0.3,0.0,0
2015,28202,TAire2,13.4,22.2,5.1,0.0,0
2015,28202,VViento,1.2,6.4,0.0,0.0,0
2015,28625,PM10,44.4,107.4,10.1,2.0,0
2015,29383,PM10,37.0,58.3,29.9,0.0,0
2015,29384,PM10,27.0,36.0,15.0,0.0,0
2015,29493,DViento,139.47500000000002,360.0,1.0,0.0,0
2015,29493,HAire10,61.7,90.9,13.2,0.0,0
2015,29493,NO,14.8,164.8,0.0,0.0,0
2015,29493,NO2,28.7,114.2,0.0,0.0,0
2015,29493,P,139.47500000000002,432.725,37.1,0.0,0
2015,29493,PM2.5,27.8,88.0,1.0,0.0,0
2015,29493,RGlobal,139.47500000000002,432.725,1.0,0.0,0
2015,29493,TAire10,22.6,31.5,15.3,0.0,0
2015,29493,VViento,1.7,4.7,1.0,0.0,0
2015,29501,DViento,36.7,357.6,2.2,0.0,0
2015,29501,HAire10,74.5,95.8,19.9,0.0,0
2015,29501,O3,32.5,146.1,0.2,6.0,0
2015,29501,P,139.47500000000002,432.725,37.1,0.0,0
2015,29501,RGlobal,139.47500000000002,432.725,0.0,0.0,0
2015,29501,TAire10,22.1,31.6,14.1,0.0,0
2015,29501,VViento,1.7,6.5,0.0,0.0,0
2015,29502,DViento,129.2,290.0,37.1,0.0,0
2015,29502,HAire10,66.1,93.1,12.9,0.0,0
2015,29502,NO,7.1,146.6,0.0,0.0,0
2015,29502,NO2,16.2,38.1,3.4,0.0,0
2015,29502,O3,29.9,243.9,0.0,39.0,0
2015,29502,P,139.47500000000002,432.725,37.1,0.0,0
2015,29502,PM10,45.5,201.0,2.0,0.0,0
2015,29502,RGlobal,139.47500000000002,432.725,1.0,0.0,0
2015,29502,TAire10,21.8,31.3,13.9,0.0,0
2015,29502,VViento,2.0,4.6,1.0,0.0,0
2015,29507,DViento,19.6,359.3,0.2,0.0,0
2015,29507,HAire10,65.0,94.4,11.6,0.0,0
2015,29507,NO,27.2,226.3,0.0,0.0,0
2015,29507,NO2,39.4,157.1,7.0,0.0,0
2015,29507,O3,22.1,232.5,0.0,43.0,0
2015,29507,P,139.47500000000002,432.725,37.1,0.0,0
2015,29507,PLiquida,4.0,24.2,1.1,0.0,0
2015,29507,PM2.5,31.7,78.0,4.0,0.0,0
2015,29507,RGlobal,139.47500000000002,432.725,1.0,0.0,0
2015,29507,TAire10,23.0,34.8,15.1,0.0,0
2015,29507,VViento,2.1,5.4,1.0,0.0,0
2015,29508,O3,33.2,142.1,2.4,114.0,0
2015,29508,PM10,33.8,70.0,17.0,0.0,0
2015,29509,CO,139.47500000000002,432.725,37.1,0.0,0
2015,29509,P,139.47500000000002,432.725,37.1,0.0,0
2015,29511,DViento,139.47500000000002,359.6,3.2,0.0,0
2015,29511,HAire10,68.3,92.2,16.7,0.0,0
2015,29511,O3,41.8,147.4,1.1,904.0,0
2015,29511,P,139.47500000000002,432.725,37.1,0.0,0
2015,29511,PLiquida,0.2,34.0,0.0,0.0,0
2015,29511,PM10,49.4,128.0,4.0,0.0,0
2015,29511,PM2.5,24.0,57.2,6.9,5.0,0
2015,29511,RGlobal,139.47500000000002,432.725,6.8,0.0,0
2015,29511,TAire10,20.6,30.3,13.9,0.0,0
2015,29511,VViento,1.7,5.1,1.0,0.0,0
2015,29529,DViento,139.47500000000002,359.7,0.2,0.0,0
2015,29529,HAire10,62.9,91.4,12.1,0.0,0
2015,29529,P,139.47500000000002,432.725,37.1,0.0,0
2015,29529,RGlobal,139.47500000000002,432.725,0.0,0.0,0
2015,29529,TAire10,22.6,31.8,15.3,0.0,0
2015,29529,VViento,0.8,5.1,0.0,0.0,0
2015,29574,PM10,36.9,94.5,5.5,0.0,0
2015,29585,TAire10,18.8,27.1,13.2,0.0,0
2015,29586,NO2,5.8,11.9,0.4,0.0,0
2015,29586,PM10,53.4,94.4,9.4,0.0,0
2015,29596,HAire2,73.1,99.0,32.5,0.0,0
2015,29596,PLiquida,0.6,32.5,0.0,0.0,0
2015,29596,PM10,57.0,105.4,25.8,1.0,0
2015,29596,TAire2,28.0,38.0,20.0,0.0,0
2015,29596,VViento,2.2,7.2,0.0,0.0,0
2015,29600,DViento,139.47500000000002,359.4,0.2,0.0,0
2015,29600,HAire10,72.7,93.7,14.9,0.0,0
2015,29600,O3,36.4,213.4,0.0,216.0,0
2015,29600,P,139.47500000000002,432.725,37.1,0.0,0
2015,29600,PM2.5,29.7,91.6,6.2,12.0,0
2015,29600,RGlobal,139.47500000000002,432.725,1.0,0.0,0
2015,29600,TAire10,19.3,29.4,10.2,0.0,0
2015,29600,VViento,1.8,4.1,1.0,0.0,0
2015,29615,NO2,9.9,10.4,9.3,0.0,0
2015,29615,PM10,56.3,59.3,37.1,0.0,0
2015,29617,NO2,11.8,28.6,0.3,0.0,0
2015,29617,PM10,65.2,148.6,8.0,9.0,0
2015,29637,PM10,40.3,76.8,9.9,0.0,0
2015,29650,PM10,42.2,72.8,7.8,0.0,0
2015,29962,PM10,45.0,56.9,34.2,0.0,0
2015,30003,PM10,47.9,98.7,15.1,0.0,0
2015,30004,PLiquida,0.2,129.8,0.0,0.0,0
2015,30004,PM10,46.8,76.3,17.9,0.0,0
2015,30039,PM10,27.2,40.6,13.3,0.0,0
2015,30040,NO2,6.6,8.1,5.3,0.0,0
2015,30040,PM10,54.9,64.9,37.1,0.0,0
2015,30057,PM10,48.2,81.3,18.9,0.0,0
2015,30090,PM10,21.4,48.4,4.4,0.0,0
2015,30109,PM10,39.2,201.6,0.4,0.0,0
2015,30109,SO2,4.6,42.7,1.2,0.0,0
2015,30110,DViento,109.8,359.9,0.1,0.0,0
2015,30110,HAire2,63.7,89.5,17.9,0.0,0
2015,30110,O3,38.3,165.5,1.4,88.0,0
2015,30110,PLiquida,0.1,45.7,0.0,0.0,0
2015,30110,PM10,58.0,99.1,24.8,0.0,0
2015,30110,PM2.5,17.9,121.0,1.0,0.0,0
2015,30110,RGlobal,97.7,432.725,0.0,0.0,0
2015,30110,TAire2,26.6,39.4,19.5,0.0,0
2015,30110,VViento,2.7,9.9,0.1,0.0,0
2015,30111,PM10,46.9,174.8,0.4,0.0,0
2015,30111,SO2,14.9,89.2,0.4,0.0,0
2015,30154,CO,139.47500000000002,432.725,37.1,0.0,0
2015,30154,DViento,91.9,121.0,37.1,0.0,0
2015,30154,HAire10,60.3,98.4,15.3,0.0,0
2015,30154,NO,10.8,68.8,1.2,0.0,0
2015,30154,NO2,21.8,58.3,1.9,0.0,0
2015,30154,PLiquida,0.1,0.7,0.0,0.0,0
2015,30154,PM10,38.9,92.0,10.0,0.0,0
2015,30154,PM2.5,21.5,27.9,14.9,0.0,0
2015,30154,TAire10,21.7,29.3,14.7,0.0,0
2015,30154,VViento,1.1,6.0,0.0,0.0,0
2015,30456,PM10,20.0,36.1,12.3,0.0,0
2015,30456,VViento,0.6,1.1,0.2,0.0,0
2015,30457,PLiquida,4.7,13.5,0.0,0.0,0
2015,30457,PM10,37.0,66.7,25.3,0.0,0
2015,30457,VViento,0.4,0.6,0.2,0.0,0
2015,30472,PM10,69.1,144.4,18.6,8.0,0
2015,30613,PLiquida,1.6,13.5,0.0,0.0,0
2015,30613,PM10,38.2,54.1,20.1,0.0,0
2015,30613,VViento,0.8,1.2,0.4,0.0,0
2015,30619,PLiquida,0.8,9.7,0.0,0.0,0
2015,30619,PM10,44.5,78.4,25.5,0.0,0
2015,30619,VViento,0.3,0.5,0.1,0.0,0
2015,30623,PLiquida,3.0,34.5,0.0,0.0,0
2015,30623,PM10,38.6,71.9,21.6,0.0,0
2015,30623,VViento,0.6,0.9,0.3,0.0,0
2015,30629,PLiquida,1.3,15.8,0.0,0.0,0
2015,30629,PM10,42.4,78.4,23.3,0.0,0
2015,30629,VViento,0.3,0.5,0.1,0.0,0
2015,30631,PLiquida,3.2,27.2,0.0,0.0,0
2015,30631,PM10,18.9,30.0,8.8,0.0,0
2015,30631,VViento,2.0,3.2,0.7,0.0,0
2015,30632,PLiquida,5.3,33.8,0.0,0.0,0
2015,30632,PM10,25.0,38.9,13.8,0.0,0
2015,30632,VViento,0.5,0.9,0.3,0.0,0
2015,30633,PLiquida,5.9,37.3,0.0,0.0,0
2015,30633,PM10,26.6,37.0,20.4,0.0,0
2015,30633,VViento,0.5,0.8,0.2,0.0,0
2015,30634,PLiquida,6.3,30.5,0.0,0.0,0
2015,30634,PM10,27.4,37.7,19.2,0.0,0
2015,30634,VViento,0.4,0.5,0.2,0.0,0
2015,30635,PLiquida,2.1,9.7,0.0,0.0,0
2015,30635,PM10,38.3,60.8,21.6,0.0,0
2015,30635,VViento,1.2,2.1,0.4,0.0,0
2015,30638,PLiquida,6.8,42.9,0.0,0.0,0
2015,30638,PM10,26.2,36.8,20.9,0.0,0
2015,30638,VViento,0.9,1.1,0.6,0.0,0
2015,30640,PLiquida,6.5,44.7,0.0,0.0,0
2015,30640,PM10,21.8,35.0,12.5,0.0,0
2015,30640,VViento,1.0,2.0,0.5,0.0,0
2015,30641,PLiquida,2.3,20.1,0.0,0.0,0
2015,30641,VViento,0.3,0.6,0.1,0.0,0
2015,30642,PLiquida,5.3,32.8,0.0,0.0,0
2015,30642,PM10,26.0,60.7,17.5,0.0,0
2015,30642,VViento,0.2,0.3,0.0,0.0,0
2015,30643,PM10,30.2,34.9,23.6,0.0,0
2015,30643,VViento,0.6,0.8,0.4,0.0,0
2015,30644,PLiquida,3.1,18.8,0.0,0.0,0
2015,30644,PM10,53.4,70.5,34.1,0.0,0
2015,30644,VViento,0.5,0.8,0.2,0.0,0
2015,30689,PM10,40.9,105.7,9.2,1.0,0
2015,30689,PST,84.2,191.9,25.2,0.0,0
2015,30691,DViento,139.47500000000002,268.6,0.0,0.0,0
2015,30691,HAire2,73.0,95.0,37.1,0.0,0
2015,30691,P,139.47500000000002,432.725,37.1,0.0,0
2015,30691,PLiquida,2.9,69.6,0.0,0.0,0
2015,30691,PM10,31.3,74.2,4.0,0.0,0
2015,30691,PM2.5,16.6,45.4,5.1,0.0,0
2015,30691,PST,42.8,92.5,16.3,0.0,0
2015,30691,RGlobal,139.47500000000002,374.4,37.1,0.0,0
2015,30691,TAire2,29.3,34.0,24.6,0.0,0
2015,30691,VViento,1.1,3.6,0.0,0.0,0
2015,30700,PM10,20.4,37.9,10.8,0.0,0
2015,30728,NO,12.0,140.0,0.1,0.0,0
2015,30728,NO2,20.3,54.0,2.5,0.0,0
2015,30728,O3,36.2,246.8,0.0,150.0,0
2015,30728,PM2.5,16.7,28.4,6.1,0.0,0
2015,30731,CO,139.47500000000002,432.725,37.1,0.0,0
2015,30731,DViento,35.7,359.1,0.0,0.0,0
2015,30731,NO,13.5,113.6,0.1,0.0,0
2015,30731,NO2,19.7,107.4,0.2,0.0,0
2015,30731,O3,26.0,110.7,1.2,0.0,0
2015,30731,P,139.47500000000002,432.725,37.1,0.0,0
2015,30731,PLiquida,0.1,19.5,0.0,0.0,0
2015,30731,PM2.5,20.6,34.1,12.5,0.0,0
2015,30731,RGlobal,139.47500000000002,432.725,0.0,0.0,0
2015,30731,SO2,22.0,206.1,5.2,0.0,0
2015,30731,TAire10,23.3,33.8,13.8,0.0,0
2015,30731,VViento,1.2,5.4,0.0,0.0,0
2015,30732,DViento,139.47500000000002,352.4,33.2,0.0,0
2015,30732,HAire10,75.3,94.6,4.6,0.0,0
2015,30732,O3,34.4,215.0,1.6,69.0,0
2015,30732,P,139.47500000000002,432.725,37.1,0.0,0
2015,30732,PLiquida,0.2,27.5,0.0,0.0,0
2015,30732,PM2.5,21.0,83.0,1.0,0.0,0
2015,30732,RGlobal,139.47500000000002,432.725,0.0,0.0,0
2015,30732,TAire10,18.1,27.3,0.0,0.0,0
2015,30732,VViento,1.1,19.8,0.0,0.0,0
2015,31431,O3,43.0,201.9,0.0,8.0,0
2015,31431,P,139.47500000000002,432.725,37.1,0.0,0
2015,31431,PM2.5,30.5,135.3,0.1,0.0,0
2015,31441,P,139.47500000000002,432.725,37.1,0.0,0
2015,31442,O3,25.1,76.5,0.6,0.0,0
2015,31442,P,139.47500000000002,432.725,37.1,0.0,0
2015,31852,PM10,27.4,40.9,13.2,0.0,0
2015,99999,CO,139.47500000000002,432.725,11.4,0.0,0
2015,99999,HAire2,18.1,28.0,0.0,0.0,0
2015,99999,NO,45.8,283.6,0.1,0.0,0
2015,99999,NO2,3.7,7.0,1.0,0.0,0
2015,99999,PLiquida,8.4,78.0,0.0,0.0,0
2015,99999,PM10,26.6,57.0,10.0,0.0,0
2015,99999,PM2.5,19.0,40.0,5.0,0.0,0
2015,99999,PST,33.5,75.7,13.8,0.0,0
2015,99999,TAire2,29.2,38.7,24.2,0.0,0
2015,99999,VViento,0.8,1.2,0.2,0.0,0
2016,8204,CO,139.47500000000002,432.725,37.1,0.0,0
2016,8204,PM10,34.1,432.725,2.2,0.0,0
2016,8205,O3,24.0,76.9,2.2,0.0,0
2016,8205,PM10,52.4,71.8,31.9,0.0,0
2016,8207,DViento,123.1,360.0,0.0,0.0,0
2016,8207,O3,37.8,143.0,1.0,246.0,0
2016,8207,PLiquida,0.1,29.4,0.0,0.0,0
2016,8207,PM10,41.8,115.9,17.2,4.0,0
2016,8207,PM2.5,17.3,58.7,4.9,5.0,0
2016,8207,VViento,1.7,6.8,0.0,0.0,0
2016,8208,CO,139.47500000000002,432.725,37.1,0.0,0
2016,8208,DViento,67.6,360.0,0.0,0.0,0
2016,8208,HAire2,62.4,87.0,13.0,0.0,0
2016,8208,NO,4.2,5.3,3.2,0.0,0
2016,8208,NO2,47.5,195.0,4.1,0.0,0
2016,8208,O3,15.7,154.2,0.2,24.0,0
2016,8208,P,139.47500000000002,432.725,37.1,0.0,0
2016,8208,PLiquida,0.1,54.1,0.0,0.0,0
2016,8208,PM10,40.1,103.8,11.5,1.0,0
2016,8208,PM2.5,19.1,102.3,0.1,0.0,0
2016,8208,TAire2,14.7,24.8,6.9,0.0,0
2016,8208,VViento,1.7,5.5,0.0,0.0,0
2016,8210,DViento,30.4,360.0,0.0,0.0,0
2016,8210,O3,28.7,217.0,0.2,63.0,0
2016,8210,PLiquida,0.1,18.4,0.0,0.0,0
2016,8210,PM10,51.4,432.725,2.0,0.0,0
2016,8210,PM2.5,22.0,235.0,1.0,0.0,0
2016,8210,SO2,5.0,24.7,1.0,0.0,0
2016,8210,TAire2,15.0,28.2,3.7,0.0,0
2016,8210,VViento,1.4,6.6,0.0,0.0,0
2016,8211,DViento,59.8,360.0,0.0,0.0,0
2016,8211,HAire2,68.2,88.0,20.0,0.0,0
2016,8211,NO2,22.1,101.4,0.2,0.0,0
2016,8211,O3,24.9,194.4,0.2,63.0,0
2016,8211,P,139.47500000000002,432.725,37.1,0.0,0
2016,8211,PLiquida,0.1,39.9,0.0,0.0,0
2016,8211,PM10,32.1,182.0,1.0,0.0,0
2016,8211,PM2.5,16.4,97.0,1.0,0.0,0
2016,8211,TAire2,15.1,27.3,3.1,0.0,0
2016,8211,VViento,0.9,5.4,0.0,0.0,0
2016,8213,CO,139.47500000000002,432.725,37.1,0.0,0
2016,8213,DViento,139.47500000000002,360.0,0.0,0.0,0
2016,8213,HAire2,67.3,91.0,15.0,0.0,0
2016,8213,NO,11.8,20.7,2.9,0.0,0
2016,8213,NO2,32.5,150.8,0.2,0.0,0
2016,8213,O3,25.2,178.1,0.2,60.0,0
2016,8213,PLiquida,0.1,39.2,0.0,0.0,0
2016,8213,PM10,34.9,86.1,6.9,0.0,0
2016,8213,PM2.5,20.0,52.5,4.4,2.0,0
2016,8213,RGlobal,139.47500000000002,432.725,0.0,0.0,0
2016,8213,SO2,4.3,13.2,0.7,0.0,0
2016,8213,TAire2,15.4,27.0,4.5,0.0,0
2016,8213,VViento,1.2,4.8,0.0,0.0,0
2016,8214,CO,139.47500000000002,432.725,37.1,0.0,0
2016,8214,DViento,139.47500000000002,360.0,0.0,0.0,0
2016,8214,HAire2,64.3,84.0,15.0,0.0,0
2016,8214,NO2,20.4,83.7,0.4,0.0,0
2016,8214,O3,15.6,125.3,0.9,134.0,0
2016,8214,P,139.47500000000002,432.725,37.1,0.0,0
2016,8214,PLiquida,0.1,29.9,0.0,0.0,0
2016,8214,PM10,58.2,114.4,26.0,12.0,0
2016,8214,PM2.5,30.1,59.3,12.6,15.0,0
2016,8214,SO2,4.9,14.9,0.9,0.0,0
2016,8214,TAire2,15.4,24.8,7.7,0.0,0
2016,8214,VViento,2.4,7.2,0.0,0.0,0
2016,8215,DViento,118.0,360.0,0.0,0.0,0
2016,8215,O3,24.6,145.4,0.2,9.0,0
2016,8215,PLiquida,0.1,23.7,0.0,0.0,0
2016,8215,PM10,34.4,170.0,4.9,0.0,0
2016,8215,PM2.5,18.1,68.7,4.1,4.0,0
2016,8215,VViento,1.5,7.3,0.0,0.0,0
2016,8216,CO,139.47500000000002,432.725,37.1,0.0,0
2016,8216,DViento,139.47500000000002,360.0,0.0,0.0,0
2016,8216,NO,9.2,10.5,7.8,0.0,0
2016,8216,NO2,32.5,158.9,1.7,0.0,0
2016,8216,O3,15.6,127.5,0.2,5.0,0
2016,8216,PLiquida,0.1,43.3,0.0,0.0,0
2016,8216,PM10,52.2,324.0,4.0,0.0,0
2016,8216,PM2.5,23.3,43.7,6.8,0.0,0
2016,8216,SO2,4.5,11.5,1.5,0.0,0
2016,8216,TAire2,15.0,23.2,8.7,0.0,0
2016,8216,VViento,2.1,8.0,0.0,0.0,0
2016,8218,CO,139.47500000000002,432.725,37.1,0.0,0
2016,8218,DViento,139.47500000000002,360.0,0.0,0.0,0
2016,8218,NO,35.8,38.8,32.7,0.0,0
2016,8218,NO2,54.4,154.2,3.4,0.0,0
2016,8218,O3,18.8,91.6,0.7,16.0,0
2016,8218,PLiquida,0.1,27.6,0.0,0.0,0
2016,8218,PM10,76.1,332.0,1.0,0.0,0
2016,8218,PM2.5,29.8,95.6,0.1,0.0,0
2016,8218,PST,31.4,38.0,26.0,0.0,0
2016,8218,SO2,14.2,40.8,1.0,0.0,0
2016,8218,TAire2,16.0,25.9,8.3,0.0,0
2016,8218,VViento,2.2,5.7,0.0,0.0,0
2016,8219,CO,139.47500000000002,432.725,37.1,0.0,0
2016,8219,DViento,139.47500000000002,360.0,0.0,0.0,0
2016,8219,HAire2,62.4,88.0,10.0,0.0,0
2016,8219,NO,11.8,13.4,10.3,0.0,0
2016,8219,NO2,31.8,158.2,5.6,1.0,0
2016,8219,O3,19.3,92.6,0.2,0.0,0
2016,8219,PLiquida,0.1,18.4,0.0,0.0,0
2016,8219,PM10,50.2,432.725,2.0,0.0,0
2016,8219,PM2.5,23.4,61.4,6.4,11.0,0
2016,8219,TAire2,13.8,25.7,4.0,0.0,0
2016,8219,VViento,1.2,5.2,0.0,0.0,0
2016,8234,PM10,32.0,88.0,14.0,0.0,0
2016,8245,SO2,52.9,115.4,16.6,0.0,0
2016,8246,NO2,9.5,11.0,0.1,0.0,0
2016,8246,PM10,68.5,154.6,26.4,4.0,0
2016,8246,PST,117.4,218.4,37.1,0.0,0
2016,8246,SO2,11.0,11.0,11.0,0.0,0
2016,8247,PM10,32.7,202.3,6.3,6.0,0
2016,8247,PM2.5,19.8,238.0,1.0,0.0,0
2016,8248,NO2,11.0,11.0,11.0,0.0,0
2016,8248,PM10,44.5,167.9,13.0,7.0,0
2016,8248,PST,55.5,369.3,25.9,1.0,0
2016,8248,SO2,11.0,11.0,11.0,0.0,0
2016,8249,NO2,9.8,10.3,9.5,0.0,0
2016,8249,PM10,34.7,43.3,30.6,0.0,0
2016,8249,SO2,46.5,48.7,37.1,0.0,0
2016,8250,NO2,2.2,410.2,0.2,6.0,0
2016,8251,NO2,14.6,15.2,13.1,0.0,0
2016,8251,PM10,75.5,77.5,37.1,0.0,0
2016,8251,PST,63.7,249.8,16.6,0.0,0
2016,8251,SO2,53.8,55.0,37.1,0.0,0
2016,8252,PM10,27.7,80.1,8.5,0.0,0
2016,8252,PM2.5,9.9,23.3,2.7,0.0,0
2016,8254,PM10,19.7,150.0,1.0,0.0,0
2016,8258,DViento,139.47500000000002,360.0,0.0,0.0,0
2016,8258,HAire10,54.8,68.0,37.1,0.0,0
2016,8258,P,139.47500000000002,432.725,37.1,0.0,0
2016,8258,PLiquida,0.2,22.1,0.0,0.0,0
2016,8258,PM10,34.6,89.0,17.0,0.0,0
2016,8258,TAire10,25.1,33.4,20.0,0.0,0
2016,8285,O3,22.5,126.7,0.0,2.0,0
2016,8285,PM2.5,23.9,119.0,1.0,0.0,0
2016,8285,SO2,6.6,40.4,0.0,0.0,0
2016,8288,DViento,55.5,360.0,0.0,0.0,0
2016,8288,HAire2,69.7,88.8,37.1,0.0,0
2016,8288,O3,31.7,135.4,2.1,522.0,0
2016,8288,PLiquida,0.1,48.4,0.0,0.0,0
2016,8288,PM10,36.5,160.0,1.0,0.0,0
2016,8288,VViento,0.5,6.1,0.0,0.0,0
2016,8291,NO2,13.4,65.8,0.0,0.0,0
2016,8291,O3,37.4,141.2,3.7,677.0,0
2016,8291,PM2.5,14.7,113.0,1.0,0.0,0
2016,8300,PM10,43.1,210.0,0.1,0.0,0
2016,8300,SO2,4.1,17.9,0.3,0.0,0
2016,8775,PM10,42.6,68.9,12.6,0.0,0
2016,8776,PM10,81.1,432.725,0.1,0.0,0
2016,8776,PM2.5,26.7,84.2,7.4,4.0,0
2016,8777,PM10,33.4,65.6,2.8,0.0,0
2016,8805,PM10,16.4,43.3,1.7,0.0,0
2016,8905,PM10,14.3,27.9,6.2,0.0,0
2016,8970,HAire2,72.3,98.0,0.0,0.0,0
2016,8970,PLiquida,0.4,25.6,0.0,0.0,0
2016,8970,PM10,46.5,70.0,23.5,0.0,0
2016,8970,PST,139.47500000000002,209.3,37.1,0.0,0
2016,8970,TAire2,28.6,37.8,19.4,0.0,0
2016,8970,VViento,1.6,6.3,0.0,0.0,0
2016,8973,HAire2,69.8,88.3,37.1,0.0,0
2016,8973,PLiquida,0.3,9.4,0.0,0.0,0
2016,8973,PM10,50.3,65.2,33.9,0.0,0
2016,8973,TAire2,28.7,37.3,19.5,0.0,0
2016,8973,VViento,0.8,4.5,0.0,0.0,0
2016,8977,PM10,91.2,184.4,35.6,8.0,0
2016,8978,PM10,56.8,79.3,22.9,0.0,0
2016,8980,PM10,50.4,123.4,31.8,1.0,0
2016,8981,PM10,71.3,121.8,34.7,3.0,0
2016,8983,PM10,34.2,54.8,21.6,0.0,0
2016,8983,PST,69.1,101.3,37.1,0.0,0
2016,8984,PM10,43.7,64.1,19.2,0.0,0
2016,8986,O3,20.9,111.0,0.7,0.0,0
2016,8986,PLiquida,0.2,51.8,0.0,0.0,0
2016,8986,PM10,33.2,68.9,9.5,0.0,0
2016,8990,PM10,35.9,77.0,13.0,0.0,0
2016,8990,PST,58.0,106.0,33.0,0.0,0
2016,9019,PM10,32.7,34.2,29.5,0.0,0
2016,9019,PM2.5,18.2,20.6,15.1,0.0,0
2016,9020,DViento,77.6,350.9,5.5,0.0,0
2016,9020,HAire10,69.0,91.8,22.9,0.0,0
2016,9020,P,139.47500000000002,432.725,37.1,0.0,0
2016,9020,PLiquida,0.2,33.0,0.0,0.0,0
2016,9020,PM10,48.4,219.0,2.0,0.0,0
2016,9020,RGlobal,139.47500000000002,432.725,0.0,0.0,0
2016,9020,TAire10,22.6,33.5,14.3,0.0,0
2016,9020,VViento,1.5,6.8,0.0,0.0,0
2016,9021,PM10,51.6,216.0,4.0,0.0,0
2016,9021,PST,70.2,164.2,29.4,0.0,0
2016,9023,CO,139.47500000000002,432.725,22.9,0.0,0
2016,9023,DViento,45.4,359.9,0.6,0.0,0
2016,9023,HAire10,64.0,92.6,14.6,0.0,0
2016,9023,NO,44.0,290.9,0.0,0.0,0
2016,9023,NO2,46.6,80.7,15.9,0.0,0
2016,9023,P,139.47500000000002,432.725,37.1,0.0,0
2016,9023,PLiquida,0.2,31.8,0.0,0.0,0
2016,9023,PM10,45.7,115.5,11.9,4.0,0
2016,9023,RGlobal,139.47500000000002,432.725,0.0,0.0,0
2016,9023,TAire10,22.8,33.4,13.4,0.0,0
2016,9023,VViento,1.0,4.4,0.0,0.0,0
2016,9025,PM10,64.2,247.0,4.0,0.0,0
2016,9026,PM10,45.9,134.9,10.8,7.0,0
2016,9026,PM2.5,22.9,56.5,6.5,2.0,0
2016,9026,PST,87.5,294.3,18.9,0.0,0
2016,9027,DViento,139.47500000000002,360.0,0.0,0.0,0
2016,9027,HAire2,80.5,96.4,37.1,0.0,0
2016,9027,P,139.47500000000002,432.725,37.1,0.0,0
2016,9027,PLiquida,5.3,80.4,0.0,0.0,0
2016,9027,PM10,44.5,177.3,9.2,5.0,0
2016,9027,PST,79.8,388.5,16.2,1.0,0
2016,9027,RGlobal,139.47500000000002,432.725,37.1,0.0,0
2016,9027,TAire2,28.5,32.0,24.8,0.0,0
2016,9027,VViento,0.7,9.7,0.0,0.0,0
2016,9038,PM10,52.5,178.0,6.7,4.0,0
2016,9039,PM10,52.0,292.2,0.9,3.0,0
2016,9041,PM10,38.5,110.9,9.2,2.0,0
2016,9042,DViento,139.47500000000002,360.0,0.0,0.0,0
2016,9042,HAire2,76.6,96.3,37.1,0.0,0
2016,9042,P,139.47500000000002,432.725,37.1,0.0,0
2016,9042,PLiquida,3.1,70.8,0.0,0.0,0
2016,9042,PM10,35.6,232.1,7.2,5.0,0
2016,9042,PM2.5,9.0,18.0,4.3,0.0,0
2016,9042,PST,74.5,357.8,19.4,1.0,0
2016,9042,RGlobal,139.47500000000002,432.725,37.1,0.0,0
2016,9042,TAire2,28.4,33.4,23.3,0.0,0
2016,9042,VViento,1.1,8.9,0.0,0.0,0
2016,9043,PM10,42.0,125.9,10.0,3.0,0
2016,9043,PST,56.8,251.7,12.3,0.0,0
2016,9044,DViento,139.47500000000002,228.8,36.0,0.0,0
2016,9044,HAire2,64.7,94.4,37.1,0.0,0
2016,9044,P,139.47500000000002,432.725,37.1,0.0,0
2016,9044,PLiquida,1.4,50.2,0.0,0.0,0
2016,9044,PM10,41.1,105.6,11.0,1.0,0
2016,9044,PST,93.3,189.3,17.9,0.0,0
2016,9044,TAire2,30.8,33.5,25.7,0.0,0
2016,9044,VViento,0.9,3.0,0.0,0.0,0
2016,9047,PM10,58.1,200.5,16.8,12.0,0
2016,9047,PM2.5,35.2,93.2,6.5,12.0,0
2016,9047,PST,118.1,352.0,37.1,2.0,0
2016,9048,PM10,49.8,120.9,16.3,4.0,0
2016,9048,PM2.5,20.9,75.6,5.3,4.0,0
2016,9048,PST,109.1,294.8,28.3,0.0,0
2016,9050,PM10,30.8,88.8,6.2,0.0,0
2016,9050,PST,63.3,241.8,10.1,0.0,0
2016,9051,PM10,53.9,154.0,11.4,10.0,0
2016,9051,PST,80.9,293.8,13.8,0.0,0
2016,9053,DViento,139.47500000000002,360.0,0.0,0.0,0
2016,9053,HAire2,76.0,96.8,37.1,0.0,0
2016,9053,P,139.47500000000002,432.725,37.1,0.0,0
2016,9053,PLiquida,4.3,104.0,0.0,0.0,0
2016,9053,PM10,34.8,89.7,5.0,0.0,0
2016,9053,RGlobal,139.47500000000002,296.0,19.5,0.0,0
2016,9053,TAire2,29.6,33.2,24.0,0.0,0
2016,9053,VViento,0.7,9.7,0.0,0.0,0
2016,9056,PM10,47.2,125.3,14.9,3.0,0
2016,9056,PST,69.7,183.4,26.2,0.0,0
2016,9057,PM10,51.1,106.6,19.4,1.0,0
2016,9060,PM10,50.8,106.8,21.7,1.0,0
2016,9060,PM2.5,32.5,94.3,10.5,11.0,0
2016,9085,PM10,32.8,101.1,7.9,1.0,0
2016,9101,PM10,37.0,92.7,15.1,0.0,0
2016,9102,PM10,48.0,119.6,20.5,2.0,0
2016,9104,PM10,50.7,108.0,16.8,2.0,0
2016,9117,PM10,30.3,48.3,13.9,0.0,0
2016,9144,PM10,21.5,29.0,18.0,0.0,0
2016,9166,NO2,10.6,11.0,0.1,0.0,0
2016,9166,PM10,39.7,56.7,18.8,0.0,0
2016,9166,PST,87.1,432.725,37.1,1.0,0
2016,9166,SO2,11.0,11.0,11.0,0.0,0
2016,9172,PM10,26.3,59.4,0.4,0.0,0
2016,9172,PST,59.6,132.7,28.3,0.0,0
2016,19566,NO2,13.6,14.1,13.2,0.0,0
2016,19566,PM10,108.1,432.725,29.0,0.0,0
2016,19661,PM10,28.7,48.7,12.3,0.0,0
2016,19662,PM10,34.6,68.5,8.9,0.0,0
2016,19664,PM10,21.1,58.2,8.2,0.0,0
2016,19664,PST,43.9,95.4,16.6,0.0,0
2016,19665,PM10,43.3,73.7,17.3,0.0,0
2016,19666,PST,139.47500000000002,261.7,37.1,0.0,0
2016,20383,PM10,85.9,155.0,34.7,17.0,0
2016,20385,CO,139.47500000000002,432.725,37.1,0.0,0
2016,20385,NO2,20.8,116.0,0.2,0.0,0
2016,20385,O3,15.9,110.1,0.0,0.0,0
2016,20385,PM10,59.5,432.725,0.1,0.0,0
2016,20395,PM10,37.0,220.0,1.0,0.0,0
2016,26173,PST,104.2,204.7,37.1,0.0,0
2016,26175,PM10,39.9,110.9,7.8,3.0,0
2016,26176,PST,82.4,159.6,21.0,0.0,0
2016,26177,PM10,50.1,123.5,13.8,4.0,0
2016,26179,PM10,44.9,92.5,15.1,0.0,0
2016,26181,PM10,34.0,70.2,9.4,0.0,0
2016,26181,PST,61.0,110.8,22.1,0.0,0
2016,26182,PM10,35.4,79.9,6.5,0.0,0
2016,26184,PM10,34.8,120.6,11.3,1.0,0
2016,26184,PST,64.2,159.4,20.0,0.0,0
2016,26189,DViento,1.0,1.0,1.0,0.0,0
2016,26189,NO,1.0,1.0,1.0,0.0,0
2016,26189,PLiquida,1.0,1.0,1.0,0.0,0
2016,26189,TAire2,1.0,1.0,1.0,0.0,0
2016,26189,VViento,1.0,1.0,1.0,0.0,0
2016,26190,PM10,38.0,61.9,15.6,0.0,0
2016,26190,PM2.5,16.1,24.6,7.4,0.0,0
2016,26288,PM10,25.6,60.6,3.6,0.0,0
2016,28202,CO,139.47500000000002,432.725,37.1,0.0,0
2016,28202,DViento,139.47500000000002,344.3,11.4,0.0,0
2016,28202,HAire2,58.7,80.0,10.0,0.0,0
2016,28202,O3,19.7,303.5,0.2,3.0,0
2016,28202,PLiquida,0.1,47.1,0.0,0.0,0
2016,28202,PM10,27.0,335.3,1.0,0.0,0
2016,28202,PM2.5,11.7,81.5,0.1,0.0,0
2016,28202,SO2,2.0,4.5,0.4,0.0,0
2016,28202,TAire2,13.7,23.9,6.6,0.0,0
2016,28202,VViento,1.7,7.5,0.0,0.0,0
2016,28203,DViento,67.6,360.0,0.0,0.0,0
2016,28203,PLiquida,0.1,20.8,0.0,0.0,0
2016,28203,VViento,2.1,6.8,0.0,0.0,0
2016,28625,PM10,38.8,63.6,23.3,0.0,0
2016,29384,PM10,23.0,46.4,8.0,0.0,0
2016,29493,DViento,139.47500000000002,360.0,0.0,0.0,0
2016,29493,HAire10,63.8,90.5,16.2,0.0,0
2016,29493,NO,16.5,155.8,0.0,0.0,0
2016,29493,NO2,27.5,59.3,7.4,0.0,0
2016,29493,P,139.47500000000002,432.725,37.1,0.0,0
2016,29493,PM2.5,29.4,92.7,11.2,18.0,0
2016,29493,RGlobal,124.3,432.725,0.0,0.0,0
2016,29493,TAire10,22.4,33.6,12.6,0.0,0
2016,29493,VViento,1.0,4.6,0.0,0.0,0
2016,29501,DViento,48.3,357.5,1.8,0.0,0
2016,29501,HAire10,76.2,99.0,19.1,0.0,0
2016,29501,O3,30.5,140.9,0.0,3.0,0
2016,29501,P,139.47500000000002,432.725,37.1,0.0,0
2016,29501,RGlobal,139.47500000000002,432.725,0.0,0.0,0
2016,29501,TAire10,22.0,32.7,12.9,0.0,0
2016,29501,VViento,1.8,7.1,0.0,0.0,0
2016,29502,DViento,119.3,352.9,37.1,0.0,0
2016,29502,HAire10,68.0,93.0,16.7,0.0,0
2016,29502,NO,8.3,195.1,0.0,0.0,0
2016,29502,NO2,19.2,143.5,0.2,0.0,0
2016,29502,O3,25.6,110.6,0.1,51.0,0
2016,29502,P,139.47500000000002,432.725,37.1,0.0,0
2016,29502,PM10,46.3,432.725,2.0,0.0,0
2016,29502,RGlobal,139.47500000000002,432.725,0.0,0.0,0
2016,29502,TAire10,21.7,32.2,11.1,0.0,0
2016,29502,VViento,1.4,4.6,0.0,0.0,0
2016,29507,DViento,3.5,359.9,0.2,0.0,0
2016,29507,HAire10,66.7,92.9,14.4,0.0,0
2016,29507,NO,27.3,209.6,0.0,0.0,0
2016,29507,NO2,36.1,67.2,14.8,0.0,0
2016,29507,O3,24.6,190.2,0.0,42.0,0
2016,29507,P,139.47500000000002,432.725,37.1,0.0,0
2016,29507,PLiquida,0.2,27.1,0.0,0.0,0
2016,29507,PM2.5,33.1,104.3,13.1,33.0,0
2016,29507,RGlobal,139.47500000000002,432.725,0.0,0.0,0
2016,29507,TAire10,22.7,34.9,12.2,0.0,0
2016,29507,VViento,1.4,5.0,0.0,0.0,0
2016,29509,DViento,139.47500000000002,359.9,0.1,0.0,0
2016,29509,NO,43.8,316.9,0.0,0.0,0
2016,29509,NO2,60.2,236.9,7.3,2.0,0
2016,29509,O3,20.3,186.1,0.0,35.0,0
2016,29509,P,139.47500000000002,432.725,37.1,0.0,0
2016,29509,PM10,67.2,146.9,31.5,15.0,0
2016,29509,PM2.5,39.4,112.3,16.6,46.0,0
2016,29509,RGlobal,139.47500000000002,432.725,0.0,0.0,0
2016,29509,TAire10,22.8,33.4,14.5,0.0,0
2016,29509,VViento,0.8,2.3,0.0,0.0,0
2016,29511,DViento,139.47500000000002,358.5,0.5,0.0,0
2016,29511,HAire10,71.2,99.6,23.0,0.0,0
2016,29511,O3,39.4,241.8,0.0,413.0,0
2016,29511,P,139.47500000000002,432.725,37.1,0.0,0
2016,29511,PLiquida,0.2,32.5,0.0,0.0,0
2016,29511,PM10,50.2,219.0,1.0,0.0,0
2016,29511,PM2.5,25.8,87.5,8.0,16.0,0
2016,29511,RGlobal,139.47500000000002,432.725,0.0,0.0,0
2016,29511,TAire10,20.4,30.7,10.7,0.0,0
2016,29511,VViento,0.7,4.4,0.0,0.0,0
2016,29529,DViento,139.47500000000002,359.2,0.2,0.0,0
2016,29529,HAire10,65.4,91.2,14.4,0.0,0
2016,29529,O3,30.3,272.9,0.0,173.0,0
2016,29529,P,139.47500000000002,432.725,37.1,0.0,0
2016,29529,RGlobal,139.47500000000002,432.725,0.0,0.0,0
2016,29529,TAire10,22.5,32.7,11.9,0.0,0
2016,29529,VViento,0.5,3.9,0.0,0.0,0
2016,29574,PM10,40.1,178.8,6.9,6.0,0
2016,29596,HAire2,68.9,98.0,32.0,0.0,0
2016,29596,TAire2,28.1,37.7,19.9,0.0,0
2016,29596,VViento,2.8,9.4,0.0,0.0,0
2016,29600,DViento,139.47500000000002,360.0,0.2,0.0,0
2016,29600,HAire10,75.2,94.4,21.9,0.0,0
2016,29600,O3,35.8,245.1,1.8,306.0,0
2016,29600,P,139.47500000000002,432.725,37.1,0.0,0
2016,29600,PM2.5,33.6,93.0,13.3,25.0,0
2016,29600,RGlobal,124.0,432.725,0.0,0.0,0
2016,29600,TAire10,20.4,31.7,8.7,0.0,0
2016,29600,VViento,1.2,3.8,0.0,0.0,0
2016,29615,NO2,12.1,12.5,9.0,0.0,0
2016,29615,PM10,52.7,237.0,15.0,0.0,0
2016,29615,SO2,50.6,52.3,37.1,0.0,0
2016,29962,PM10,37.8,88.5,1.4,0.0,0
2016,30003,PM10,41.3,108.0,4.7,2.0,0
2016,30004,O3,18.4,129.2,2.2,1.0,0
2016,30004,PLiquida,0.3,81.5,0.0,0.0,0
2016,30004,PM10,49.5,228.5,0.1,0.0,0
2016,30044,PM10,38.6,149.7,1.0,0.0,0
2016,30044,SO2,59.9,140.0,6.3,0.0,0
2016,30057,PM10,50.2,135.6,10.3,2.0,0
2016,30090,PM10,20.4,51.3,6.8,0.0,0
2016,30109,PM10,35.7,74.9,15.2,0.0,0
2016,30109,SO2,3.2,186.7,0.0,0.0,0
2016,30110,DViento,109.9,360.0,0.0,0.0,0
2016,30110,HAire2,58.9,89.1,15.6,0.0,0
2016,30110,O3,28.6,150.7,0.5,42.0,0
2016,30110,PLiquida,0.3,47.2,0.0,0.0,0
2016,30110,PM10,50.8,184.0,1.0,0.0,0
2016,30110,PM2.5,15.1,115.0,1.0,0.0,0
2016,30110,RGlobal,94.0,432.725,0.0,0.0,0
2016,30110,TAire2,28.0,39.3,20.2,0.0,0
2016,30110,VViento,2.7,9.5,0.0,0.0,0
2016,30111,PM10,50.3,225.6,0.4,0.0,0
2016,30111,SO2,6.0,28.0,0.5,0.0,0
2016,30437,PLiquida,7.0,41.4,0.0,0.0,0
2016,30437,PM10,40.7,57.6,26.5,0.0,0
2016,30437,VViento,0.9,1.2,0.7,0.0,0
2016,30472,PM10,50.5,138.3,12.9,9.0,0
2016,30643,PLiquida,0.8,5.8,0.0,0.0,0
2016,30643,PM10,26.5,31.7,18.7,0.0,0
2016,30643,VViento,0.6,1.2,0.2,0.0,0
2016,30653,PM10,43.3,110.2,11.3,1.0,0
2016,30689,PM10,49.4,77.3,31.2,0.0,0
2016,30689,PST,124.3,172.0,37.1,0.0,0
2016,30691,DViento,122.6,360.0,0.0,0.0,0
2016,30691,HAire2,78.5,98.6,37.1,0.0,0
2016,30691,P,139.47500000000002,432.725,37.1,0.0,0
2016,30691,PLiquida,3.1,64.9,0.0,0.0,0
2016,30691,PM10,26.2,75.0,7.1,0.0,0
2016,30691,PM2.5,16.1,58.7,3.2,1.0,0
2016,30691,PST,40.9,122.3,12.2,0.0,0
2016,30691,RGlobal,139.47500000000002,432.725,0.0,0.0,0
2016,30691,TAire2,28.4,33.6,23.4,0.0,0
2016,30691,VViento,0.8,10.3,0.0,0.0,0
2016,30700,PM10,22.9,41.7,14.2,0.0,0
2016,30715,PM10,45.6,61.8,33.6,0.0,0
2016,30728,NO,17.0,157.2,0.1,0.0,0
2016,30728,NO2,36.5,159.5,6.2,0.0,0
2016,30728,O3,42.7,300.2,0.2,333.0,0
2016,30728,PM2.5,31.5,61.2,17.8,6.0,0
2016,30728,VViento,1.5,1.8,1.0,0.0,0
2016,30729,PM10,25.1,38.9,17.9,0.0,0
2016,30731,CO,139.47500000000002,432.725,37.1,0.0,0
2016,30731,DViento,139.47500000000002,359.9,0.1,0.0,0
2016,30731,HAire10,65.6,95.6,6.5,0.0,0
2016,30731,NO,12.2,116.6,0.0,0.0,0
2016,30731,NO2,21.9,43.9,5.8,0.0,0
2016,30731,O3,28.7,149.1,1.8,4.0,0
2016,30731,P,139.47500000000002,432.725,37.1,0.0,0
2016,30731,PLiquida,0.1,30.0,0.0,0.0,0
2016,30731,PM2.5,24.4,99.8,7.6,19.0,0
2016,30731,RGlobal,139.47500000000002,432.725,0.0,0.0,0
2016,30731,SO2,19.7,41.0,4.9,0.0,0
2016,30731,TAire10,22.5,26.0,18.9,0.0,0
2016,30731,VViento,2.3,9.7,0.0,0.0,0
2016,30732,DViento,93.6,355.6,3.8,0.0,0
2016,30732,HAire10,76.2,96.3,18.5,0.0,0
2016,30732,O3,32.9,322.3,0.0,285.0,0
2016,30732,P,139.47500000000002,432.725,37.1,0.0,0
2016,30732,PLiquida,0.2,30.0,0.0,0.0,0
2016,30732,PM2.5,26.9,90.1,6.1,19.0,0
2016,30732,RGlobal,139.47500000000002,432.725,0.0,0.0,0
2016,30732,TAire10,18.1,28.8,9.9,0.0,0
2016,30732,VViento,0.8,9.4,0.0,0.0,0
2016,30733,CO,139.47500000000002,432.725,0.6,0.0,0
2016,30733,DViento,139.47500000000002,356.4,0.1,0.0,0
2016,30733,HAire10,66.5,91.6,17.9,0.0,0
2016,30733,NO,37.0,257.2,0.0,0.0,0
2016,30733,NO2,30.4,66.4,6.2,0.0,0
2016,30733,PLiquida,0.2,37.6,0.0,0.0,0
2016,30733,PM2.5,50.5,117.8,21.9,126.0,0
2016,30733,RGlobal,123.9,432.725,0.0,0.0,0
2016,30733,TAire10,21.4,31.5,10.9,0.0,0
2016,30733,VViento,1.3,5.8,0.0,0.0,0
2016,30753,PLiquida,10.5,65.3,0.0,0.0,0
2016,30753,PM10,33.0,113.4,21.2,1.0,0
2016,30753,VViento,0.5,0.7,0.2,0.0,0
2016,30758,PM10,45.0,226.4,0.2,4.0,0
2016,30762,PLiquida,4.3,31.2,0.0,0.0,0
2016,30762,PM10,19.6,28.2,13.4,0.0,0
2016,30762,VViento,0.5,0.9,0.2,0.0,0
2016,30768,PLiquida,5.2,12.7,0.0,0.0,0
2016,30768,PM10,13.8,23.6,9.0,0.0,0
2016,30768,VViento,0.8,1.0,0.5,0.0,0
2016,30786,PLiquida,3.6,11.7,0.0,0.0,0
2016,30786,PM10,23.8,33.7,19.8,0.0,0
2016,30786,VViento,0.1,0.2,0.1,0.0,0
2016,30788,PLiquida,5.9,35.5,0.0,0.0,0
2016,30788,PM10,14.5,19.1,11.1,0.0,0
2016,30788,VViento,0.9,1.2,0.5,0.0,0
2016,30790,PM10,34.8,39.8,32.2,0.0,0
2016,30792,PLiquida,7.4,24.1,0.5,0.0,0
2016,30792,PM10,20.7,22.2,18.6,0.0,0
2016,30792,VViento,0.3,0.5,0.2,0.0,0
2016,30793,PLiquida,3.6,14.5,0.0,0.0,0
2016,30793,PM10,17.3,19.8,14.2,0.0,0
2016,30793,VViento,0.2,0.3,0.2,0.0,0
2016,30795,PM10,22.3,44.1,13.1,0.0,0
2016,30810,O3,27.4,88.6,0.8,6.0,0
2016,30810,PM10,34.6,432.725,3.4,0.0,0
2016,30810,SO2,6.6,196.0,0.0,0.0,0
2016,30812,PM10,35.0,50.6,20.2,0.0,0
2016,30815,O3,23.4,230.0,0.8,9.0,0
2016,30815,PM10,34.2,192.1,1.2,0.0,0
2016,30815,SO2,16.5,54.0,1.9,0.0,0
2016,31342,NO,33.9,252.7,0.0,0.0,0
2016,31342,NO2,39.4,199.1,2.8,0.0,0
2016,31342,PM10,56.8,227.0,3.0,0.0,0
2016,31431,O3,44.6,141.0,0.1,4.0,0
2016,31431,P,139.47500000000002,432.725,37.1,0.0,0
2016,31431,PM10,58.1,84.9,0.5,0.0,0
2016,31431,PM2.5,16.5,64.1,0.0,0.0,0
2016,31441,O3,30.9,136.5,0.0,7.0,0
2016,31441,P,139.47500000000002,432.725,37.1,0.0,0
2016,31441,PM2.5,19.9,91.1,6.8,3.0,0
2016,31442,O3,18.9,110.7,0.8,10.0,0
2016,31442,P,139.47500000000002,432.725,37.1,0.0,0
2016,31825,DViento,1.0,1.0,1.0,0.0,0
2016,31825,NO,1.0,1.0,1.0,0.0,0
2016,31825,PLiquida,1.0,1.0,1.0,0.0,0
2016,31825,TAire2,1.0,1.0,1.0,0.0,0
2016,31825,VViento,1.0,1.0,1.0,0.0,0
2016,31827,DViento,1.0,1.0,1.0,0.0,0
2016,31827,NO,1.0,1.0,1.0,0.0,0
2016,31827,PLiquida,1.0,1.0,1.0,0.0,0
2016,31827,TAire2,1.0,1.0,1.0,0.0,0
2016,31827,VViento,1.0,1.0,1.0,0.0,0
2016,31829,DViento,1.0,1.0,1.0,0.0,0
2016,31829,NO,1.0,1.0,1.0,0.0,0
2016,31829,PLiquida,1.0,1.0,1.0,0.0,0
2016,31829,TAire2,1.0,1.0,1.0,0.0,0
2016,31829,VViento,1.0,1.0,1.0,0.0,0
2016,31830,DViento,1.0,1.0,1.0,0.0,0
2016,31830,NO,1.0,1.0,1.0,0.0,0
2016,31830,PLiquida,1.0,1.0,1.0,0.0,0
2016,31830,TAire2,1.0,1.0,1.0,0.0,0
2016,31830,VViento,1.0,1.0,1.0,0.0,0
2016,31831,DViento,1.0,1.0,1.0,0.0,0
2016,31831,NO,1.0,1.0,1.0,0.0,0
2016,31831,PLiquida,1.0,1.0,1.0,0.0,0
2016,31831,TAire2,1.0,1.0,1.0,0.0,0
2016,31831,VViento,1.0,1.0,1.0,0.0,0
2016,31832,DViento,1.0,1.0,1.0,0.0,0
2016,31832,NO,1.0,1.0,1.0,0.0,0
2016,31832,PLiquida,1.0,1.0,1.0,0.0,0
2016,31832,TAire2,1.0,1.0,1.0,0.0,0
2016,31832,VViento,1.0,1.0,1.0,0.0,0
2016,31852,O3,32.4,280.4,0.0,219.0,0
2016,31852,PM10,39.5,205.4,14.9,3.0,0
2016,99999,DViento,1.0,1.0,1.0,0.0,0
2016,99999,NO,35.2,208.5,0.0,0.0,0
2016,99999,NO2,8.9,11.0,0.1,0.0,0
2016,99999,PLiquida,6.9,118.1,0.0,0.0,0
2016,99999,PM10,31.0,103.3,9.8,1.0,0
2016,99999,PM2.5,11.2,23.7,2.8,0.0,0
2016,99999,PST,92.5,432.725,24.2,1.0,0
2016,99999,SO2,11.0,11.0,11.0,0.0,0
2016,99999,TAire10,21.8,31.4,15.0,0.0,0
2016,99999,TAire2,1.0,1.0,1.0,0.0,0
2016,99999,VViento,1.0,1.0,1.0,0.0,0
2017,8204,DViento,139.47500000000002,337.5,0.0,0.0,0
2017,8204,HAire2,82.4,100.0,37.1,0.0,0
2017,8204,PLiquida,0.1,116.8,0.0,0.0,0
2017,8204,PM10,35.4,159.5,2.2,0.0,0
2017,8204,RGlobal,139.47500000000002,432.725,0.0,0.0,0
2017,8204,RUVb,1.9,13.6,0.0,0.0,0
2017,8204,TAire2,24.3,26.3,22.1,0.0,0
2017,8204,VViento,1.0,4.5,0.0,0.0,0
2017,8205,DViento,139.47500000000002,337.5,0.0,0.0,0
2017,8205,O3,21.5,222.3,0.0,31.0,0
2017,8205,PLiquida,0.1,43.6,0.0,0.0,0
2017,8205,PM10,59.4,93.2,31.1,0.0,0
2017,8205,RGlobal,139.47500000000002,432.725,0.0,0.0,0
2017,8205,RUVb,1.5,13.4,0.0,0.0,0
2017,8205,TAire2,24.7,32.9,18.2,0.0,0
2017,8205,VViento,0.5,3.1,0.0,0.0,0
2017,8207,CO,139.47500000000002,432.725,37.1,0.0,0
2017,8207,DViento,123.1,360.0,0.0,0.0,0
2017,8207,O3,24.7,152.6,0.2,1.0,0
2017,8207,PLiquida,0.1,35.8,0.0,0.0,0
2017,8207,PM10,37.4,182.0,5.0,0.0,0
2017,8207,PM2.5,14.0,37.5,3.7,0.0,0
2017,8207,VViento,1.6,6.7,0.0,0.0,0
2017,8208,CO,0.9,3.1,0.1,0.0,0
2017,8208,DViento,61.5,360.0,0.0,0.0,0
2017,8208,HAire,63.0,78.7,32.5,0.0,0
2017,8208,HAire2,63.0,87.0,13.0,0.0,0
2017,8208,NO2,44.1,174.1,0.2,0.0,0
2017,8208,O3,19.1,89.1,0.2,0.0,0
2017,8208,P,139.47500000000002,432.725,37.1,0.0,0
2017,8208,PLiquida,0.1,34.4,0.0,0.0,0
2017,8208,PM10,37.1,263.0,1.0,0.0,0
2017,8208,PM2.5,17.6,108.5,0.1,0.0,0
2017,8208,TAire2,14.3,23.6,5.4,0.0,0
2017,8208,VViento,1.6,5.3,0.0,0.0,0
2017,8210,DViento,25.3,360.0,0.0,0.0,0
2017,8210,O3,25.7,159.3,0.2,16.0,0
2017,8210,PLiquida,0.1,32.1,0.0,0.0,0
2017,8210,PM10,50.3,432.725,5.0,0.0,0
2017,8210,PM2.5,18.4,41.8,5.0,0.0,0
2017,8210,SO2,3.4,12.1,1.1,0.0,0
2017,8210,TAire2,14.6,27.0,2.9,0.0,0
2017,8210,VViento,1.3,6.2,0.0,0.0,0
2017,8211,DViento,6.7,432.725,0.0,0.0,0
2017,8211,HAire2,68.0,91.0,15.0,0.0,0
2017,8211,NO2,21.0,96.1,0.2,0.0,0
2017,8211,O3,22.0,140.7,0.8,7.0,0
2017,8211,P,139.47500000000002,432.725,37.1,0.0,0
2017,8211,PLiquida,0.1,20.2,0.0,0.0,0
2017,8211,PM10,28.2,74.3,4.7,0.0,0
2017,8211,PM2.5,14.8,33.5,3.0,0.0,0
2017,8211,RGlobal,139.47500000000002,432.725,0.0,0.0,0
2017,8211,TAire2,14.7,24.8,2.2,0.0,0
2017,8211,VViento,0.9,4.5,0.0,0.0,0
2017,8213,CO,139.47500000000002,432.725,37.1,0.0,0
2017,8213,DViento,139.47500000000002,360.0,0.0,0.0,0
2017,8213,HAire2,68.0,91.0,15.0,0.0,0
2017,8213,NO2,28.7,120.3,0.2,0.0,0
2017,8213,O3,19.8,133.8,0.2,1.0,0
2017,8213,PM10,31.1,90.5,5.8,0.0,0
2017,8213,PM2.5,15.5,36.1,3.6,0.0,0
2017,8213,RGlobal,68.0,91.0,0.0,0.0,0
2017,8213,SO2,3.3,7.0,0.7,0.0,0
2017,8213,TAire2,14.9,26.0,3.3,0.0,0
2017,8213,VViento,1.2,4.9,0.0,0.0,0
2017,8214,CO,139.47500000000002,432.725,37.1,0.0,0
2017,8214,DViento,139.47500000000002,360.0,0.0,0.0,0
2017,8214,HAire,64.8,84.0,14.0,0.0,0
2017,8214,NO2,10.6,37.2,0.6,0.0,0
2017,8214,O3,8.3,127.7,0.2,1.0,0
2017,8214,P,139.47500000000002,432.725,37.1,0.0,0
2017,8214,PLiquida,0.1,27.6,0.0,0.0,0
2017,8214,PM10,54.8,430.7,2.9,0.0,0
2017,8214,PM2.5,26.9,49.6,8.3,0.0,0
2017,8214,RGlobal,139.47500000000002,432.725,0.0,0.0,0
2017,8214,SO2,6.1,57.1,0.3,0.0,0
2017,8214,TAire2,15.1,25.3,6.8,0.0,0
2017,8214,VViento,2.3,6.9,0.0,0.0,0
2017,8215,DViento,126.2,360.0,0.0,0.0,0
2017,8215,O3,21.7,150.5,0.2,4.0,0
2017,8215,PLiquida,0.1,33.9,0.0,0.0,0
2017,8215,PM10,30.0,137.4,4.0,0.0,0
2017,8215,PM2.5,16.2,96.0,1.0,0.0,0
2017,8215,VViento,1.4,7.3,0.0,0.0,0
2017,8216,CO,139.47500000000002,432.725,37.1,0.0,0
2017,8216,DViento,139.47500000000002,360.0,0.0,0.0,0
2017,8216,NO2,27.3,127.5,0.2,0.0,0
2017,8216,O3,12.1,112.2,0.2,0.0,0
2017,8216,PLiquida,0.1,54.7,0.0,0.0,0
2017,8216,PM10,46.6,251.0,3.0,0.0,0
2017,8216,PM2.5,17.5,42.3,2.8,0.0,0
2017,8216,SO2,4.2,11.7,0.8,0.0,0
2017,8216,TAire2,14.5,23.2,7.7,0.0,0
2017,8216,VViento,1.9,7.4,0.0,0.0,0
2017,8218,CO,139.47500000000002,432.725,37.1,0.0,0
2017,8218,DViento,139.47500000000002,360.0,0.0,0.0,0
2017,8218,NO2,43.7,148.7,11.7,0.0,0
2017,8218,O3,15.1,76.4,0.3,0.0,0
2017,8218,PLiquida,0.1,23.6,0.0,0.0,0
2017,8218,PM10,66.4,123.9,26.3,16.0,0
2017,8218,PM2.5,28.5,98.0,0.5,0.0,0
2017,8218,SO2,13.4,31.0,2.3,0.0,0
2017,8218,TAire2,15.6,25.6,6.8,0.0,0
2017,8218,VViento,2.0,5.7,0.0,0.0,0
2017,8219,CO,139.47500000000002,432.725,37.1,0.0,0
2017,8219,DViento,139.47500000000002,360.0,0.0,0.0,0
2017,8219,NO2,28.5,171.5,0.2,0.0,0
2017,8219,O3,15.8,119.9,0.2,0.0,0
2017,8219,PM10,42.8,107.6,12.0,1.0,0
2017,8219,PM2.5,21.8,51.2,4.9,1.0,0
2017,8219,RGlobal,139.47500000000002,432.725,0.0,0.0,0
2017,8219,SO2,4.3,41.9,0.3,0.0,0
2017,8219,TAire2,13.4,24.4,2.6,0.0,0
2017,8219,VViento,1.1,5.0,0.0,0.0,0
2017,8226,PM10,52.6,79.0,28.0,0.0,0
2017,8226,PM2.5,13.4,17.2,8.6,0.0,0
2017,8234,PM10,30.6,54.0,13.0,0.0,0
2017,8239,NO2,16.8,35.6,0.6,0.0,0
2017,8239,O3,18.2,99.3,1.3,0.0,0
2017,8239,PM10,23.0,34.5,10.6,0.0,0
2017,8239,PM2.5,10.5,21.7,3.1,0.0,0
2017,8239,SO2,5.9,6.5,5.4,0.0,0
2017,8246,NO2,1.9,11.0,0.1,0.0,0
2017,8246,PM10,68.1,175.8,13.6,17.0,0
2017,8246,PST,103.9,251.3,11.7,0.0,0
2017,8246,SO2,10.8,15.0,0.1,0.0,0
2017,8247,PM10,23.5,56.4,4.4,0.0,0
2017,8247,PM2.5,17.2,45.8,5.2,0.0,0
2017,8247,SO2,8.8,137.7,0.3,0.0,0
2017,8248,NO2,6.9,11.0,0.0,0.0,0
2017,8248,PM10,35.7,190.9,0.2,7.0,0
2017,8248,PST,54.2,186.1,11.9,0.0,0
2017,8248,SO2,11.0,11.0,11.0,0.0,0
2017,8250,PM10,17.7,44.6,7.6,0.0,0
2017,8250,PM2.5,9.6,12.1,6.8,0.0,0
2017,8251,PST,63.9,432.725,24.2,0.0,0
2017,8252,PM10,35.4,110.9,9.4,2.0,0
2017,8252,PM2.5,19.8,102.2,4.0,6.0,0
2017,8252,SO2,5.0,11.4,1.4,0.0,0
2017,8254,PM10,30.6,180.0,1.0,0.0,0
2017,8254,SO2,3.4,7.5,0.7,0.0,0
2017,8258,DViento,139.47500000000002,360.0,0.0,0.0,0
2017,8258,PM10,31.2,48.4,19.5,0.0,0
2017,8258,TAire10,23.2,31.6,14.9,0.0,0
2017,8258,VViento,0.6,2.2,0.0,0.0,0
2017,8285,O3,17.0,122.4,0.1,1.0,0
2017,8285,PM2.5,20.0,107.0,1.0,0.0,0
2017,8285,SO2,4.7,10.2,1.7,0.0,0
2017,8288,DViento,23.1,360.0,0.0,0.0,0
2017,8288,HAire2,77.0,94.2,30.6,0.0,0
2017,8288,O3,34.1,196.1,0.0,235.0,0
2017,8288,PLiquida,0.3,73.9,0.0,0.0,0
2017,8288,PM10,31.0,143.0,1.0,0.0,0
2017,8288,VViento,0.5,6.6,0.0,0.0,0
2017,8291,NO2,13.8,71.5,0.0,0.0,0
2017,8291,O3,36.2,134.9,0.2,667.0,0
2017,8291,PM2.5,22.4,83.0,1.0,0.0,0
2017,8775,NO2,9.1,61.5,0.3,0.0,0
2017,8775,O3,26.2,173.1,0.0,10.0,0
2017,8775,PM10,42.4,81.1,4.1,0.0,0
2017,8776,PM10,64.7,201.1,13.4,6.0,0
2017,8776,PM2.5,29.1,56.5,11.4,2.0,0
2017,8777,PM10,33.6,71.5,3.3,0.0,0
2017,8805,PM10,24.6,80.0,4.2,0.0,0
2017,8905,PM10,10.4,17.9,5.0,0.0,0
2017,8970,PM10,39.2,93.3,13.4,0.0,0
2017,8970,PST,81.4,187.7,20.9,0.0,0
2017,8973,PM10,38.0,101.2,12.8,1.0,0
2017,8977,PM10,54.7,119.3,23.9,2.0,0
2017,8978,PM10,35.3,146.8,11.2,1.0,0
2017,8980,PM10,40.1,95.8,12.0,0.0,0
2017,8981,PM10,55.8,111.1,21.2,2.0,0
2017,8983,PM10,31.3,94.4,13.5,0.0,0
2017,8983,PST,54.8,185.5,22.8,0.0,0
2017,8984,PM10,27.5,87.2,8.3,0.0,0
2017,8986,O3,22.9,192.9,0.0,102.0,0
2017,8986,PLiquida,0.2,66.0,0.0,0.0,0
2017,8986,PM10,30.1,75.0,8.5,0.0,0
2017,8986,RGlobal,139.47500000000002,432.725,0.0,0.0,0
2017,8990,PM10,34.5,59.0,16.0,0.0,0
2017,8990,PST,46.7,75.0,22.0,0.0,0
2017,9019,PM10,45.3,69.5,17.4,0.0,0
2017,9019,PM2.5,14.1,17.0,4.5,0.0,0
2017,9020,DViento,139.47500000000002,359.6,1.1,0.0,0
2017,9020,HAire10,72.6,92.8,21.8,0.0,0
2017,9020,PLiquida,0.2,33.0,0.0,0.0,0
2017,9020,PM10,38.0,185.0,1.0,0.0,0
2017,9020,RGlobal,139.47500000000002,432.725,0.0,0.0,0
2017,9020,TAire10,21.8,31.5,15.2,0.0,0
2017,9020,VViento,1.7,11.4,0.2,0.0,0
2017,9021,PM10,46.3,227.0,1.0,0.0,0
2017,9021,PST,64.2,123.5,22.7,0.0,0
2017,9023,CO,139.47500000000002,432.725,37.1,0.0,0
2017,9023,DViento,27.8,359.9,0.3,0.0,0
2017,9023,HAire10,64.1,90.8,9.3,0.0,0
2017,9023,NO,50.7,280.1,0.1,0.0,0
2017,9023,P,139.47500000000002,432.725,37.1,0.0,0
2017,9023,PM10,46.5,90.5,13.4,0.0,0
2017,9023,RGlobal,139.47500000000002,432.725,0.0,0.0,0
2017,9023,TAire10,19.2,19.5,19.0,0.0,0
2017,9023,VViento,1.0,3.6,0.0,0.0,0
2017,9025,PM10,55.9,225.0,2.0,0.0,0
2017,9026,PM10,40.5,113.9,10.0,2.0,0
2017,9026,PM2.5,27.0,64.9,8.2,1.0,0
2017,9026,PST,81.5,254.7,21.5,0.0,0
2017,9027,DViento,139.47500000000002,360.0,0.0,0.0,0
2017,9027,HAire2,78.8,93.6,37.1,0.0,0
2017,9027,P,139.47500000000002,432.725,37.1,0.0,0
2017,9027,PLiquida,3.8,73.8,0.0,0.0,0
2017,9027,PM10,36.1,98.6,10.0,0.0,0
2017,9027,PM2.5,13.7,22.6,8.2,0.0,0
2017,9027,PST,71.6,281.4,14.5,0.0,0
2017,9027,RGlobal,139.47500000000002,432.725,37.1,0.0,0
2017,9027,TAire2,28.6,33.8,24.2,0.0,0
2017,9027,VViento,0.4,6.4,0.0,0.0,0
2017,9041,PM10,31.1,88.5,10.1,0.0,0
2017,9042,DViento,139.47500000000002,360.0,0.0,0.0,0
2017,9042,HAire2,79.0,94.2,37.1,0.0,0
2017,9042,P,139.47500000000002,432.725,37.1,0.0,0
2017,9042,PLiquida,5.0,63.0,0.0,0.0,0
2017,9042,PM10,23.8,101.8,4.5,1.0,0
2017,9042,PM2.5,10.0,27.7,2.7,0.0,0
2017,9042,PST,57.3,219.4,16.9,0.0,0
2017,9042,RGlobal,139.47500000000002,432.725,16.2,0.0,0
2017,9042,TAire2,27.9,31.6,24.4,0.0,0
2017,9042,VViento,0.9,19.0,0.0,0.0,0
2017,9043,PM10,36.0,95.3,11.6,0.0,0
2017,9043,PST,52.7,250.8,10.5,0.0,0
2017,9044,PM10,32.6,82.9,10.1,0.0,0
2017,9044,PM2.5,8.7,14.2,7.2,0.0,0
2017,9044,PST,65.8,198.6,12.2,0.0,0
2017,9047,PM10,80.4,170.5,26.4,14.0,0
2017,9048,PM10,39.2,107.5,15.3,1.0,0
2017,9048,PM2.5,8.9,39.3,1.9,0.0,0
2017,9048,PST,72.0,264.4,29.0,0.0,0
2017,9050,PM10,28.1,70.4,10.3,0.0,0
2017,9050,PM2.5,9.3,24.5,3.7,0.0,0
2017,9050,PST,60.0,214.3,17.4,0.0,0
2017,9051,PM10,49.2,137.4,12.1,5.0,0
2017,9051,PM2.5,14.5,23.6,5.7,0.0,0
2017,9051,PST,78.6,276.1,13.3,0.0,0
2017,9053,DViento,139.47500000000002,360.0,0.0,0.0,0
2017,9053,HAire2,78.1,94.5,37.1,0.0,0
2017,9053,P,139.47500000000002,432.725,37.1,0.0,0
2017,9053,PLiquida,2.8,57.2,0.0,0.0,0
2017,9053,PM10,25.5,79.5,9.6,0.0,0
2017,9053,TAire2,28.9,35.1,25.2,0.0,0
2017,9053,VViento,0.7,4.4,0.0,0.0,0
2017,9056,PM10,36.9,77.2,14.8,0.0,0
2017,9056,PST,64.9,134.0,21.4,0.0,0
2017,9057,PM10,43.0,99.6,16.5,0.0,0
2017,9060,PM10,41.3,75.3,19.7,0.0,0
2017,9060,PM2.5,21.7,45.0,5.1,0.0,0
2017,9085,PM10,24.4,64.9,10.2,0.0,0
2017,9101,PM10,30.6,67.8,14.5,0.0,0
2017,9102,PM10,36.0,88.7,15.5,0.0,0
2017,9104,PM10,39.0,68.5,18.9,0.0,0
2017,9117,PM10,23.6,38.7,10.9,0.0,0
2017,9166,PM10,55.1,298.6,16.1,12.0,0
2017,9166,PST,76.5,219.2,14.2,0.0,0
2017,9166,SO2,10.7,11.0,0.2,0.0,0
2017,19566,PM10,46.0,199.4,0.0,0.0,0
2017,19566,PM2.5,16.5,94.7,0.1,0.0,0
2017,19661,PM10,22.7,35.7,6.6,0.0,0
2017,19662,PM10,31.7,58.1,13.4,0.0,0
2017,19664,PST,44.7,432.725,6.5,5.0,0
2017,19665,PM10,29.1,49.9,7.4,0.0,0
2017,20383,DViento,139.47500000000002,253.2,25.0,0.0,0
2017,20383,HAire,80.5,92.2,37.1,0.0,0
2017,20383,HAire2,75.3,84.0,37.1,0.0,0
2017,20383,PLiquida,5.2,22.4,0.0,0.0,0
2017,20383,PM10,54.9,122.8,17.2,6.0,0
2017,20383,TAire,20.7,22.6,17.9,0.0,0
2017,20383,TAire2,21.1,22.5,18.4,0.0,0
2017,20383,VViento,0.3,3.5,0.0,0.0,0
2017,20385,O3,14.3,432.725,0.2,3.0,0
2017,20385,PM10,65.4,112.2,25.6,5.0,0
2017,20395,PM10,37.8,197.0,1.0,0.0,0
2017,26177,PM10,56.6,189.4,8.6,13.0,0
2017,26179,PM10,49.7,114.3,6.1,9.0,0
2017,26181,PM10,28.7,91.6,10.7,0.0,0
2017,26182,PM10,31.8,94.0,8.1,0.0,0
2017,26184,PM10,35.0,87.3,10.5,0.0,0
2017,26189,CO,139.47500000000002,432.725,0.2,1.0,0
2017,26189,DViento,70.0,360.0,0.0,0.0,0
2017,26189,HAire10,75.5,99.4,0.0,0.0,0
2017,26189,NO,8.3,73.5,0.3,0.0,0
2017,26189,NO2,15.9,30.7,9.1,0.0,0
2017,26189,O3,46.6,193.4,1.0,144.0,0
2017,26189,P,139.47500000000002,432.725,37.1,0.0,0
2017,26189,PLiquida,0.5,21.6,0.0,0.0,0
2017,26189,PM10,74.7,432.725,3.7,6.0,0
2017,26189,PM2.5,17.6,432.725,0.0,0.0,0
2017,26189,RGlobal,139.47500000000002,432.725,0.0,0.0,0
2017,26189,SO2,13.3,65.4,1.1,0.0,0
2017,26189,TAire10,23.4,34.9,0.0,0.0,0
2017,26189,VViento,1.1,4.9,0.0,0.0,0
2017,26190,PM10,28.5,237.6,0.2,0.0,0
2017,26190,PM2.5,16.5,27.4,9.1,0.0,0
2017,26288,PM10,30.2,48.1,15.7,0.0,0
2017,28202,HAire2,64.9,100.0,17.0,0.0,0
2017,28202,O3,18.1,95.5,0.2,0.0,0
2017,28202,PLiquida,0.1,21.5,0.0,0.0,0
2017,28202,PM10,27.5,250.1,0.1,0.0,0
2017,28202,PM2.5,12.5,64.9,0.1,0.0,0
2017,28202,RGlobal,139.47500000000002,432.725,0.0,0.0,0
2017,28202,SO2,2.0,4.2,1.1,0.0,0
2017,28202,TAire2,13.2,22.8,4.9,0.0,0
2017,28202,VViento,1.6,5.9,0.0,0.0,0
2017,28203,DViento,139.47500000000002,360.0,0.0,0.0,0
2017,28203,PLiquida,0.2,35.6,0.0,0.0,0
2017,28203,VViento,1.9,6.4,0.0,0.0,0
2017,28625,PM10,34.8,93.0,12.9,0.0,0
2017,29384,PM10,28.6,58.8,8.4,0.0,0
2017,29493,DViento,139.47500000000002,360.0,0.1,0.0,0
2017,29493,HAire10,64.9,90.0,9.8,0.0,0
2017,29493,NO,20.1,432.725,0.1,0.0,0
2017,29493,NO2,30.9,432.725,0.2,10.0,0
2017,29493,P,139.47500000000002,432.725,37.1,0.0,0
2017,29493,PM2.5,25.4,169.0,1.0,0.0,0
2017,29493,RGlobal,139.47500000000002,432.725,0.0,0.0,0
2017,29493,TAire10,21.7,32.1,15.3,0.0,0
2017,29493,VViento,0.9,4.8,0.0,0.0,0
2017,29501,DViento,63.9,345.9,23.1,0.0,0
2017,29501,HAire10,77.4,97.1,26.8,0.0,0
2017,29501,O3,23.0,78.3,0.8,0.0,0
2017,29501,RGlobal,139.47500000000002,432.725,0.0,0.0,0
2017,29501,TAire10,21.6,30.7,14.8,0.0,0
2017,29501,VViento,1.4,6.9,0.0,0.0,0
2017,29502,DViento,125.3,321.7,24.7,0.0,0
2017,29502,HAire10,69.5,99.6,15.7,0.0,0
2017,29502,NO,9.0,132.5,0.1,0.0,0
2017,29502,NO2,13.8,203.1,0.2,1.0,0
2017,29502,O3,25.0,229.0,0.2,51.0,0
2017,29502,P,139.47500000000002,432.725,37.1,0.0,0
2017,29502,PM10,39.2,149.0,2.0,0.0,0
2017,29502,RGlobal,139.47500000000002,432.725,0.0,0.0,0
2017,29502,TAire10,21.1,31.0,13.7,0.0,0
2017,29502,VViento,1.3,4.7,0.0,0.0,0
2017,29507,DViento,139.47500000000002,359.6,0.2,0.0,0
2017,29507,HAire10,68.2,90.1,13.9,0.0,0
2017,29507,NO,82.4,83.2,37.1,0.0,0
2017,29507,NO2,26.3,29.4,23.2,0.0,0
2017,29507,P,139.47500000000002,432.725,37.1,0.0,0
2017,29507,PLiquida,0.2,26.1,0.0,0.0,0
2017,29507,PM2.5,48.0,56.0,37.1,0.0,0
2017,29507,RGlobal,139.47500000000002,432.725,0.0,0.0,0
2017,29507,TAire10,22.0,32.0,14.8,0.0,0
2017,29507,VViento,1.2,3.7,0.0,0.0,0
2017,29508,PM2.5,21.2,94.9,1.2,0.0,0
2017,29509,DViento,139.47500000000002,359.4,0.2,0.0,0
2017,29509,HAire10,62.8,100.0,11.8,0.0,0
2017,29509,NO,50.8,74.8,26.8,0.0,0
2017,29509,NO2,27.1,28.4,25.9,0.0,0
2017,29509,O3,5.1,5.2,4.9,0.0,0
2017,29509,PLiquida,0.1,21.6,0.0,0.0,0
2017,29509,PM10,59.0,221.0,2.4,0.0,0
2017,29509,PM2.5,30.9,167.0,1.0,0.0,0
2017,29509,RGlobal,139.47500000000002,432.725,0.0,0.0,0
2017,29509,TAire10,22.0,31.8,15.9,0.0,0
2017,29509,VViento,0.7,2.1,0.0,0.0,0
2017,29511,DViento,139.47500000000002,358.2,3.1,0.0,0
2017,29511,HAire10,77.1,99.6,6.9,0.0,0
2017,29511,O3,33.1,214.8,0.2,238.0,0
2017,29511,P,139.47500000000002,432.725,37.1,0.0,0
2017,29511,PLiquida,0.3,39.5,0.0,0.0,0
2017,29511,PM10,40.4,160.0,1.0,0.0,0
2017,29511,PM2.5,22.1,64.9,9.1,2.0,0
2017,29511,RGlobal,139.47500000000002,432.725,0.0,0.0,0
2017,29511,TAire10,19.7,30.5,13.2,0.0,0
2017,29511,VViento,0.5,3.1,0.0,0.0,0
2017,29529,DViento,13.7,357.1,0.8,0.0,0
2017,29529,HAire10,67.2,92.5,9.8,0.0,0
2017,29529,O3,25.9,192.3,0.2,99.0,0
2017,29529,RGlobal,139.47500000000002,432.725,0.0,0.0,0
2017,29529,TAire10,21.9,32.3,14.9,0.0,0
2017,29529,VViento,0.5,4.7,0.0,0.0,0
2017,29574,PM10,28.2,78.8,10.0,0.0,0
2017,29586,PM10,71.9,432.725,2.0,0.0,0
2017,29586,PM2.5,22.6,432.725,1.0,0.0,0
2017,29586,SO2,33.3,73.9,4.4,0.0,0
2017,29600,DViento,139.47500000000002,357.4,1.0,0.0,0
2017,29600,HAire10,77.6,94.7,22.1,0.0,0
2017,29600,O3,29.3,187.0,0.2,117.0,0
2017,29600,P,139.47500000000002,432.725,37.1,0.0,0
2017,29600,PM2.5,27.1,68.3,11.3,3.0,0
2017,29600,RGlobal,139.47500000000002,432.725,0.0,0.0,0
2017,29600,TAire10,19.5,30.1,12.4,0.0,0
2017,29600,VViento,0.8,3.7,0.0,0.0,0
2017,29615,PM10,36.5,136.2,16.8,1.0,0
2017,29615,PM2.5,16.1,133.2,1.7,0.0,0
2017,29617,PM10,33.6,84.1,8.1,0.0,0
2017,29617,PM2.5,15.7,43.2,3.7,0.0,0
2017,29617,SO2,34.4,432.725,0.0,0.0,0
2017,29962,PM10,34.7,44.5,17.9,0.0,0
2017,30003,PM10,33.7,91.8,12.9,0.0,0
2017,30004,O3,23.8,154.8,0.0,63.0,0
2017,30004,PLiquida,0.4,116.1,0.0,0.0,0
2017,30004,PM10,46.2,200.9,0.1,0.0,0
2017,30004,RGlobal,139.47500000000002,432.725,0.0,0.0,0
2017,30044,PM10,33.7,66.3,14.7,0.0,0
2017,30044,SO2,36.1,177.3,0.6,0.0,0
2017,30057,PM10,43.6,84.3,11.9,0.0,0
2017,30090,PM10,18.8,46.0,10.0,0.0,0
2017,30109,PM10,36.3,63.9,15.6,0.0,0
2017,30109,SO2,1.5,5.3,0.0,0.0,0
2017,30110,DViento,107.5,360.0,0.1,0.0,0
2017,30110,HAire2,59.1,87.8,20.7,0.0,0
2017,30110,O3,34.2,159.2,6.0,88.0,0
2017,30110,PLiquida,0.4,90.4,0.0,0.0,0
2017,30110,PM10,50.5,229.0,2.0,0.0,0
2017,30110,PM2.5,11.6,161.0,1.0,0.0,0
2017,30110,RGlobal,90.4,432.725,0.0,0.0,0
2017,30110,TAire2,27.9,38.0,19.3,0.0,0
2017,30110,VViento,2.5,9.6,0.1,0.0,0
2017,30111,PM10,48.2,177.5,0.3,0.0,0
2017,30111,SO2,3.8,11.7,0.7,0.0,0
2017,30154,PM2.5,25.7,38.5,13.8,0.0,0
2017,30472,PM10,45.6,126.8,10.0,2.0,0
2017,30653,PM10,34.2,67.6,9.6,0.0,0
2017,30689,PM10,38.5,129.4,8.9,2.0,0
2017,30689,PST,74.8,177.1,22.6,0.0,0
2017,30691,DViento,120.8,360.0,0.0,0.0,0
2017,30691,HAire2,80.3,97.2,37.1,0.0,0
2017,30691,P,139.47500000000002,432.725,37.1,0.0,0
2017,30691,PLiquida,2.7,59.6,0.0,0.0,0
2017,30691,PM10,25.3,61.8,10.2,0.0,0
2017,30691,PM2.5,12.2,32.4,1.9,0.0,0
2017,30691,PST,47.4,223.4,15.0,0.0,0
2017,30691,RGlobal,139.47500000000002,432.725,37.1,0.0,0
2017,30691,TAire2,28.0,34.2,20.5,0.0,0
2017,30691,VViento,0.7,19.0,0.0,0.0,0
2017,30700,NO2,7.5,27.8,0.5,0.0,0
2017,30700,O3,28.1,70.2,0.8,0.0,0
2017,30700,PM10,19.1,45.8,8.8,0.0,0
2017,30700,SO2,6.1,6.8,5.1,0.0,0
2017,30731,CO,139.47500000000002,432.725,37.1,0.0,0
2017,30731,DViento,43.2,358.6,7.2,0.0,0
2017,30731,HAire10,75.2,97.0,23.6,0.0,0
2017,30731,NO,13.3,134.2,0.1,0.0,0
2017,30731,NO2,20.1,65.0,3.0,0.0,0
2017,30731,O3,24.3,78.9,1.2,0.0,0
2017,30731,P,139.47500000000002,432.725,37.1,0.0,0
2017,30731,PLiquida,0.3,58.0,0.0,0.0,0
2017,30731,PM2.5,20.4,101.0,1.0,0.0,0
2017,30731,RGlobal,139.47500000000002,432.725,0.0,0.0,0
2017,30731,SO2,19.4,124.6,0.3,0.0,0
2017,30731,TAire10,21.8,31.3,15.4,0.0,0
2017,30731,VViento,2.7,9.6,0.0,0.0,0
2017,30732,DViento,83.7,358.9,6.5,0.0,0
2017,30732,HAire10,79.3,97.0,16.7,0.0,0
2017,30732,O3,25.2,120.6,0.4,120.0,0
2017,30732,P,139.47500000000002,432.725,37.1,0.0,0
2017,30732,PLiquida,0.2,29.5,0.0,0.0,0
2017,30732,PM2.5,22.3,65.8,8.9,2.0,0
2017,30732,RGlobal,139.47500000000002,432.725,0.1,0.0,0
2017,30732,TAire10,18.2,28.4,12.1,0.0,0
2017,30732,VViento,0.7,7.6,0.1,0.0,0
2017,30733,CO,139.47500000000002,432.725,37.1,0.0,0
2017,30733,DViento,139.47500000000002,356.6,3.0,0.0,0
2017,30733,HAire10,68.1,91.1,10.2,0.0,0
2017,30733,NO,33.3,228.7,0.2,0.0,0
2017,30733,NO2,50.8,115.3,11.2,0.0,0
2017,30733,PLiquida,0.3,30.9,0.0,0.0,0
2017,30733,PM2.5,41.9,82.6,23.3,57.0,0
2017,30733,RGlobal,139.47500000000002,432.725,0.0,0.0,0
2017,30733,TAire10,20.7,30.6,14.5,0.0,0
2017,30733,VViento,1.0,5.6,0.0,0.0,0
2017,30810,O3,6.2,36.9,0.1,0.0,0
2017,30810,PM10,49.0,228.7,0.0,0.0,0
2017,30810,SO2,5.6,133.5,0.0,0.0,0
2017,30812,PM10,37.2,82.8,8.9,0.0,0
2017,30815,O3,26.6,107.2,0.1,0.0,0
2017,30815,PM10,47.0,360.0,2.0,0.0,0
2017,30815,SO2,19.4,152.7,0.1,0.0,0
2017,30836,PM10,22.6,72.2,4.6,0.0,0
2017,30841,PM10,22.3,67.1,4.7,0.0,0
2017,30842,PM10,21.9,58.6,7.2,0.0,0
2017,30847,DViento,139.47500000000002,237.1,37.1,0.0,0
2017,30847,HAire,37.3,62.5,32.0,0.0,0
2017,30847,PM2.5,17.7,27.9,7.4,0.0,0
2017,30847,TAire,21.6,23.8,18.9,0.0,0
2017,30847,TAire2,22.0,24.1,19.8,0.0,0
2017,30847,VViento,1.6,2.7,1.1,0.0,0
2017,30856,DViento,139.47500000000002,224.2,37.1,0.0,0
2017,30856,HAire,33.1,37.2,28.8,0.0,0
2017,30856,HAire2,31.5,36.0,28.0,0.0,0
2017,30856,PM2.5,11.9,24.1,6.2,0.0,0
2017,30856,TAire,19.9,21.8,17.4,0.0,0
2017,30856,TAire2,20.4,21.6,18.2,0.0,0
2017,30856,VViento,1.3,1.8,0.6,0.0,0
2017,30857,DViento,107.4,228.2,0.7,0.0,0
2017,30857,HAire,33.7,39.3,25.3,0.0,0
2017,30857,HAire2,34.5,42.0,22.0,0.0,0
2017,30857,PM2.5,4.9,8.3,2.5,0.0,0
2017,30857,TAire,31.6,34.6,27.8,0.0,0
2017,30857,TAire2,31.8,34.2,29.3,0.0,0
2017,30860,PM10,25.2,150.0,0.1,0.0,0
2017,30863,PM10,38.3,145.4,1.3,0.0,0
2017,30864,O3,48.4,432.725,1.0,170.0,0
2017,30864,PM10,42.6,139.3,1.1,0.0,0
2017,30864,PM2.5,13.6,23.8,3.6,0.0,0
2017,30866,O3,34.1,111.5,0.7,0.0,0
2017,30866,PM10,45.9,84.4,15.8,0.0,0
2017,30866,PM2.5,29.0,80.6,12.6,8.0,0
2017,30867,PM10,41.5,126.7,0.0,0.0,0
2017,30867,PM2.5,15.9,92.2,0.5,0.0,0
2017,31041,DViento,139.47500000000002,270.8,37.1,0.0,0
2017,31041,HAire,74.1,83.2,37.1,0.0,0
2017,31041,PM10,4.6,6.4,2.7,0.0,0
2017,31041,TAire,27.5,30.0,24.4,0.0,0
2017,31041,VViento,0.6,1.2,0.1,0.0,0
2017,31292,DViento,139.47500000000002,256.9,37.1,0.0,0
2017,31292,HAire,85.0,93.1,37.1,0.0,0
2017,31292,PM10,6.6,7.8,5.2,0.0,0
2017,31292,TAire,22.1,25.2,20.3,0.0,0
2017,31292,VViento,1.7,2.5,0.9,0.0,0
2017,31293,PM10,41.4,432.725,0.8,0.0,0
2017,31310,DViento,133.5,231.1,37.1,0.0,0
2017,31310,HAire,77.4,83.6,37.1,0.0,0
2017,31310,PM10,4.6,5.9,3.0,0.0,0
2017,31310,TAire,18.7,23.0,16.0,0.0,0
2017,31310,VViento,0.9,1.4,0.2,0.0,0
2017,31319,DViento,139.47500000000002,221.2,37.1,0.0,0
2017,31319,HAire,81.2,85.8,37.1,0.0,0
2017,31319,PM10,5.5,11.5,3.8,0.0,0
2017,31319,TAire,13.4,14.6,12.4,0.0,0
2017,31319,VViento,0.8,1.2,0.4,0.0,0
2017,31323,DViento,139.47500000000002,256.9,37.1,0.0,0
2017,31323,HAire,89.4,92.9,37.1,0.0,0
2017,31323,TAire,14.0,14.9,12.4,0.0,0
2017,31323,VViento,0.3,0.7,0.2,0.0,0
2017,31325,DViento,139.47500000000002,358.3,37.1,0.0,0
2017,31325,HAire,34.1,40.1,30.9,0.0,0
2017,31325,PM2.5,9.1,15.3,4.7,0.0,0
2017,31325,TAire,22.3,24.1,21.1,0.0,0
2017,31325,VViento,1.1,4.1,0.4,0.0,0
2017,31326,DViento,139.47500000000002,247.7,37.1,0.0,0
2017,31326,HAire,80.8,85.4,37.1,0.0,0
2017,31326,PM10,10.3,15.1,6.4,0.0,0
2017,31326,TAire,25.5,27.3,24.1,0.0,0
2017,31326,VViento,0.9,1.3,0.7,0.0,0
2017,31327,DViento,139.47500000000002,238.1,37.1,0.0,0
2017,31327,HAire,86.2,92.6,37.1,0.0,0
2017,31327,PM10,8.4,13.5,5.7,0.0,0
2017,31327,TAire,27.5,29.4,25.5,0.0,0
2017,31327,VViento,0.3,0.4,0.1,0.0,0
2017,31328,DViento,139.47500000000002,209.1,37.1,0.0,0
2017,31328,HAire,79.7,85.3,37.1,0.0,0
2017,31328,PM10,5.0,6.5,4.3,0.0,0
2017,31328,TAire,21.3,23.2,19.7,0.0,0
2017,31328,VViento,0.6,0.9,0.3,0.0,0
2017,31329,DViento,139.47500000000002,239.4,37.1,0.0,0
2017,31329,HAire,89.1,94.1,37.1,0.0,0
2017,31329,PM10,13.1,19.1,6.3,0.0,0
2017,31329,TAire,19.6,21.9,18.1,0.0,0
2017,31329,VViento,1.0,2.2,0.4,0.0,0
2017,31330,DViento,139.47500000000002,263.2,37.1,0.0,0
2017,31330,HAire,41.2,64.1,32.8,0.0,0
2017,31330,PM2.5,7.5,13.5,4.2,0.0,0
2017,31330,TAire,23.0,24.9,20.6,0.0,0
2017,31330,VViento,1.6,2.6,0.8,0.0,0
2017,31332,DViento,139.47500000000002,249.4,31.4,0.0,0
2017,31332,HAire,79.2,86.8,37.1,0.0,0
2017,31332,PM10,4.6,5.9,3.3,0.0,0
2017,31332,TAire,17.9,19.7,15.7,0.0,0
2017,31332,VViento,0.8,1.4,0.1,0.0,0
2017,31334,DViento,139.47500000000002,248.8,37.1,0.0,0
2017,31334,HAire,39.6,63.0,34.3,0.0,0
2017,31334,PM2.5,7.3,12.8,3.1,0.0,0
2017,31334,TAire,32.4,35.0,29.1,0.0,0
2017,31334,VViento,1.2,1.5,1.0,0.0,0
2017,31335,PM2.5,22.0,39.4,6.8,0.0,0
2017,31340,PM10,43.8,142.0,1.0,0.0,0
2017,31341,PM10,35.2,54.0,16.2,0.0,0
2017,31342,NO,28.5,356.7,0.1,0.0,0
2017,31342,NO2,42.3,199.1,6.4,2.0,0
2017,31342,PM10,37.4,147.0,1.0,0.0,0
2017,31343,PM2.5,11.3,21.5,4.7,0.0,0
2017,31345,DViento,139.47500000000002,316.5,37.1,0.0,0
2017,31345,HAire,71.8,83.3,37.1,0.0,0
2017,31345,P,139.47500000000002,432.725,37.1,0.0,0
2017,31345,PLiquida,0.1,1.2,0.0,0.0,0
2017,31345,PM10,21.2,49.4,4.3,0.0,0
2017,31345,RGlobal,135.2,432.725,0.0,0.0,0
2017,31345,TAire,24.6,30.0,21.0,0.0,0
2017,31345,VViento,0.2,2.0,0.0,0.0,0
2017,31360,PM2.5,14.1,58.4,1.2,0.0,0
2017,31362,PM2.5,16.0,27.8,6.5,0.0,0
2017,31364,PM2.5,23.4,40.0,13.2,0.0,0
2017,31366,PM2.5,14.8,24.8,7.0,0.0,0
2017,31369,PM2.5,22.5,38.9,8.3,0.0,0
2017,31371,PM2.5,20.7,36.2,8.2,0.0,0
2017,31373,PM2.5,17.7,29.4,9.3,0.0,0
2017,31375,PM2.5,16.6,24.8,8.8,0.0,0
2017,31377,PM2.5,20.4,74.0,1.2,0.0,0
2017,31379,PM2.5,16.7,30.7,7.4,0.0,0
2017,31381,DViento,139.47500000000002,354.8,0.0,0.0,0
2017,31381,O3,15.7,63.1,0.8,0.0,0
2017,31381,P,139.47500000000002,432.725,0.0,0.0,0
2017,31381,PLiquida,1.2,14.5,0.0,0.0,0
2017,31381,PM10,53.7,73.2,37.1,0.0,0
2017,31381,RGlobal,132.5,432.725,0.0,0.0,0
2017,31381,TAire,24.5,32.7,0.0,0.0,0
2017,31384,DViento,131.5,235.7,37.1,0.0,0
2017,31384,HAire,75.0,83.8,37.1,0.0,0
2017,31384,PM10,10.0,44.2,4.6,0.0,0
2017,31384,TAire,23.3,24.5,19.9,0.0,0
2017,31384,VViento,0.6,1.4,0.1,0.0,0
2017,31387,DViento,139.47500000000002,309.9,37.1,0.0,0
2017,31387,HAire,45.5,75.1,32.0,0.0,0
2017,31387,PM2.5,5.6,11.3,2.0,0.0,0
2017,31387,TAire,24.4,26.0,22.4,0.0,0
2017,31387,VViento,1.8,2.7,0.5,0.0,0
2017,31389,DViento,139.47500000000002,321.2,0.0,0.0,0
2017,31389,HAire,52.3,88.0,0.0,0.0,0
2017,31389,O3,37.5,68.0,1.4,0.0,0
2017,31389,P,139.47500000000002,432.725,0.0,0.0,0
2017,31389,PLiquida,0.7,5.4,0.0,0.0,0
2017,31389,PM10,22.8,36.2,10.5,0.0,0
2017,31389,RGlobal,92.2,432.725,0.0,0.0,0
2017,31389,TAire,20.5,32.2,0.0,0.0,0
2017,31389,VViento,0.9,3.5,0.0,0.0,0
2017,31393,DViento,139.47500000000002,241.9,37.1,0.0,0
2017,31393,HAire,92.0,94.8,37.1,0.0,0
2017,31393,PM10,12.2,19.8,7.4,0.0,0
2017,31393,TAire,18.4,19.5,17.6,0.0,0
2017,31393,VViento,0.3,0.6,0.1,0.0,0
2017,31400,DViento,139.47500000000002,315.0,37.1,0.0,0
2017,31400,HAire,68.1,78.4,37.1,0.0,0
2017,31400,PM10,6.6,10.2,3.7,0.0,0
2017,31400,TAire,24.8,27.8,22.6,0.0,0
2017,31400,VViento,0.4,0.7,0.2,0.0,0
2017,31401,DViento,139.47500000000002,293.5,37.1,0.0,0
2017,31401,HAire,79.5,93.6,37.1,0.0,0
2017,31401,PM10,11.9,15.8,9.6,0.0,0
2017,31401,TAire,19.1,21.4,17.4,0.0,0
2017,31401,VViento,1.6,2.3,0.3,0.0,0
2017,31403,DViento,139.47500000000002,310.3,37.1,0.0,0
2017,31403,HAire,66.3,80.4,37.1,0.0,0
2017,31403,PM2.5,15.4,19.5,9.2,0.0,0
2017,31403,TAire,18.8,20.5,16.6,0.0,0
2017,31403,VViento,1.0,2.2,0.4,0.0,0
2017,31404,DViento,131.3,177.8,37.1,0.0,0
2017,31404,HAire,37.1,39.5,35.1,0.0,0
2017,31404,PM2.5,11.6,16.3,6.5,0.0,0
2017,31404,TAire,25.1,26.8,24.1,0.0,0
2017,31404,VViento,0.8,1.0,0.5,0.0,0
2017,31407,DViento,139.47500000000002,291.6,37.1,0.0,0
2017,31407,HAire,70.3,91.7,37.1,0.0,0
2017,31407,PM10,14.1,25.8,6.2,0.0,0
2017,31407,TAire,22.9,25.9,17.3,0.0,0
2017,31407,VViento,0.3,0.6,0.1,0.0,0
2017,31429,NO2,11.5,20.6,0.6,0.0,0
2017,31429,O3,38.4,83.8,3.0,3.0,0
2017,31429,PM10,22.5,63.0,9.7,0.0,0
2017,31429,PM2.5,9.6,17.5,3.7,0.0,0
2017,31429,SO2,6.0,7.7,5.0,0.0,0
2017,31431,O3,41.6,162.3,0.0,16.0,0
2017,31431,P,139.47500000000002,432.725,37.1,0.0,0
2017,31431,PM10,51.6,413.8,0.0,0.0,0
2017,31431,PM2.5,40.3,270.2,8.8,8.0,0
2017,31431,TAire2,28.9,34.6,0.0,0.0,0
2017,31441,O3,26.5,88.7,1.4,12.0,0
2017,31441,P,139.47500000000002,432.725,37.1,0.0,0
2017,31441,PM10,71.9,120.3,37.1,1.0,0
2017,31441,PM2.5,17.0,38.4,6.8,0.0,0
2017,31441,TAire2,28.9,34.6,23.0,0.0,0
2017,31442,O3,17.7,160.1,0.0,1.0,0
2017,31442,P,139.47500000000002,432.725,37.1,0.0,0
2017,31442,TAire2,29.3,34.6,23.1,0.0,0
2017,31443,PM10,16.0,46.7,3.8,0.0,0
2017,31445,PM10,46.0,187.8,0.7,3.0,0
2017,31469,NO2,0.5,0.7,0.4,0.0,0
2017,31469,PM10,29.5,69.0,13.0,0.0,0
2017,31469,PM2.5,24.4,34.3,2.6,0.0,0
2017,31469,SO2,1.7,2.2,1.4,12.0,0
2017,31469,VViento,9.0,15.5,2.2,0.0,0
2017,31477,PM10,38.7,72.0,18.0,0.0,0
2017,31478,PM10,20.2,27.0,16.0,0.0,0
2017,31480,NO2,7.1,30.8,0.5,0.0,0
2017,31480,O3,9.9,52.0,0.6,0.0,0
2017,31480,PM10,40.3,103.6,17.8,1.0,0
2017,31480,PM2.5,10.6,21.4,0.7,0.0,0
2017,31480,SO2,5.8,6.9,5.1,0.0,0
2017,31492,CO,139.47500000000002,432.725,31.3,0.0,0
2017,31492,NO2,5.2,5.2,5.2,0.0,0
2017,31492,O3,45.9,133.0,0.7,9.0,0
2017,31492,PM10,37.7,88.5,8.8,0.0,0
2017,31492,PM2.5,17.2,53.4,4.7,2.0,0
2017,31492,PST,56.1,145.2,17.5,0.0,0
2017,31492,SO2,21.3,36.7,18.2,0.0,0
2017,31493,CO,139.47500000000002,432.725,15.3,0.0,0
2017,31493,NO2,5.2,5.2,5.2,0.0,0
2017,31493,O3,36.6,130.5,0.1,3.0,0
2017,31493,PM10,33.2,76.6,11.7,0.0,0
2017,31493,PM2.5,13.1,26.9,2.8,0.0,0
2017,31493,PST,50.0,139.9,19.0,0.0,0
2017,31493,SO2,23.2,38.2,18.2,0.0,0
2017,31818,PM10,20.8,54.7,4.2,0.0,0
2017,31819,PM10,48.4,89.9,5.0,0.0,0
2017,31819,PM2.5,20.1,52.8,1.5,1.0,0
2017,31820,PM10,43.6,112.6,1.9,1.0,0
2017,31821,PM10,57.0,99.5,25.2,0.0,0
2017,31821,PM2.5,24.5,45.4,10.9,0.0,0
2017,31825,CO,139.47500000000002,432.725,0.0,0.0,0
2017,31825,DViento,69.3,359.9,0.3,0.0,0
2017,31825,HAire2,80.7,99.2,37.1,0.0,0
2017,31825,NO2,33.1,70.1,8.0,0.0,0
2017,31825,O3,9.4,45.3,0.2,0.0,0
2017,31825,P,139.47500000000002,432.725,37.1,0.0,0
2017,31825,PM10,37.1,72.2,14.7,0.0,0
2017,31825,PM2.5,15.4,30.7,5.5,0.0,0
2017,31825,RGlobal,139.47500000000002,432.725,0.0,0.0,0
2017,31825,SO2,6.3,10.5,3.0,0.0,0
2017,31825,TAire2,27.3,34.1,20.9,0.0,0
2017,31825,VViento,2.7,8.0,0.0,0.0,0
2017,31827,CO,139.47500000000002,432.725,0.0,0.0,0
2017,31827,DViento,139.47500000000002,323.3,18.3,0.0,0
2017,31827,HAire2,72.1,99.2,0.0,0.0,0
2017,31827,NO,6.1,432.725,0.0,0.0,0
2017,31827,NO2,11.6,77.2,0.0,0.0,0
2017,31827,O3,18.2,94.5,0.0,0.0,0
2017,31827,P,139.47500000000002,432.725,37.1,0.0,0
2017,31827,PLiquida,0.1,13.0,0.0,0.0,0
2017,31827,PM10,31.1,72.0,8.1,0.0,0
2017,31827,PM2.5,15.8,44.6,6.5,0.0,0
2017,31827,RGlobal,139.47500000000002,432.725,0.0,0.0,0
2017,31827,SO2,9.9,362.7,0.0,0.0,0
2017,31827,TAire2,13.9,24.6,1.2,0.0,0
2017,31827,VViento,1.6,6.9,0.0,0.0,0
2017,31829,CO,139.47500000000002,432.725,3.9,0.0,0
2017,31829,DViento,117.3,357.5,1.9,0.0,0
2017,31829,HAire2,79.8,89.7,37.1,0.0,0
2017,31829,NO,4.4,114.8,0.0,0.0,0
2017,31829,NO2,9.3,25.8,3.4,0.0,0
2017,31829,O3,27.9,73.1,4.8,0.0,0
2017,31829,P,139.47500000000002,432.725,37.1,0.0,0
2017,31829,PM10,30.4,58.1,10.6,0.0,0
2017,31829,PM2.5,11.1,25.8,4.0,0.0,0
2017,31829,RGlobal,139.47500000000002,432.725,0.0,0.0,0
2017,31829,SO2,2.4,9.2,0.4,0.0,0
2017,31829,TAire2,27.4,33.9,21.2,0.0,0
2017,31829,VViento,2.4,7.0,0.0,0.0,0
2017,31830,CO,139.47500000000002,432.725,37.1,0.0,0
2017,31830,NO,12.6,432.725,0.0,0.0,0
2017,31830,NO2,23.6,190.2,0.5,0.0,0
2017,31830,O3,19.7,91.6,0.0,0.0,0
2017,31830,PM10,33.8,178.1,1.8,0.0,0
2017,31830,SO2,0.6,1.9,0.1,0.0,0
2017,31831,CO,139.47500000000002,432.725,0.0,0.0,0
2017,31831,DViento,7.9,358.2,0.0,0.0,0
2017,31831,HAire10,33.2,91.3,0.0,0.0,0
2017,31831,NO,3.4,329.3,0.0,0.0,0
2017,31831,NO2,5.8,14.4,0.7,0.0,0
2017,31831,O3,19.8,235.8,0.0,1.0,0
2017,31831,P,139.47500000000002,432.725,37.1,0.0,0
2017,31831,PLiquida,134.9,432.725,0.0,0.0,0
2017,31831,PM10,30.5,116.7,8.1,2.0,0
2017,31831,RGlobal,139.47500000000002,432.725,0.0,0.0,0
2017,31831,SO2,4.1,241.0,0.0,0.0,0
2017,31831,TAire10,12.4,31.9,0.0,0.0,0
2017,31831,VViento,0.8,7.0,0.0,0.0,0
2017,31832,CO,139.47500000000002,432.725,0.0,0.0,0
2017,31832,DViento,88.0,360.0,0.0,0.0,0
2017,31832,HAire10,62.3,99.2,0.0,0.0,0
2017,31832,NO,5.8,281.9,0.0,0.0,0
2017,31832,NO2,9.9,43.8,0.0,0.0,0
2017,31832,O3,24.6,382.2,0.0,5.0,0
2017,31832,P,139.47500000000002,432.725,37.1,0.0,0
2017,31832,PLiquida,0.2,432.725,0.0,0.0,0
2017,31832,PM10,50.3,432.725,14.3,21.0,0
2017,31832,PM2.5,14.8,35.4,4.7,0.0,0
2017,31832,RGlobal,139.47500000000002,432.725,0.0,0.0,0
2017,31832,SO2,8.1,44.8,0.0,0.0,0
2017,31832,TAire10,23.3,35.5,0.0,0.0,0
2017,31832,VViento,0.1,1.2,0.0,0.0,0
2017,31847,PM10,59.4,109.8,7.6,2.0,0
2017,31852,O3,19.0,195.0,0.2,64.0,0
2017,31852,PM10,27.9,59.9,15.8,0.0,0
2017,99999,CO,139.47500000000002,432.725,0.1,15.0,0
2017,99999,DViento,139.47500000000002,269.1,37.1,0.0,0
2017,99999,HAire,81.1,88.4,37.1,0.0,0
2017,99999,HAire2,32.6,38.0,29.0,0.0,0
2017,99999,NO,34.0,248.7,0.1,0.0,0
2017,99999,NO2,1.4,11.0,0.0,0.0,0
2017,99999,O3,16.2,135.0,0.0,1.0,0
2017,99999,P,139.47500000000002,432.725,37.1,0.0,0
2017,99999,PLiquida,2.1,432.725,0.0,0.0,0
2017,99999,PM10,23.9,51.2,8.9,0.0,0
2017,99999,PM2.5,15.9,38.7,4.7,0.0,0
2017,99999,PST,93.4,298.6,20.4,0.0,0
2017,99999,RGlobal,139.47500000000002,432.725,0.0,0.0,0
2017,99999,SO2,10.5,11.0,0.1,0.0,0
2017,99999,TAire,27.9,29.2,26.7,0.0,0
2017,99999,TAire2,22.2,23.6,19.9,0.0,0
2017,99999,VViento,0.9,2.5,0.2,0.0,0
2018,8204,DViento,139.47500000000002,359.7,0.5,0.0,0
2018,8204,HAire2,81.5,100.0,37.1,0.0,0
2018,8204,O3,31.6,97.9,6.2,0.0,0
2018,8204,P,139.47500000000002,432.725,37.1,0.0,0
2018,8204,PLiquida,0.1,40.1,0.0,0.0,0
2018,8204,PM10,31.9,119.9,4.4,3.0,0
2018,8204,RGlobal,139.47500000000002,432.725,0.0,0.0,0
2018,8204,RUVb,2.0,13.9,0.0,0.0,0
2018,8204,TAire2,24.6,31.6,20.1,0.0,0
2018,8204,VViento,1.1,4.0,0.0,0.0,0
2018,8205,DViento,73.6,337.5,0.0,0.0,0
2018,8205,HAire,73.7,97.0,24.0,0.0,0
2018,8205,HAire2,74.7,97.0,37.1,0.0,0
2018,8205,O3,28.9,97.9,5.4,0.0,0
2018,8205,P,139.47500000000002,432.725,37.1,0.0,0
2018,8205,PLiquida,0.1,31.6,0.0,0.0,0
2018,8205,RGlobal,139.47500000000002,432.725,0.0,0.0,0
2018,8205,RUVb,1.5,11.4,0.0,0.0,0
2018,8205,TAire2,25.0,33.4,19.1,0.0,0
2018,8205,VViento,0.6,5.3,0.0,0.0,0
2018,8207,CO,139.47500000000002,432.725,37.1,0.0,0
2018,8207,O3,29.9,87.4,0.2,0.0,0
2018,8207,PM10,38.6,84.8,11.8,2.0,0
2018,8207,PM2.5,13.0,39.9,4.0,1.0,0
2018,8208,CO,139.47500000000002,432.725,37.1,0.0,0
2018,8208,NO2,33.2,263.3,0.4,1.0,0
2018,8208,O3,18.8,81.2,0.8,0.0,0
2018,8208,PM10,32.1,78.2,7.2,0.0,0
2018,8208,PM2.5,15.1,37.4,3.3,0.0,0
2018,8210,O3,25.5,117.5,0.3,17.0,0
2018,8210,PM10,46.3,332.0,2.0,285.0,0
2018,8210,PM2.5,16.0,41.1,5.0,0.0,0
2018,8210,SO2,4.3,98.7,0.3,0.0,0
2018,8211,NO2,20.3,196.9,0.2,0.0,0
2018,8211,O3,25.5,91.7,1.0,0.0,0
2018,8211,PM10,28.3,165.0,1.0,58.0,0
2018,8211,PM2.5,14.1,36.8,4.2,0.0,0
2018,8213,CO,139.47500000000002,432.725,37.1,0.0,0
2018,8213,NO2,30.4,214.9,0.2,1.0,0
2018,8213,O3,23.8,105.4,1.1,2.0,0
2018,8213,PM10,28.1,343.0,1.0,132.0,0
2018,8213,PM2.5,14.1,36.0,3.1,0.0,0
2018,8213,SO2,1.1,47.4,0.1,0.0,0
2018,8214,CO,139.47500000000002,432.725,37.1,0.0,0
2018,8214,NO2,24.0,108.9,0.2,0.0,0
2018,8214,O3,17.9,88.8,1.0,0.0,0
2018,8214,PM10,50.2,432.725,6.0,404.0,0
2018,8214,PM2.5,24.2,54.1,8.1,7.0,0
2018,8214,SO2,6.1,59.7,0.3,0.0,0
2018,8215,O3,25.0,106.5,0.5,3.0,0
2018,8215,PM10,28.3,234.9,1.3,104.0,0
2018,8215,PM2.5,14.1,82.0,1.0,195.0,0
2018,8216,CO,139.47500000000002,432.725,37.1,0.0,0
2018,8216,NO2,36.0,259.7,0.2,1.0,0
2018,8216,O3,11.7,72.1,0.5,0.0,0
2018,8216,PM10,43.0,234.0,2.0,380.0,0
2018,8216,PM2.5,17.1,41.7,4.8,0.0,0
2018,8216,SO2,3.0,8.5,0.8,0.0,0
2018,8218,CO,139.47500000000002,432.725,37.1,0.0,0
2018,8218,NO2,50.3,139.7,5.8,0.0,0
2018,8218,O3,14.4,79.6,0.8,0.0,0
2018,8218,PM10,69.5,136.4,25.1,55.0,0
2018,8218,PM2.5,29.8,98.4,1.0,1027.0,0
2018,8218,SO2,13.3,167.3,0.3,14.0,0
2018,8219,CO,139.47500000000002,432.725,37.1,0.0,0
2018,8219,NO2,26.6,110.6,0.2,0.0,0
2018,8219,O3,24.6,92.7,0.8,0.0,0
2018,8219,PM10,37.9,253.0,1.0,326.0,0
2018,8219,PM2.5,19.8,157.0,0.1,346.0,0
2018,8219,SO2,4.3,11.6,1.1,0.0,0
2018,8234,PM10,27.7,50.0,11.0,0.0,0
2018,8239,O3,17.8,54.2,1.3,0.0,0
2018,8246,PM10,39.8,89.3,1.8,2.0,0
2018,8246,PST,94.4,198.6,28.1,0.0,0
2018,8246,SO2,16.1,41.1,0.7,0.0,0
2018,8247,NO,5.4,112.7,0.1,0.0,0
2018,8247,NO2,10.9,77.7,0.1,0.0,0
2018,8247,PM10,26.4,262.0,1.0,58.0,0
2018,8247,SO2,4.2,14.7,0.3,0.0,0
2018,8248,PM10,21.1,96.4,1.3,1.0,0
2018,8248,PST,50.7,213.8,20.8,0.0,0
2018,8248,SO2,10.0,15.8,0.2,0.0,0
2018,8250,PM10,18.8,45.5,7.1,0.0,0
2018,8250,PM2.5,9.4,27.7,2.9,0.0,0
2018,8250,SO2,4.7,31.7,0.4,0.0,0
2018,8252,PM10,34.5,432.725,1.0,294.0,0
2018,8252,PM2.5,15.0,33.5,6.3,0.0,0
2018,8252,SO2,6.8,14.4,1.9,0.0,0
2018,8254,PM10,28.1,154.0,1.0,44.0,0
2018,8254,PM2.5,18.2,38.4,10.7,1.0,0
2018,8254,SO2,5.7,15.8,0.8,0.0,0
2018,8258,PM10,34.0,41.5,21.2,0.0,0
2018,8285,O3,18.4,72.4,1.6,0.0,0
2018,8285,PM2.5,19.9,124.0,1.0,232.0,0
2018,8285,SO2,9.0,17.0,2.6,0.0,0
2018,8288,DViento,139.47500000000002,358.3,0.0,0.0,0
2018,8288,HAire2,77.1,98.4,27.6,0.0,0
2018,8288,O3,28.5,123.0,0.2,38.0,0
2018,8288,PLiquida,0.6,106.2,0.0,0.0,0
2018,8288,PM10,30.1,58.7,8.6,0.0,0
2018,8288,RGlobal,139.47500000000002,432.725,0.0,0.0,0
2018,8288,TAire2,23.3,31.6,18.1,0.0,0
2018,8288,VViento,3.3,9.7,0.1,0.0,0
2018,8291,NO2,12.6,92.6,0.1,0.0,0
2018,8291,O3,36.2,132.7,1.0,78.0,0
2018,8291,PM2.5,24.9,99.0,1.0,415.0,0
2018,8775,PM10,49.9,292.7,4.7,1.0,0
2018,8776,PM10,86.0,432.725,0.1,1205.0,0
2018,8776,PM2.5,22.8,42.0,10.5,2.0,0
2018,8777,PM10,30.9,62.3,16.9,0.0,0
2018,8805,PM10,18.0,42.1,1.7,0.0,0
2018,8905,PM10,11.0,18.8,4.6,0.0,0
2018,8970,PM10,37.7,63.0,25.5,0.0,0
2018,8970,PST,86.1,144.5,37.1,0.0,0
2018,8973,PM10,42.4,75.9,25.2,0.0,0
2018,8978,PM10,28.3,48.9,13.8,0.0,0
2018,8980,PM10,40.2,78.2,23.9,0.0,0
2018,8981,PM10,48.0,73.8,32.3,0.0,0
2018,8983,PM10,33.0,59.5,17.4,0.0,0
2018,8983,PST,56.4,99.3,22.2,0.0,0
2018,8984,PM10,36.6,73.7,12.4,0.0,0
2018,8986,O3,21.1,99.5,0.4,0.0,0
2018,8986,PLiquida,0.2,68.3,0.0,0.0,0
2018,8986,PM10,38.8,80.7,12.7,0.0,0
2018,8986,RGlobal,139.47500000000002,432.725,0.0,0.0,0
2018,8990,PM10,32.3,57.0,15.0,0.0,0
2018,8994,PM10,18.0,37.4,5.1,0.0,0
2018,9020,DViento,21.8,359.9,1.8,0.0,0
2018,9020,HAire10,77.6,100.0,22.2,0.0,0
2018,9020,P,139.47500000000002,432.725,37.1,0.0,0
2018,9020,PLiquida,0.1,20.0,-1.4,0.0,0
2018,9020,PM10,37.2,317.0,1.0,183.0,0
2018,9020,TAire10,22.1,31.7,14.1,0.0,0
2018,9020,VViento,1.4,7.2,0.0,0.0,0
2018,9021,PM10,43.1,147.0,1.0,0.0,0
2018,9021,PST,54.5,73.1,37.1,0.0,0
2018,9023,CO,139.47500000000002,432.725,37.1,0.0,0
2018,9023,DViento,65.1,358.1,1.0,0.0,0
2018,9023,HAire10,77.4,100.0,25.4,0.0,0
2018,9023,NO,51.3,343.3,0.0,0.0,0
2018,9023,NO2,45.1,167.7,0.0,0.0,0
2018,9023,P,139.47500000000002,432.725,37.1,0.0,0
2018,9023,PLiquida,0.1,19.8,-22.1,0.0,0
2018,9023,PM10,36.9,150.7,0.0,90.0,0
2018,9023,PM2.5,20.2,38.4,7.0,0.0,0
2018,9023,TAire10,22.2,32.8,14.9,0.0,0
2018,9023,VViento,1.1,7.1,0.0,0.0,0
2018,9025,PM10,50.3,204.0,2.0,678.0,0
2018,9026,PM10,42.9,92.0,7.5,4.0,0
2018,9026,PM2.5,21.9,61.3,5.1,3.0,0
2018,9027,PM10,45.0,122.9,10.4,4.0,0
2018,9027,PM2.5,12.3,32.8,3.2,0.0,0
2018,9039,PM10,38.2,77.7,9.3,0.0,0
2018,9039,PM2.5,16.5,22.0,5.0,0.0,0
2018,9041,PM10,32.4,135.9,5.7,2.0,0
2018,9042,PM10,35.6,102.4,8.3,1.0,0
2018,9042,PM2.5,12.9,38.4,1.7,0.0,0
2018,9043,PM10,34.5,81.0,10.8,0.0,0
2018,9043,PM2.5,4.7,19.9,1.1,0.0,0
2018,9044,PM10,32.3,100.1,11.3,1.0,0
2018,9044,PM2.5,6.0,21.2,1.1,0.0,0
2018,9048,PM10,52.0,152.5,18.1,8.0,0
2018,9048,PM2.5,11.8,45.8,1.3,0.0,0
2018,9050,PM10,27.6,70.0,5.7,0.0,0
2018,9050,PM2.5,7.2,24.2,1.2,0.0,0
2018,9051,PM10,66.1,137.8,14.9,22.0,0
2018,9051,PM2.5,19.9,52.2,4.6,2.0,0
2018,9053,PM10,28.9,87.9,6.1,0.0,0
2018,9056,PM10,37.8,73.0,14.5,0.0,0
2018,9060,PM10,35.1,72.4,12.7,0.0,0
2018,9060,PM2.5,20.6,38.3,8.5,0.0,0
2018,9085,PM10,23.4,60.6,8.4,0.0,0
2018,9101,PM10,30.6,69.4,11.1,0.0,0
2018,9102,PM10,32.7,63.0,12.1,0.0,0
2018,9104,PM10,45.4,64.9,28.1,0.0,0
2018,9117,PM10,27.5,37.8,13.5,0.0,0
2018,9166,PM10,27.9,49.1,11.7,0.0,0
2018,9166,PST,68.2,127.6,10.4,0.0,0
2018,9166,SO2,13.7,38.6,0.9,0.0,0
2018,19566,PM10,45.6,128.3,7.5,27.0,0
2018,19566,PM2.5,18.7,70.0,4.5,8.0,0
2018,19661,PM10,23.9,54.1,4.9,0.0,0
2018,19661,PM2.5,30.3,44.0,9.2,17.0,0
2018,19662,PM10,30.5,53.2,2.2,0.0,0
2018,19664,PM10,19.1,40.2,3.9,0.0,0
2018,19664,PST,11.1,15.6,7.7,0.0,0
2018,19665,PM10,18.9,24.2,9.8,0.0,0
2018,20383,DViento,139.47500000000002,337.5,0.0,0.0,0
2018,20383,HAire,79.0,93.0,37.1,0.0,0
2018,20383,HAire2,79.8,93.0,37.1,0.0,0
2018,20383,PLiquida,5.8,50.3,0.0,0.0,0
2018,20383,PM10,45.2,89.3,21.6,1.0,0
2018,20383,TAire,20.6,22.9,16.9,0.0,0
2018,20383,TAire2,20.7,22.9,17.7,0.0,0
2018,20383,VViento,0.3,0.9,0.0,0.0,0
2018,20385,O3,21.2,72.5,1.1,0.0,0
2018,20385,PM10,49.7,97.8,22.6,0.0,0
2018,20395,PM10,39.7,231.0,1.0,749.0,0
2018,26177,PM10,54.4,106.4,15.5,1.0,0
2018,26179,PM10,53.1,112.6,14.8,3.0,0
2018,26181,PM10,34.5,85.4,12.9,1.0,0
2018,26182,PM10,34.7,98.1,9.8,2.0,0
2018,26183,PM10,42.1,86.1,17.6,1.0,0
2018,26184,PM10,34.5,98.2,9.2,0.0,0
2018,26189,DViento,99.1,360.0,0.1,0.0,0
2018,26189,HAire10,85.9,99.4,33.2,0.0,0
2018,26189,P,139.47500000000002,432.725,37.1,0.0,0
2018,26189,PLiquida,0.2,9.2,0.0,0.0,0
2018,26189,RGlobal,139.47500000000002,432.725,0.0,0.0,0
2018,26189,TAire10,26.7,34.3,19.6,0.0,0
2018,26189,VViento,1.3,5.6,0.0,0.0,0
2018,26190,PM10,13.6,28.8,5.2,0.0,0
2018,26288,PM10,43.2,161.7,0.8,8.0,0
2018,28202,CO,17.1,65.0,1.2,0.0,0
2018,28202,PM10,26.3,55.1,9.3,0.0,0
2018,28202,PM2.5,11.7,38.7,2.2,0.0,0
2018,28625,PM10,38.8,57.4,22.7,0.0,0
2018,29384,PM10,42.3,165.5,5.2,5.0,0
2018,29493,DViento,139.47500000000002,360.0,0.0,0.0,0
2018,29493,HAire10,63.8,88.3,18.8,0.0,0
2018,29493,NO,17.4,143.9,0.0,0.0,0
2018,29493,NO2,39.3,142.3,5.9,0.0,0
2018,29493,P,139.47500000000002,432.725,37.1,0.0,0
2018,29493,PM2.5,23.9,110.0,1.0,406.0,0
2018,29493,RGlobal,136.4,432.725,0.0,0.0,0
2018,29493,TAire10,21.7,31.0,14.7,0.0,0
2018,29493,VViento,0.8,4.5,0.0,0.0,0
2018,29501,DViento,53.7,359.9,1.4,0.0,0
2018,29501,HAire10,85.3,100.0,28.2,0.0,0
2018,29501,O3,24.8,97.6,0.3,0.0,0
2018,29501,P,139.47500000000002,432.725,37.1,0.0,0
2018,29501,PLiquida,0.1,3.6,-3.0,0.0,0
2018,29501,TAire10,21.3,31.1,13.4,0.0,0
2018,29501,VViento,1.7,7.6,0.0,0.0,0
2018,29502,DViento,126.8,276.1,32.1,0.0,0
2018,29502,HAire10,69.0,94.3,20.5,0.0,0
2018,29502,NO,8.1,104.6,0.0,0.0,0
2018,29502,NO2,19.7,89.6,0.0,0.0,0
2018,29502,O3,25.1,110.1,0.1,4.0,0
2018,29502,P,139.47500000000002,432.725,37.1,0.0,0
2018,29502,PM10,37.3,86.2,19.5,0.0,0
2018,29502,RGlobal,139.47500000000002,432.725,0.0,0.0,0
2018,29502,TAire10,21.0,30.3,12.5,0.0,0
2018,29502,VViento,1.3,4.7,0.0,0.0,0
2018,29507,DViento,139.47500000000002,359.8,0.2,0.0,0
2018,29507,HAire10,67.2,90.1,21.9,0.0,0
2018,29507,NO,31.7,236.8,0.0,0.0,0
2018,29507,NO2,34.4,149.3,0.1,0.0,0
2018,29507,O3,25.0,123.0,0.5,27.0,0
2018,29507,P,139.47500000000002,432.725,37.1,0.0,0
2018,29507,PLiquida,0.2,38.5,0.0,0.0,0
2018,29507,PM2.5,20.8,57.9,7.3,3.0,0
2018,29507,RGlobal,139.47500000000002,432.725,0.0,0.0,0
2018,29507,TAire10,22.0,31.4,14.4,0.0,0
2018,29507,VViento,1.2,3.6,0.0,0.0,0
2018,29508,PM2.5,18.7,178.0,1.2,89.0,0
2018,29509,DViento,2.3,359.8,1.0,0.0,0
2018,29509,HAire10,62.5,100.0,19.1,0.0,0
2018,29509,NO,42.2,272.8,0.1,0.0,0
2018,29509,NO2,65.6,155.6,29.8,0.0,0
2018,29509,PLiquida,0.1,17.4,0.0,0.0,0
2018,29509,PM10,48.2,242.0,4.0,304.0,0
2018,29509,PM2.5,26.9,68.7,10.7,13.0,0
2018,29509,RGlobal,139.47500000000002,432.725,0.0,0.0,0
2018,29509,TAire10,21.6,30.9,15.6,0.0,0
2018,29509,VViento,0.8,2.2,0.0,0.0,0
2018,29511,DViento,139.47500000000002,358.5,1.5,0.0,0
2018,29511,HAire10,72.9,99.6,20.1,0.0,0
2018,29511,O3,32.9,128.6,0.3,79.0,0
2018,29511,P,139.47500000000002,432.725,37.1,0.0,0
2018,29511,PLiquida,0.3,38.0,0.0,0.0,0
2018,29511,PM10,39.4,276.0,2.0,130.0,0
2018,29511,PM2.5,19.4,60.1,4.8,3.0,0
2018,29511,RGlobal,139.47500000000002,432.725,0.0,0.0,0
2018,29511,TAire10,19.8,29.4,12.7,0.0,0
2018,29511,VViento,0.5,3.8,0.0,0.0,0
2018,29529,DViento,139.47500000000002,360.0,0.3,0.0,0
2018,29529,HAire10,79.3,100.0,28.1,0.0,0
2018,29529,O3,24.3,115.3,0.3,9.0,0
2018,29529,P,139.47500000000002,432.725,37.1,0.0,0
2018,29529,PLiquida,0.1,32.5,-22.1,0.0,0
2018,29529,TAire10,21.5,31.4,14.5,0.0,0
2018,29529,VViento,1.1,11.2,0.0,0.0,0
2018,29574,PM10,35.5,92.7,10.3,0.0,0
2018,29586,NO,87.6,432.725,0.6,0.0,0
2018,29586,NO2,45.3,186.4,0.7,0.0,0
2018,29586,PM10,69.9,209.0,2.0,504.0,0
2018,29586,PM2.5,18.5,303.0,1.0,371.0,0
2018,29586,SO2,28.0,86.0,1.7,27.0,0
2018,29600,DViento,139.47500000000002,360.0,0.1,0.0,0
2018,29600,HAire10,77.5,94.4,25.1,0.0,0
2018,29600,O3,31.4,140.4,0.4,54.0,0
2018,29600,P,139.47500000000002,432.725,37.1,0.0,0
2018,29600,PM2.5,23.0,71.4,5.4,3.0,0
2018,29600,RGlobal,136.5,432.725,0.0,0.0,0
2018,29600,TAire10,19.5,29.8,12.1,0.0,0
2018,29600,VViento,0.7,3.7,0.0,0.0,0
2018,29615,PM10,33.7,131.5,1.8,105.0,0
2018,29615,PM2.5,18.6,83.5,1.1,174.0,0
2018,29617,NO,90.4,401.5,0.9,0.0,0
2018,29617,NO2,12.4,74.7,0.1,0.0,0
2018,29617,PM10,29.5,57.7,11.3,0.0,0
2018,29617,PM2.5,14.9,35.7,4.2,0.0,0
2018,29617,SO2,19.0,35.7,0.4,0.0,0
2018,29962,PM10,45.7,117.5,7.6,2.0,0
2018,30003,PM10,23.8,58.7,9.6,0.0,0
2018,30003,PM2.5,13.5,35.3,3.7,0.0,0
2018,30004,O3,15.8,76.5,0.4,0.0,0
2018,30004,PLiquida,0.3,75.4,0.0,0.0,0
2018,30004,PM10,50.0,239.4,0.1,736.0,0
2018,30004,RGlobal,139.47500000000002,432.725,0.0,0.0,0
2018,30004,SO2,3.1,3.8,2.3,0.0,0
2018,30044,PM10,28.1,169.0,1.0,40.0,0
2018,30044,SO2,19.7,54.6,4.7,1.0,0
2018,30057,PM10,40.2,78.3,16.1,0.0,0
2018,30090,PM10,15.3,42.3,9.6,0.0,0
2018,30109,DViento,139.47500000000002,329.2,37.1,0.0,0
2018,30109,HAire2,73.4,98.9,37.1,0.0,0
2018,30109,PM10,36.8,76.4,14.9,0.0,0
2018,30109,SO2,0.8,10.9,0.1,0.0,0
2018,30109,TAire2,24.5,31.7,19.2,0.0,0
2018,30109,VViento,1.6,7.3,0.1,0.0,0
2018,30110,DViento,139.47500000000002,360.0,0.0,0.0,0
2018,30110,HAire2,57.7,88.5,20.2,0.0,0
2018,30110,O3,29.7,103.1,4.5,1.0,0
2018,30110,PLiquida,0.3,77.2,0.0,0.0,0
2018,30110,PM10,45.6,86.0,21.1,2.0,0
2018,30110,PM2.5,12.6,90.0,1.0,63.0,0
2018,30110,RGlobal,106.8,432.725,0.0,0.0,0
2018,30110,TAire2,28.3,38.5,19.9,0.0,0
2018,30110,VViento,2.5,9.5,0.1,0.0,0
2018,30111,PM10,46.6,194.8,0.1,342.0,0
2018,30111,SO2,4.0,12.2,0.9,0.0,0
2018,30472,PM10,63.7,118.5,18.9,11.0,0
2018,30472,PM2.5,21.6,27.6,14.2,0.0,0
2018,30585,PM10,28.5,57.6,11.7,0.0,0
2018,30653,PM10,34.6,79.9,7.8,0.0,0
2018,30689,PM10,40.7,69.4,20.6,0.0,0
2018,30689,PST,83.3,148.8,37.1,0.0,0
2018,30691,PM10,24.5,53.9,6.5,0.0,0
2018,30691,PM2.5,14.2,30.9,4.2,0.0,0
2018,30728,O3,22.4,44.3,2.6,0.0,0
2018,30731,CO,139.47500000000002,432.725,37.1,0.0,0
2018,30731,DViento,94.1,359.4,3.7,0.0,0
2018,30731,HAire10,87.4,100.0,27.0,0.0,0
2018,30731,NO,12.8,146.8,0.0,0.0,0
2018,30731,NO2,18.4,100.0,0.1,0.0,0
2018,30731,O3,28.2,101.4,2.5,1.0,0
2018,30731,P,139.47500000000002,432.725,37.1,0.0,0
2018,30731,PLiquida,0.1,18.7,-7.9,0.0,0
2018,30731,PM2.5,18.2,64.6,5.6,3.0,0
2018,30731,SO2,23.8,52.9,8.0,2.0,0
2018,30731,TAire10,21.7,32.3,14.0,0.0,0
2018,30731,VViento,1.6,6.8,0.0,0.0,0
2018,30732,DViento,96.7,343.6,0.6,0.0,0
2018,30732,HAire10,81.7,100.0,28.1,0.0,0
2018,30732,O3,25.6,124.3,0.7,11.0,0
2018,30732,P,139.47500000000002,432.725,37.1,0.0,0
2018,30732,PLiquida,0.1,23.5,-2.3,0.0,0
2018,30732,PM2.5,19.1,69.2,5.7,1.0,0
2018,30732,RGlobal,128.2,432.725,0.1,0.0,0
2018,30732,TAire10,17.9,27.4,10.6,0.0,0
2018,30732,VViento,0.7,6.3,0.0,0.0,0
2018,30733,CO,139.47500000000002,432.725,1.4,0.0,0
2018,30733,DViento,139.47500000000002,355.9,1.7,0.0,0
2018,30733,HAire10,70.7,100.0,22.3,0.0,0
2018,30733,NO,41.0,298.8,0.1,0.0,0
2018,30733,NO2,30.7,125.0,0.0,0.0,0
2018,30733,P,139.47500000000002,432.725,37.1,0.0,0
2018,30733,PLiquida,0.1,26.1,-5.3,0.0,0
2018,30733,PM10,49.7,79.3,23.6,1.0,0
2018,30733,PM2.5,33.2,127.2,1.0,1190.0,0
2018,30733,RGlobal,139.47500000000002,432.725,0.0,0.0,0
2018,30733,TAire10,20.7,29.7,14.0,0.0,0
2018,30733,VViento,1.1,5.7,0.0,0.0,0
2018,30810,O3,5.5,47.8,0.3,0.0,0
2018,30810,PM10,47.9,317.8,0.1,657.0,0
2018,30810,SO2,0.8,4.0,0.2,0.0,0
2018,30812,PM10,32.9,74.6,7.5,0.0,0
2018,30815,O3,22.5,81.8,0.7,0.0,0
2018,30815,PM10,28.0,84.7,6.4,0.0,0
2018,30815,PM2.5,22.0,64.5,6.4,5.0,0
2018,30815,SO2,11.6,109.2,0.1,2.0,0
2018,30836,PM10,28.6,109.7,6.3,1.0,0
2018,30841,PM10,31.4,103.2,6.4,2.0,0
2018,30842,PM10,25.4,100.0,5.5,1.0,0
2018,30860,PM10,51.6,235.9,3.0,99.0,0
2018,30863,PM10,57.6,235.9,3.0,80.0,0
2018,30864,O3,20.0,40.7,3.6,0.0,0
2018,30864,PM10,44.9,55.6,29.6,0.0,0
2018,30866,O3,28.8,73.5,4.0,0.0,0
2018,30866,PM10,66.3,154.5,34.8,43.0,0
2018,30866,PM2.5,19.7,42.3,8.8,3.0,0
2018,30867,PM2.5,19.1,148.4,2.5,74.0,0
2018,31335,PM2.5,21.3,40.9,11.3,0.0,0
2018,31340,PM10,46.2,147.0,1.0,0.0,0
2018,31340,PM2.5,19.1,87.8,1.2,92.0,0
2018,31341,PM10,33.8,66.7,13.4,0.0,0
2018,31342,NO,49.2,344.8,0.0,0.0,0
2018,31342,NO2,18.7,81.6,0.0,0.0,0
2018,31342,PM10,37.9,138.0,1.0,168.0,0
2018,31343,PM2.5,12.4,58.9,4.7,1.0,0
2018,31345,DViento,139.47500000000002,360.0,0.0,0.0,0
2018,31345,HAire,73.4,93.0,0.0,0.0,0
2018,31345,P,139.47500000000002,432.725,0.0,0.0,0
2018,31345,PLiquida,0.6,5.7,0.0,0.0,0
2018,31345,PM10,23.4,96.3,7.6,0.0,0
2018,31345,RGlobal,135.3,432.725,0.0,0.0,0
2018,31345,TAire,23.5,33.0,0.0,0.0,0
2018,31345,VViento,0.5,6.5,0.0,0.0,0
2018,31360,PM2.5,15.4,57.0,6.7,1.0,0
2018,31362,PM2.5,16.8,55.1,7.1,1.0,0
2018,31364,PM2.5,22.4,60.7,10.3,5.0,0
2018,31366,PM2.5,15.4,40.1,6.4,0.0,0
2018,31369,PM2.5,21.2,46.9,9.8,0.0,0
2018,31371,PM2.5,19.8,44.5,8.1,0.0,0
2018,31373,PM2.5,17.5,58.6,5.9,1.0,0
2018,31375,PM2.5,17.8,56.8,7.3,1.0,0
2018,31377,PM2.5,28.3,177.2,1.2,0.0,0
2018,31379,PM2.5,18.7,56.7,7.1,1.0,0
2018,31381,DViento,139.47500000000002,360.0,0.0,0.0,0
2018,31381,O3,19.3,121.3,1.5,20.0,0
2018,31381,P,139.47500000000002,432.725,0.0,0.0,0
2018,31381,PLiquida,0.1,42.7,0.0,0.0,0
2018,31381,PM10,48.0,311.5,6.7,1.0,0
2018,31381,RGlobal,108.7,432.725,0.0,0.0,0
2018,31381,TAire,19.0,34.7,0.0,0.0,0
2018,31381,VViento,1.0,3.6,0.0,0.0,0
2018,31389,DViento,139.47500000000002,360.0,0.0,0.0,0
2018,31389,HAire,73.0,91.0,0.0,0.0,0
2018,31389,O3,29.6,101.7,2.4,2.0,0
2018,31389,P,139.47500000000002,432.725,0.0,0.0,0
2018,31389,PLiquida,0.2,33.4,0.0,0.0,0
2018,31389,PM10,41.0,432.725,0.5,0.0,0
2018,31389,RGlobal,113.1,432.725,0.0,0.0,0
2018,31389,TAire,25.0,33.9,0.0,0.0,0
2018,31389,VViento,1.0,4.7,0.0,0.0,0
2018,31404,DViento,139.47500000000002,189.2,37.1,0.0,0
2018,31404,HAire,36.9,45.1,32.5,0.0,0
2018,31404,PM2.5,12.0,20.2,4.6,0.0,0
2018,31404,TAire,25.2,28.3,18.3,0.0,0
2018,31404,VViento,1.0,1.9,0.5,0.0,0
2018,31405,DViento,139.47500000000002,260.5,37.1,0.0,0
2018,31405,HAire,36.4,55.4,31.0,0.0,0
2018,31405,PM10,24.7,30.8,20.8,0.0,0
2018,31405,PM2.5,10.9,35.3,4.0,0.0,0
2018,31405,TAire,14.4,17.7,12.1,0.0,0
2018,31405,VViento,1.5,9.6,0.4,0.0,0
2018,31406,DViento,139.47500000000002,209.6,37.1,0.0,0
2018,31406,HAire,66.8,78.0,37.1,0.0,0
2018,31406,PM10,11.7,18.8,7.7,0.0,0
2018,31406,TAire,30.6,32.9,27.7,0.0,0
2018,31406,VViento,0.8,1.3,0.5,0.0,0
2018,31408,DViento,139.47500000000002,263.4,37.1,0.0,0
2018,31408,HAire,70.3,82.8,37.1,0.0,0
2018,31408,PM10,6.0,9.2,3.8,0.0,0
2018,31408,TAire,26.4,31.4,22.9,0.0,0
2018,31408,VViento,0.4,1.2,0.0,0.0,0
2018,31419,DViento,139.47500000000002,268.3,37.1,0.0,0
2018,31419,HAire,60.6,76.1,37.1,0.0,0
2018,31419,PM10,14.2,31.3,6.9,0.0,0
2018,31419,TAire,28.0,30.1,23.6,0.0,0
2018,31419,VViento,1.1,1.8,0.6,0.0,0
2018,31420,DViento,139.47500000000002,271.9,37.1,0.0,0
2018,31420,HAire,71.8,81.4,37.1,0.0,0
2018,31420,PM10,29.9,46.2,20.3,0.0,0
2018,31420,TAire,17.5,18.6,15.7,0.0,0
2018,31420,VViento,1.1,2.0,0.4,0.0,0
2018,31424,DViento,139.47500000000002,296.4,37.1,0.0,0
2018,31424,HAire,36.3,52.9,30.9,0.0,0
2018,31424,PM2.5,14.0,26.2,2.1,0.0,0
2018,31424,TAire,33.5,37.0,29.2,0.0,0
2018,31424,VViento,1.5,2.2,0.8,0.0,0
2018,31441,O3,24.2,115.0,0.4,28.0,0
2018,31441,PM10,79.8,158.3,12.4,104.0,0
2018,31441,PM2.5,16.0,49.6,0.0,7.0,0
2018,31442,O3,5.4,14.2,0.1,0.0,0
2018,31444,PM10,33.0,82.0,1.6,1.0,0
2018,31445,PM10,32.8,87.5,1.6,2.0,0
2018,31446,DViento,139.47500000000002,359.6,0.0,0.0,0
2018,31446,HAire2,41.5,48.7,34.5,0.0,0
2018,31446,PM2.5,9.1,23.4,2.4,0.0,0
2018,31446,TAire2,25.7,28.6,22.1,0.0,0
2018,31446,VViento,10.2,14.8,5.8,0.0,0
2018,31461,DViento,139.47500000000002,315.0,37.1,0.0,0
2018,31461,HAire2,40.6,46.6,30.4,0.0,0
2018,31461,PM2.5,11.0,26.3,3.2,0.0,0
2018,31461,TAire2,21.2,25.9,15.5,0.0,0
2018,31461,VViento,1.0,1.8,0.6,0.0,0
2018,31462,DViento,73.6,225.0,22.5,0.0,0
2018,31462,HAire2,47.7,61.3,37.1,0.0,0
2018,31462,PM2.5,15.0,32.6,3.0,0.0,0
2018,31462,TAire2,21.4,26.7,18.9,0.0,0
2018,31462,VViento,1.0,1.9,0.6,0.0,0
2018,31469,PM10,40.3,123.0,8.0,1.0,0
2018,31471,PM10,25.0,42.6,14.2,0.0,0
2018,31471,PM2.5,12.8,16.8,8.7,0.0,0
2018,31477,PM10,34.1,51.5,22.8,0.0,0
2018,31485,PM10,42.4,86.7,4.5,2.0,0
2018,31496,PM10,44.1,89.8,4.7,1.0,0
2018,31512,DViento,139.47500000000002,267.2,37.1,0.0,0
2018,31512,HAire,42.5,45.0,37.1,0.0,0
2018,31512,HAire2,40.6,48.4,29.5,0.0,0
2018,31512,PM2.5,12.5,17.0,5.5,0.0,0
2018,31512,TAire2,21.9,23.5,20.6,0.0,0
2018,31512,VViento,1.5,2.8,1.2,0.0,0
2018,31522,HAire,78.8,90.5,37.1,0.0,0
2018,31522,HAire10,63.4,88.0,37.1,0.0,0
2018,31522,HAire2,72.4,92.1,37.1,0.0,0
2018,31522,PM2.5,5.1,9.4,2.1,0.0,0
2018,31522,TAire10,20.4,22.6,15.8,0.0,0
2018,31522,TAire2,20.4,22.1,17.3,0.0,0
2018,31525,HAire2,68.0,93.3,37.1,0.0,0
2018,31525,PM2.5,6.9,12.5,3.6,0.0,0
2018,31525,TAire10,20.9,23.5,17.1,0.0,0
2018,31525,TAire2,21.1,23.2,18.4,0.0,0
2018,31528,DViento,139.47500000000002,255.5,37.1,0.0,0
2018,31528,HAire,38.7,41.0,37.1,0.0,0
2018,31528,HAire10,39.2,67.0,17.8,0.0,0
2018,31528,HAire2,37.9,42.3,34.7,0.0,0
2018,31528,PM2.5,3.5,8.8,1.7,0.0,0
2018,31528,TAire10,19.7,21.2,10.0,0.0,0
2018,31528,TAire2,19.7,20.9,17.4,0.0,0
2018,31528,VViento,1.6,2.9,0.8,0.0,0
2018,31530,PM10,43.1,249.3,7.6,3.0,0
2018,31533,PM10,27.1,271.1,0.4,54.0,0
2018,31533,PM2.5,11.2,26.5,0.4,0.0,0
2018,31533,SO2,2.4,12.0,0.2,0.0,0
2018,31537,HAire2,77.3,89.4,37.1,0.0,0
2018,31537,PM2.5,11.1,20.0,5.7,0.0,0
2018,31537,TAire2,20.1,25.5,16.6,0.0,0
2018,31546,DViento,117.2,270.0,0.0,0.0,0
2018,31546,PM2.5,27.2,42.9,11.2,2.0,0
2018,31546,TAire2,22.2,23.6,20.3,0.0,0
2018,31546,VViento,1.0,1.9,0.2,0.0,0
2018,31608,DViento,139.47500000000002,249.0,37.1,0.0,0
2018,31608,HAire2,50.4,58.0,0.0,0.0,0
2018,31608,PM2.5,10.8,18.0,3.0,0.0,0
2018,31608,TAire2,22.0,24.7,20.1,0.0,0
2018,31608,VViento,1.4,1.6,1.3,0.0,0
2018,31617,DViento,139.47500000000002,241.4,37.1,0.0,0
2018,31617,HAire2,41.6,46.1,36.5,0.0,0
2018,31617,PM2.5,3.0,5.0,2.0,0.0,0
2018,31617,TAire2,21.3,23.4,19.4,0.0,0
2018,31617,VViento,1.6,2.0,1.3,0.0,0
2018,31624,DViento,139.47500000000002,375.5,37.1,0.0,0
2018,31624,HAire2,76.5,93.2,37.1,0.0,0
2018,31624,PLiquida,1.2,8.9,0.0,0.0,0
2018,31624,PM10,15.8,25.0,8.0,0.0,0
2018,31624,TAire2,23.4,24.4,21.8,0.0,0
2018,31624,VViento,1.0,2.5,0.0,0.0,0
2018,31628,PM2.5,16.2,38.7,6.2,0.0,0
2018,31629,DViento,139.47500000000002,360.0,22.5,0.0,0
2018,31629,HAire2,42.7,66.0,34.9,0.0,0
2018,31629,PM2.5,18.5,52.0,3.0,5.0,0
2018,31629,TAire2,29.6,32.4,25.8,0.0,0
2018,31629,VViento,1.1,4.2,0.7,0.0,0
2018,31631,DViento,139.47500000000002,292.5,37.1,0.0,0
2018,31631,HAire2,85.9,94.0,37.1,0.0,0
2018,31631,PLiquida,1.0,7.1,0.0,0.0,0
2018,31631,PM10,17.2,24.0,13.0,0.0,0
2018,31631,TAire2,16.2,18.6,14.2,0.0,0
2018,31631,VViento,1.3,3.8,0.0,0.0,0
2018,31637,PM10,20.4,45.0,9.0,0.0,0
2018,31639,PM10,18.7,34.0,7.0,0.0,0
2018,31653,HAire2,38.4,42.0,36.0,0.0,0
2018,31653,PM2.5,10.6,14.0,6.0,0.0,0
2018,31653,TAire2,24.2,25.1,22.1,0.0,0
2018,31656,HAire2,20.1,20.9,19.5,0.0,0
2018,31656,PM2.5,6.0,6.0,6.0,0.0,0
2018,31657,DViento,24.0,24.0,23.0,0.0,0
2018,31657,HAire2,79.1,91.6,37.1,0.0,0
2018,31657,PLiquida,0.6,3.8,0.0,0.0,0
2018,31657,PM10,21.1,29.0,12.0,0.0,0
2018,31657,VViento,0.4,0.6,0.2,0.0,0
2018,31658,PM2.5,6.3,8.0,5.0,0.0,0
2018,31658,TAire2,29.9,31.7,28.0,0.0,0
2018,31659,HAire2,42.4,59.1,37.1,0.0,0
2018,31659,PM2.5,13.5,19.0,7.0,0.0,0
2018,31659,TAire2,29.6,31.9,15.4,0.0,0
2018,31825,CO,139.47500000000002,432.725,0.0,0.0,0
2018,31825,DViento,53.4,360.0,0.3,0.0,0
2018,31825,HAire2,79.0,99.2,37.1,0.0,0
2018,31825,NO,24.2,313.3,0.0,0.0,0
2018,31825,NO2,24.2,136.8,1.0,0.0,0
2018,31825,O3,22.2,115.0,0.5,6.0,0
2018,31825,P,139.47500000000002,432.725,37.1,0.0,0
2018,31825,PM10,51.2,124.8,19.4,5.0,0
2018,31825,PM2.5,16.7,37.7,0.7,0.0,0
2018,31825,RGlobal,139.47500000000002,432.725,0.0,0.0,0
2018,31825,SO2,1.8,65.8,0.0,0.0,0
2018,31825,TAire2,26.6,33.6,20.7,0.0,0
2018,31825,VViento,3.4,9.9,0.0,0.0,0
2018,31827,CO,139.47500000000002,432.725,37.1,0.0,0
2018,31827,DViento,139.47500000000002,359.8,0.4,0.0,0
2018,31827,HAire2,69.9,99.3,0.0,0.0,0
2018,31827,NO,5.5,89.8,0.0,0.0,0
2018,31827,NO2,12.6,46.2,0.0,0.0,0
2018,31827,O3,20.5,64.9,0.2,0.0,0
2018,31827,P,139.47500000000002,432.725,37.1,0.0,0
2018,31827,PLiquida,2.0,432.725,0.0,0.0,0
2018,31827,PM10,30.1,68.8,10.9,0.0,0
2018,31827,PM2.5,11.6,23.5,5.4,0.0,0
2018,31827,RGlobal,139.47500000000002,432.725,0.0,0.0,0
2018,31827,SO2,7.3,39.9,0.2,0.0,0
2018,31827,TAire2,13.6,23.9,0.0,0.0,0
2018,31827,VViento,1.8,6.6,0.0,0.0,0
2018,31829,CO,139.47500000000002,432.725,0.0,0.0,0
2018,31829,DViento,65.1,360.0,0.0,0.0,0
2018,31829,HAire2,81.2,99.3,37.1,0.0,0
2018,31829,NO,5.5,101.2,0.0,0.0,0
2018,31829,NO2,11.2,65.2,0.3,0.0,0
2018,31829,O3,30.5,72.3,2.9,0.0,0
2018,31829,P,139.47500000000002,432.725,37.1,0.0,0
2018,31829,PM10,35.7,77.0,14.3,0.0,0
2018,31829,PM2.5,12.7,31.9,4.8,0.0,0
2018,31829,RGlobal,139.47500000000002,432.725,0.0,0.0,0
2018,31829,SO2,2.6,19.0,0.0,0.0,0
2018,31829,TAire2,26.5,32.9,20.9,0.0,0
2018,31829,VViento,3.1,8.3,0.0,0.0,0
2018,31831,CO,139.47500000000002,432.725,0.0,0.0,0
2018,31831,DViento,25.8,358.1,1.0,0.0,0
2018,31831,HAire10,62.8,91.9,23.7,0.0,0
2018,31831,NO,1.8,59.8,0.0,0.0,0
2018,31831,NO2,6.4,65.2,0.0,0.0,0
2018,31831,O3,35.6,65.7,0.9,0.0,0
2018,31831,P,139.47500000000002,432.725,37.1,0.0,0
2018,31831,PLiquida,0.3,40.4,0.0,0.0,0
2018,31831,PM10,22.3,73.9,5.8,0.0,0
2018,31831,PM2.5,10.1,34.9,2.2,0.0,0
2018,31831,RGlobal,139.47500000000002,432.725,0.0,0.0,0
2018,31831,SO2,4.3,15.3,0.2,0.0,0
2018,31831,TAire10,26.5,34.9,11.6,0.0,0
2018,31831,VViento,2.0,6.0,0.2,0.0,0
2018,31832,CO,139.47500000000002,432.725,8.5,0.0,0
2018,31832,DViento,86.4,286.3,23.0,0.0,0
2018,31832,HAire10,67.6,99.2,32.2,0.0,0
2018,31832,NO,2.7,104.0,0.0,0.0,0
2018,31832,NO2,8.5,52.8,0.2,0.0,0
2018,31832,O3,39.6,87.8,1.0,0.0,0
2018,31832,P,139.47500000000002,432.725,37.1,0.0,0
2018,31832,PLiquida,0.8,432.725,0.0,0.0,0
2018,31832,PM10,35.8,205.6,0.1,130.0,0
2018,31832,PM2.5,13.0,36.7,3.6,0.0,0
2018,31832,RGlobal,139.47500000000002,432.725,0.0,0.0,0
2018,31832,SO2,3.6,14.3,0.1,0.0,0
2018,31832,TAire10,26.7,34.4,19.7,0.0,0
2018,31852,O3,13.6,89.2,0.2,0.0,0
2018,31852,PM10,28.2,57.5,11.7,0.0,0
2018,31853,PM10,42.3,75.4,15.2,0.0,0
2018,99999,CO,139.47500000000002,432.725,0.0,0.0,0
2018,99999,DViento,139.47500000000002,359.8,0.0,0.0,0
2018,99999,HAire,77.9,87.3,37.1,0.0,0
2018,99999,HAire10,71.8,78.5,37.1,0.0,0
2018,99999,HAire2,37.8,65.4,27.2,0.0,0
2018,99999,NO,68.8,108.6,8.6,0.0,0
2018,99999,NO2,11.4,123.8,0.5,0.0,0
2018,99999,O3,14.2,39.7,2.2,0.0,0
2018,99999,P,139.47500000000002,432.725,37.1,0.0,0
2018,99999,PLiquida,0.1,20.3,0.0,0.0,0
2018,99999,PM10,22.3,46.0,4.5,0.0,0
2018,99999,PM2.5,12.1,23.1,4.8,0.0,0
2018,99999,PST,96.9,169.2,34.3,0.0,0
2018,99999,RGlobal,139.47500000000002,432.725,0.0,0.0,0
2018,99999,SO2,10.4,45.2,1.2,0.0,0
2018,99999,TAire,13.5,15.6,11.7,0.0,0
2018,99999,TAire10,29.4,31.6,28.2,0.0,0
2018,99999,TAire2,44.0,88.2,27.5,0.0,0
2018,99999,VViento,1.0,2.4,0.3,0.0,0
2019,8204,DViento,139.47500000000002,359.8,0.8,0.0,0
2019,8204,HAire10,80.0,98.0,37.1,0.0,0
2019,8204,HAire2,79.6,99.0,37.1,0.0,0
2019,8204,P,139.47500000000002,432.725,37.1,0.0,0
2019,8204,PLiquida,0.2,114.8,0.0,0.0,0
2019,8204,PM10,34.6,76.4,13.8,1.0,0
2019,8204,RGlobal,139.47500000000002,432.725,0.0,0.0,0
2019,8204,RUVb,1.8,12.5,0.0,0.0,0
2019,8204,TAire2,24.4,31.9,19.1,0.0,0
2019,8204,VViento,1.1,5.1,0.0,0.0,0
2019,8205,DViento,139.47500000000002,359.6,1.6,0.0,0
2019,8205,HAire10,75.9,87.0,37.1,0.0,0
2019,8205,HAire2,75.7,97.0,37.0,0.0,0
2019,8205,O3,14.9,51.4,0.8,0.0,0
2019,8205,P,139.47500000000002,432.725,0.0,0.0,0
2019,8205,PLiquida,0.1,28.6,0.0,0.0,0
2019,8205,PM10,14.9,18.6,9.7,0.0,0
2019,8205,RGlobal,139.47500000000002,432.725,0.0,0.0,0
2019,8205,RUVb,1.7,13.8,0.0,0.0,0
2019,8205,TAire2,25.5,33.8,19.6,0.0,0
2019,8205,VViento,1.0,4.9,0.0,0.0,0
2019,8207,CO,139.47500000000002,432.725,37.1,0.0,0
2019,8207,O3,32.8,96.3,1.0,0.0,0
2019,8207,PM10,24.7,85.7,6.2,1.0,0
2019,8207,PM2.5,14.1,50.6,3.4,4.0,0
2019,8207,SO2,2.0,4.8,0.5,0.0,0
2019,8208,CO,139.47500000000002,432.725,37.1,0.0,0
2019,8208,NO2,31.8,130.3,1.7,0.0,0
2019,8208,O3,25.7,102.4,0.9,3.0,0
2019,8208,PM10,28.3,160.0,0.5,270.0,0
2019,8208,PM2.5,14.3,110.0,1.0,389.0,0
2019,8210,O3,25.2,102.9,1.1,2.0,0
2019,8210,PM10,45.8,295.0,2.0,806.0,0
2019,8210,PM2.5,16.2,56.5,3.4,5.0,0
2019,8210,SO2,5.6,104.3,0.1,1.0,0
2019,8211,NO2,27.9,151.2,1.1,0.0,0
2019,8211,O3,25.3,105.1,0.7,6.0,0
2019,8211,PM10,24.7,166.0,1.0,115.0,0
2019,8211,PM2.5,13.6,53.4,2.8,3.0,0
2019,8212,CO,139.47500000000002,432.725,37.1,0.0,0
2019,8212,NO2,39.4,121.1,4.7,0.0,0
2019,8212,O3,25.0,102.7,0.4,2.0,0
2019,8212,PM10,37.1,92.8,9.8,5.0,0
2019,8212,PM2.5,18.4,46.3,5.4,7.0,0
2019,8212,SO2,8.5,31.3,1.0,0.0,0
2019,8213,CO,139.47500000000002,432.725,37.1,0.0,0
2019,8213,NO2,27.4,116.8,1.9,0.0,0
2019,8213,O3,27.0,95.2,0.7,0.0,0
2019,8213,PM10,27.0,87.5,4.6,1.0,0
2019,8213,PM2.5,15.3,59.0,2.2,6.0,0
2019,8213,SO2,2.8,7.8,0.4,0.0,0
2019,8214,CO,139.47500000000002,432.725,37.1,0.0,0
2019,8214,NO2,37.9,151.4,1.3,0.0,0
2019,8214,O3,28.6,111.3,2.7,9.0,0
2019,8214,PM10,43.7,208.8,1.8,785.0,0
2019,8214,PM2.5,25.1,66.9,7.7,40.0,0
2019,8214,SO2,4.9,17.2,1.0,0.0,0
2019,8215,O3,26.2,180.5,0.4,57.0,0
2019,8215,PM10,29.5,214.9,3.0,254.0,0
2019,8215,PM2.5,13.7,52.7,3.0,4.0,0
2019,8216,CO,139.47500000000002,432.725,37.1,0.0,0
2019,8216,NO2,34.6,164.3,0.4,0.0,0
2019,8216,O3,16.2,72.6,1.1,0.0,0
2019,8216,PM10,40.0,244.0,0.3,859.0,0
2019,8216,PM2.5,17.9,79.5,0.1,420.0,0
2019,8216,SO2,3.6,13.2,1.1,0.0,0
2019,8218,CO,139.47500000000002,432.725,37.1,0.0,0
2019,8218,NO2,42.7,146.5,3.2,0.0,0
2019,8218,O3,16.5,68.7,1.4,0.0,0
2019,8218,PM10,56.0,125.4,21.8,37.0,0
2019,8218,PM2.5,36.1,78.5,13.6,145.0,0
2019,8218,SO2,15.5,132.5,0.3,11.0,0
2019,8219,CO,139.47500000000002,432.725,37.1,0.0,0
2019,8219,NO2,26.2,156.8,2.1,0.0,0
2019,8219,O3,21.5,73.7,1.9,0.0,0
2019,8219,PM10,33.6,85.0,9.1,3.0,0
2019,8219,PM2.5,16.0,50.8,3.1,10.0,0
2019,8219,SO2,3.8,10.8,1.0,0.0,0
2019,8226,PM10,56.0,75.1,18.1,0.0,0
2019,8226,PM2.5,12.0,37.1,5.3,0.0,0
2019,8234,PM10,32.3,68.0,11.1,0.0,0
2019,8239,PM10,29.6,48.2,8.4,0.0,0
2019,8239,PM2.5,16.3,33.1,4.7,0.0,0
2019,8246,PM10,48.1,115.4,13.3,18.0,0
2019,8246,PM2.5,17.6,52.8,4.6,8.0,0
2019,8246,SO2,13.4,54.3,5.0,1.0,0
2019,8247,NO,6.9,100.2,0.0,0.0,0
2019,8247,NO2,15.8,133.4,0.0,0.0,0
2019,8247,PM10,17.8,49.6,1.9,0.0,0
2019,8247,SO2,13.8,87.8,1.9,6.0,0
2019,8248,PM10,20.0,54.5,2.3,0.0,0
2019,8248,SO2,11.0,116.4,4.4,1.0,0
2019,8250,PM10,17.4,97.7,0.8,12.0,0
2019,8250,PM2.5,9.3,44.8,1.6,3.0,0
2019,8250,SO2,8.6,171.6,0.1,16.0,0
2019,8252,PM10,39.5,375.0,1.0,768.0,0
2019,8252,PM2.5,15.1,38.0,3.6,1.0,0
2019,8254,PM10,28.3,143.0,1.0,235.0,0
2019,8254,PM2.5,10.7,40.9,2.6,1.0,0
2019,8254,SO2,10.4,47.1,1.5,0.0,0
2019,8258,PM10,30.2,43.6,19.0,0.0,0
2019,8285,O3,22.2,77.7,1.6,0.0,0
2019,8285,PM2.5,22.5,55.0,7.0,14.0,0
2019,8285,SO2,7.4,27.3,1.5,0.0,0
2019,8288,DViento,139.47500000000002,359.9,0.1,0.0,0
2019,8288,HAire2,73.7,90.6,37.1,0.0,0
2019,8288,O3,38.1,127.4,0.3,169.0,0
2019,8288,PLiquida,0.3,120.0,0.0,0.0,0
2019,8288,PM10,33.1,194.0,1.0,188.0,0
2019,8288,RGlobal,139.47500000000002,432.725,0.0,0.0,0
2019,8288,TAire2,23.8,35.4,15.2,0.0,0
2019,8288,VViento,2.8,21.9,0.0,0.0,0
2019,8291,DViento,107.6,141.6,37.1,0.0,0
2019,8291,NO2,10.8,39.1,0.0,0.0,0
2019,8291,O3,32.1,131.7,0.1,104.0,0
2019,8291,P,139.47500000000002,432.725,37.1,0.0,0
2019,8291,PLiquida,0.1,17.2,0.0,0.0,0
2019,8291,PM2.5,25.8,147.0,2.0,719.0,0
2019,8291,RGlobal,139.47500000000002,432.725,0.0,0.0,0
2019,8291,VViento,0.7,4.5,0.0,0.0,0
2019,8300,CO,139.47500000000002,432.725,0.0,0.0,0
2019,8300,DViento,139.47500000000002,359.9,0.0,0.0,0
2019,8300,HAire10,69.0,99.3,8.3,0.0,0
2019,8300,NO2,23.2,58.6,0.0,0.0,0
2019,8300,O3,25.4,91.7,0.0,0.0,0
2019,8300,P,139.47500000000002,432.725,37.1,0.0,0
2019,8300,PLiquida,0.1,18.0,0.0,0.0,0
2019,8300,PM10,30.6,167.3,0.1,257.0,0
2019,8300,PM2.5,16.1,51.0,4.7,5.0,0
2019,8300,RUVb,139.47500000000002,432.725,0.0,0.0,0
2019,8300,SO2,18.9,432.725,0.0,75.0,0
2019,8300,VViento,1.2,5.7,0.0,0.0,0
2019,8775,O3,13.0,52.7,0.1,0.0,0
2019,8775,PM10,47.7,92.7,23.4,2.0,0
2019,8776,PM10,103.7,432.725,0.0,1871.0,0
2019,8776,PM2.5,28.3,55.5,12.8,26.0,0
2019,8777,NO2,14.5,49.2,0.0,0.0,0
2019,8777,O3,15.2,56.6,2.0,0.0,0
2019,8777,PM10,41.7,81.1,5.4,1.0,0
2019,8777,SO2,7.8,83.3,0.0,0.0,0
2019,8905,PM10,10.6,18.6,3.2,0.0,0
2019,8970,PM10,35.4,81.5,18.0,1.0,0
2019,8973,PM10,29.7,73.8,11.1,0.0,0
2019,8978,PM10,25.8,61.7,12.6,0.0,0
2019,8980,PM10,36.2,79.6,11.5,1.0,0
2019,8983,PM10,35.2,77.9,19.0,1.0,0
2019,8984,PM10,27.3,83.6,11.0,1.0,0
2019,8986,O3,22.9,104.3,1.2,3.0,0
2019,8986,PLiquida,1.0,148.2,0.0,0.0,0
2019,8986,PM10,35.2,248.4,0.1,396.0,0
2019,8986,RGlobal,139.47500000000002,432.725,0.0,0.0,0
2019,8990,PM10,30.7,55.0,11.0,0.0,0
2019,8994,PM10,19.2,36.8,4.1,0.0,0
2019,9019,PM10,8.3,16.9,1.4,0.0,0
2019,9026,PM10,45.0,105.7,8.9,14.0,0
2019,9026,PM2.5,17.8,47.1,1.9,2.0,0
2019,9027,PM10,46.7,130.8,8.5,19.0,0
2019,9027,PM2.5,15.8,57.0,2.3,7.0,0
2019,9039,PM10,38.7,91.4,11.1,3.0,0
2019,9039,PM2.5,44.5,69.0,27.0,18.0,0
2019,9041,PM10,30.2,82.9,8.0,1.0,0
2019,9042,PM10,39.5,112.9,12.6,9.0,0
2019,9042,PM2.5,19.3,52.7,3.8,7.0,0
2019,9043,PM10,34.8,94.6,8.9,5.0,0
2019,9043,PM2.5,10.6,34.2,1.4,0.0,0
2019,9044,PM10,36.9,87.3,9.9,4.0,0
2019,9044,PM2.5,10.4,30.1,2.4,0.0,0
2019,9048,PM10,54.2,129.0,18.9,20.0,0
2019,9048,PM2.5,13.0,41.5,2.3,2.0,0
2019,9050,PM10,25.0,67.8,7.9,0.0,0
2019,9050,PM2.5,7.5,23.7,1.6,0.0,0
2019,9051,PM10,43.5,116.2,10.4,12.0,0
2019,9051,PM2.5,13.2,35.1,1.6,0.0,0
2019,9053,PM10,28.7,76.8,7.6,1.0,0
2019,9056,PM10,41.8,84.5,9.7,8.0,0
2019,9056,PM2.5,15.7,28.2,6.8,0.0,0
2019,9060,PM10,38.4,70.6,13.4,0.0,0
2019,9060,PM2.5,22.8,52.1,7.3,8.0,0
2019,9085,PM10,26.0,70.5,8.6,0.0,0
2019,9101,PM10,32.6,74.8,7.0,0.0,0
2019,9102,PM10,32.0,69.0,12.5,0.0,0
2019,9117,PM10,24.6,37.3,14.4,0.0,0
2019,9166,PM10,33.6,195.6,1.1,1.0,0
2019,9166,SO2,12.8,21.0,8.4,0.0,0
2019,19566,PM10,49.8,361.6,2.7,1543.0,0
2019,19566,PM2.5,20.5,189.3,0.6,1222.0,0
2019,19661,PM10,18.6,62.3,1.9,0.0,0
2019,19661,PM2.5,25.0,39.5,11.7,1.0,0
2019,19664,PM10,19.2,49.8,4.6,0.0,0
2019,20383,DViento,100.6,337.5,0.0,0.0,0
2019,20383,HAire10,37.9,91.3,19.0,0.0,0
2019,20383,HAire2,80.8,92.0,37.1,0.0,0
2019,20383,PLiquida,7.6,65.8,0.0,0.0,0
2019,20383,PM10,36.9,49.0,25.7,0.0,0
2019,20383,TAire10,22.0,25.2,17.1,0.0,0
2019,20383,TAire2,22.0,30.1,17.6,0.0,0
2019,20383,VViento,1.5,4.6,0.0,0.0,0
2019,20385,PM10,37.9,73.3,20.7,0.0,0
2019,20395,PM10,44.9,269.0,1.0,924.0,0
2019,26179,PM10,43.9,97.1,17.7,2.0,0
2019,26181,PM10,40.9,150.7,9.5,9.0,0
2019,26182,PM10,42.1,90.7,8.4,6.0,0
2019,26184,PM10,46.3,177.1,10.6,11.0,0
2019,26189,DViento,139.47500000000002,360.0,3.0,0.0,0
2019,26189,HAire10,86.7,99.4,37.1,0.0,0
2019,26189,P,139.47500000000002,432.725,37.1,0.0,0
2019,26189,PLiquida,1.0,60.4,0.0,0.0,0
2019,26189,RGlobal,139.47500000000002,327.4,37.1,0.0,0
2019,26189,VViento,1.3,2.0,0.8,0.0,0
2019,26191,PM2.5,21.1,43.5,9.5,1.0,0
2019,26288,PM10,32.9,71.6,11.4,0.0,0
2019,26288,SO2,19.3,21.9,17.5,0.0,0
2019,28202,O3,23.8,72.2,2.1,0.0,0
2019,28202,PM10,25.0,169.0,0.1,272.0,0
2019,28202,PM2.5,11.9,104.6,0.1,110.0,0
2019,28625,PM10,33.1,78.7,11.7,1.0,0
2019,29384,PM10,30.2,63.1,10.9,0.0,0
2019,29384,SO2,19.5,21.7,16.8,0.0,0
2019,29574,PM10,35.6,91.7,11.6,5.0,0
2019,29574,PM2.5,13.9,20.1,7.5,0.0,0
2019,29586,NO,35.6,282.1,3.0,0.0,0
2019,29586,NO2,22.0,107.9,0.1,0.0,0
2019,29586,PM2.5,16.3,68.8,2.6,6.0,0
2019,29586,SO2,24.9,67.2,4.0,12.0,0
2019,29615,PM10,65.2,207.3,7.4,673.0,0
2019,29615,PM2.5,33.4,116.9,1.7,770.0,0
2019,29615,SO2,27.3,62.1,4.4,9.0,0
2019,29617,NO2,10.9,47.4,0.0,0.0,0
2019,29617,PM10,33.3,73.8,13.0,0.0,0
2019,29617,PM2.5,22.7,56.8,4.4,27.0,0
2019,29617,SO2,13.1,110.3,0.1,3.0,0
2019,29962,PM10,38.2,68.1,3.7,0.0,0
2019,29962,SO2,19.5,21.3,17.5,0.0,0
2019,29969,PM10,24.7,71.8,4.6,0.0,0
2019,29971,PM10,27.5,80.4,5.1,3.0,0
2019,29972,PM10,30.9,82.4,7.7,3.0,0
2019,29973,PM10,27.2,84.2,5.4,2.0,0
2019,30003,PM10,30.2,96.9,8.2,1.0,0
2019,30003,PM2.5,17.2,69.1,2.3,6.0,0
2019,30004,DViento,38.2,359.7,0.1,0.0,0
2019,30004,O3,18.9,179.9,0.5,20.0,0
2019,30004,PLiquida,0.4,92.2,0.0,0.0,0
2019,30004,PM10,58.9,383.4,0.1,1575.0,0
2019,30004,RGlobal,139.47500000000002,432.725,0.0,0.0,0
2019,30004,VViento,1.3,5.6,0.1,0.0,0
2019,30044,PM10,27.2,149.0,1.0,122.0,0
2019,30044,SO2,28.7,238.9,0.0,393.0,0
2019,30057,PM10,43.2,96.2,17.1,2.0,0
2019,30090,PM10,17.1,57.0,1.9,0.0,0
2019,30090,PM2.5,9.8,48.4,1.2,1.0,0
2019,30109,DViento,139.47500000000002,346.9,29.2,0.0,0
2019,30109,HAire2,72.0,100.0,23.5,0.0,0
2019,30109,P,139.47500000000002,432.725,37.1,0.0,0
2019,30109,PLiquida,0.1,18.8,0.0,0.0,0
2019,30109,PM10,37.9,90.1,3.2,2.0,0
2019,30109,RGlobal,139.47500000000002,432.725,0.0,0.0,0
2019,30109,SO2,1.6,33.7,0.0,0.0,0
2019,30109,TAire2,24.9,35.6,17.9,0.0,0
2019,30109,VViento,1.6,8.0,0.1,0.0,0
2019,30110,DViento,139.47500000000002,360.0,0.0,0.0,0
2019,30110,HAire2,56.8,86.4,12.8,0.0,0
2019,30110,O3,28.6,100.0,3.7,0.0,0
2019,30110,P,139.47500000000002,432.725,37.1,0.0,0
2019,30110,PLiquida,0.1,43.2,0.0,0.0,0
2019,30110,PM10,50.3,227.0,1.0,1062.0,0
2019,30110,PM2.5,16.2,53.1,6.0,1.0,0
2019,30110,RGlobal,139.47500000000002,432.725,0.0,0.0,0
2019,30110,TAire2,28.7,40.2,21.0,0.0,0
2019,30110,VViento,2.4,10.7,0.0,0.0,0
2019,30111,PM10,47.4,257.9,0.2,823.0,0
2019,30111,SO2,2.8,22.9,0.0,0.0,0
2019,30472,PM10,62.1,150.8,11.0,25.0,0
2019,30472,PM2.5,20.7,58.8,4.8,7.0,0
2019,30585,PM10,26.7,68.1,8.3,0.0,0
2019,30633,DViento,112.1,181.9,37.1,0.0,0
2019,30633,HAire2,35.4,40.0,27.0,0.0,0
2019,30633,PM2.5,10.6,14.6,7.5,0.0,0
2019,30633,TAire2,24.8,30.8,20.8,0.0,0
2019,30633,VViento,1.3,2.7,0.9,0.0,0
2019,30639,DViento,139.47500000000002,360.0,0.0,0.0,0
2019,30639,HAire10,78.9,92.0,37.1,0.0,0
2019,30639,HAire2,65.9,92.7,27.4,0.0,0
2019,30639,PM10,27.0,35.5,14.5,0.0,0
2019,30639,TAire2,31.3,36.2,26.5,0.0,0
2019,30639,VViento,0.5,3.1,0.0,0.0,0
2019,30653,PM10,37.5,101.4,8.5,3.0,0
2019,30689,PM10,35.8,84.0,13.4,1.0,0
2019,30691,PM10,28.2,59.0,9.3,0.0,0
2019,30691,PM2.5,15.4,42.1,2.0,6.0,0
2019,30700,PM2.5,17.8,43.4,5.2,1.0,0
2019,30733,PM10,51.2,91.5,16.4,8.0,0
2019,30810,O3,3.1,23.1,0.2,0.0,0
2019,30810,PM10,50.8,270.2,0.0,1497.0,0
2019,30810,SO2,1.1,3.9,0.2,0.0,0
2019,30812,PM10,31.7,104.1,8.5,3.0,0
2019,30815,O3,22.3,90.0,0.1,0.0,0
2019,30815,PM10,28.9,183.1,0.1,264.0,0
2019,30815,PM2.5,22.4,171.4,0.0,1098.0,0
2019,30815,SO2,8.4,134.0,0.1,6.0,0
2019,30836,PM10,40.1,138.1,5.3,17.0,0
2019,30841,PM10,37.4,186.5,4.6,10.0,0
2019,30842,PM10,42.4,125.7,5.3,19.0,0
2019,31335,PM2.5,22.3,57.7,2.6,7.0,0
2019,31341,PM10,33.6,82.8,8.0,2.0,0
2019,31345,DViento,139.47500000000002,355.0,37.1,0.0,0
2019,31345,HAire,75.0,92.0,34.0,0.0,0
2019,31345,P,139.47500000000002,432.725,37.1,0.0,0
2019,31345,PLiquida,0.5,3.7,0.0,0.0,0
2019,31345,PM10,25.9,156.0,1.0,35.0,0
2019,31345,RGlobal,113.3,432.725,0.0,0.0,0
2019,31345,TAire,23.9,32.0,19.0,0.0,0
2019,31345,VViento,0.5,2.0,0.0,0.0,0
2019,31381,DViento,139.47500000000002,360.0,0.0,0.0,0
2019,31381,HAire,69.2,90.0,33.0,0.0,0
2019,31381,HAire10,64.4,90.0,0.0,0.0,0
2019,31381,O3,13.5,63.8,1.0,0.0,0
2019,31381,P,139.47500000000002,432.725,0.0,0.0,0
2019,31381,PLiquida,0.2,53.4,0.0,0.0,0
2019,31381,PM10,31.2,432.725,0.1,50.0,0
2019,31381,RGlobal,139.47500000000002,432.725,0.0,0.0,0
2019,31381,TAire,25.4,33.2,19.4,0.0,0
2019,31381,VViento,0.9,3.2,0.0,0.0,0
2019,31389,DViento,139.47500000000002,360.0,1.0,0.0,0
2019,31389,HAire,73.2,91.0,28.0,0.0,0
2019,31389,HAire10,73.3,89.0,37.1,0.0,0
2019,31389,O3,29.1,125.3,1.4,45.0,0
2019,31389,P,139.47500000000002,432.725,0.0,0.0,0
2019,31389,PLiquida,0.3,42.7,0.0,0.0,0
2019,31389,PM10,25.4,432.725,0.3,32.0,0
2019,31389,RGlobal,97.1,432.725,0.0,0.0,0
2019,31389,TAire,25.4,34.7,19.1,0.0,0
2019,31389,VViento,0.9,5.2,0.0,0.0,0
2019,31429,PM10,22.1,37.0,12.5,0.0,0
2019,31429,PM2.5,18.0,33.4,8.5,0.0,0
2019,31478,PM10,21.5,34.0,14.0,0.0,0
2019,31485,PM10,46.4,93.7,14.2,7.0,0
2019,31492,PM10,31.4,81.6,4.1,1.0,0
2019,31492,PM2.5,35.4,147.5,4.1,25.0,0
2019,31496,PM10,48.9,110.2,11.8,6.0,0
2019,31530,PM10,48.5,120.9,16.2,12.0,0
2019,31530,SO2,19.0,22.0,17.3,0.0,0
2019,31533,PM10,31.3,189.0,2.6,260.0,0
2019,31533,PM2.5,13.5,49.1,3.9,2.0,0
2019,31533,SO2,11.5,84.7,0.7,6.0,0
2019,31637,PM10,19.7,35.3,7.0,0.0,0
2019,31639,PM10,20.0,39.0,8.0,0.0,0
2019,31719,PM10,35.5,162.0,1.0,95.0,0
2019,31719,PST,22.1,164.0,1.0,0.0,0
2019,31771,PM10,25.2,96.0,1.3,1.0,0
2019,31771,PM2.5,60.1,178.8,5.5,16.0,0
2019,31774,PM10,35.6,104.9,4.6,4.0,0
2019,31774,PM2.5,67.9,312.3,4.2,18.0,0
2019,31776,PM10,31.1,77.0,5.7,1.0,0
2019,31776,PM2.5,68.6,288.5,3.7,18.0,0
2019,31778,PM10,73.3,327.7,7.2,20.0,0
2019,31778,PM2.5,30.8,80.8,5.4,1.0,0
2019,31779,PM10,89.7,316.4,8.2,21.0,0
2019,31779,PM2.5,49.2,162.8,10.2,5.0,0
2019,31780,PM10,64.1,420.1,8.3,4.0,0
2019,31780,PM2.5,22.9,228.9,3.1,2.0,0
2019,31781,PM10,48.7,188.9,4.6,4.0,0
2019,31781,PM2.5,25.4,72.6,3.1,8.0,0
2019,31782,PM10,56.6,211.2,12.8,4.0,0
2019,31782,PM2.5,27.4,166.8,5.4,6.0,0
2019,31802,PM10,28.6,48.0,14.0,0.0,0
2019,31809,DViento,139.47500000000002,356.4,2.5,0.0,0
2019,31809,HAire10,68.9,93.8,27.7,0.0,0
2019,31809,NO2,17.1,78.3,0.2,0.0,0
2019,31809,O3,27.1,117.6,0.2,62.0,0
2019,31809,PLiquida,0.1,19.6,0.0,0.0,0
2019,31809,PM10,29.9,76.7,5.6,1.0,0
2019,31809,PM2.5,16.2,55.7,2.5,9.0,0
2019,31809,RGlobal,139.47500000000002,432.725,0.0,0.0,0
2019,31809,TAire10,23.8,34.4,16.3,0.0,0
2019,31809,VViento,1.4,4.7,0.2,0.0,0
2019,31810,PM10,28.3,37.0,21.0,0.0,0
2019,31811,DViento,139.47500000000002,351.4,3.4,0.0,0
2019,31811,HAire10,70.1,94.7,27.8,0.0,0
2019,31811,PLiquida,1.1,21.6,0.0,0.0,0
2019,31811,PM10,29.4,96.0,4.0,15.0,0
2019,31811,PM2.5,14.6,54.9,1.6,99.0,0
2019,31811,RGlobal,139.47500000000002,432.725,0.0,0.0,0
2019,31811,TAire10,24.2,31.0,19.1,0.0,0
2019,31811,VViento,1.4,4.4,0.2,0.0,0
2019,31812,DViento,139.47500000000002,359.9,3.7,0.0,0
2019,31812,HAire10,70.4,94.6,28.7,0.0,0
2019,31812,PLiquida,0.1,21.6,0.0,0.0,0
2019,31812,PM10,29.9,108.0,3.2,105.0,0
2019,31812,PM2.5,16.7,60.3,4.2,29.0,0
2019,31812,RGlobal,139.47500000000002,432.725,0.0,0.0,0
2019,31812,TAire10,24.6,34.4,14.4,0.0,0
2019,31812,VViento,1.1,4.1,0.0,0.0,0
2019,31813,DViento,139.47500000000002,360.0,0.1,0.0,0
2019,31813,HAire10,66.3,93.9,26.8,0.0,0
2019,31813,PLiquida,0.3,28.5,0.0,0.0,0
2019,31813,PM10,42.9,162.4,4.9,915.0,0
2019,31813,PM2.5,19.7,105.5,1.2,978.0,0
2019,31813,RGlobal,139.47500000000002,432.725,0.0,0.0,0
2019,31813,TAire10,24.2,31.0,19.1,0.0,0
2019,31813,VViento,1.5,5.5,0.2,0.0,0
2019,31814,DViento,139.47500000000002,356.4,2.5,0.0,0
2019,31814,HAire10,66.3,93.6,27.7,0.0,0
2019,31814,NO2,17.6,73.4,0.2,0.0,0
2019,31814,O3,33.3,106.3,0.7,17.0,0
2019,31814,PLiquida,0.1,18.2,0.0,0.0,0
2019,31814,PM10,29.7,113.9,3.4,53.0,0
2019,31814,PM2.5,14.0,54.8,4.1,13.0,0
2019,31814,RGlobal,139.47500000000002,432.725,0.0,0.0,0
2019,31814,TAire10,25.5,34.7,19.2,0.0,0
2019,31814,VViento,1.4,4.9,0.2,0.0,0
2019,31817,O3,17.3,57.8,0.6,0.0,0
2019,31817,PM10,22.8,47.8,7.9,0.0,0
2019,31817,SO2,2.2,45.3,0.1,0.0,0
2019,31818,PM10,25.8,54.0,8.9,0.0,0
2019,31819,PM10,46.9,153.8,6.6,3.0,0
2019,31819,PM2.5,15.6,33.2,0.5,0.0,0
2019,31820,PM10,41.5,90.1,14.8,3.0,0
2019,31821,PM10,50.1,312.1,0.1,1175.0,0
2019,31821,PM2.5,20.5,188.4,0.1,770.0,0
2019,31822,PM10,28.9,156.6,0.1,62.0,0
2019,31822,PM2.5,11.5,65.6,0.1,30.0,0
2019,31825,CO,139.47500000000002,432.725,0.0,0.0,0
2019,31825,DViento,44.2,360.0,0.0,0.0,0
2019,31825,HAire10,78.4,99.2,37.1,0.0,0
2019,31825,NO2,15.8,68.1,0.0,0.0,0
2019,31825,O3,29.1,66.2,5.6,0.0,0
2019,31825,P,139.47500000000002,432.725,37.1,0.0,0
2019,31825,PLiquida,1.5,432.725,0.0,0.0,0
2019,31825,PM10,49.5,226.7,0.0,1197.0,0
2019,31825,PM2.5,17.8,48.1,5.5,2.0,0
2019,31825,RGlobal,139.47500000000002,432.725,0.0,0.0,0
2019,31825,SO2,0.6,1.1,0.1,0.0,0
2019,31825,VViento,3.3,10.5,0.0,0.0,0
2019,31827,CO,139.47500000000002,432.725,0.0,0.0,0
2019,31827,DViento,139.47500000000002,352.9,10.2,0.0,0
2019,31827,HAire10,71.8,99.3,5.2,0.0,0
2019,31827,NO2,16.2,62.1,0.0,0.0,0
2019,31827,O3,26.2,117.4,0.1,6.0,0
2019,31827,P,139.47500000000002,432.725,37.1,0.0,0
2019,31827,PLiquida,0.1,21.2,0.0,0.0,0
2019,31827,PM10,35.1,157.0,0.2,287.0,0
2019,31827,PM2.5,14.7,43.9,5.3,2.0,0
2019,31827,RUVb,139.47500000000002,432.725,0.0,0.0,0
2019,31827,SO2,10.8,226.7,0.0,20.0,0
2019,31827,VViento,1.7,6.6,0.0,0.0,0
2019,31828,CO,139.47500000000002,432.725,0.0,0.0,0
2019,31828,DViento,139.47500000000002,239.9,37.1,0.0,0
2019,31828,HAire10,65.2,89.9,7.0,0.0,0
2019,31828,NO2,21.6,201.0,0.0,1.0,0
2019,31828,O3,27.8,96.7,0.1,0.0,0
2019,31828,P,139.47500000000002,432.725,37.1,0.0,0
2019,31828,PLiquida,0.1,24.2,0.0,0.0,0
2019,31828,PM10,30.5,180.4,0.0,191.0,0
2019,31828,PM2.5,15.4,81.5,0.0,139.0,0
2019,31828,RUVb,139.47500000000002,432.725,0.0,0.0,0
2019,31828,SO2,18.6,57.0,1.7,4.0,0
2019,31828,VViento,1.2,5.7,0.2,0.0,0
2019,31829,CO,139.47500000000002,432.725,33.8,24.0,0
2019,31829,DViento,56.5,360.0,0.0,0.0,0
2019,31829,HAire10,80.8,99.3,37.1,0.0,0
2019,31829,NO2,13.1,73.7,0.1,0.0,0
2019,31829,O3,38.0,79.7,5.0,0.0,0
2019,31829,P,139.47500000000002,432.725,37.1,0.0,0
2019,31829,PLiquida,1.1,60.0,0.0,0.0,0
2019,31829,PM10,36.1,117.5,12.0,5.0,0
2019,31829,PM2.5,13.6,49.6,3.2,2.0,0
2019,31829,RGlobal,139.47500000000002,432.725,0.0,0.0,0
2019,31829,SO2,0.8,4.8,0.0,0.0,0
2019,31829,VViento,2.6,8.1,0.0,0.0,0
2019,31830,CO,139.47500000000002,432.725,0.2,0.0,0
2019,31830,DViento,46.0,359.9,0.0,0.0,0
2019,31830,HAire10,75.5,96.8,29.8,0.0,0
2019,31830,O3,39.6,86.4,0.2,0.0,0
2019,31830,P,139.47500000000002,432.725,37.1,0.0,0
2019,31830,PLiquida,56.8,432.725,0.0,0.0,0
2019,31830,PM10,40.1,213.3,2.6,609.0,0
2019,31830,PM2.5,13.8,103.2,0.0,164.0,0
2019,31830,RGlobal,139.47500000000002,432.725,0.0,0.0,0
2019,31830,RUVb,139.47500000000002,432.725,0.0,0.0,0
2019,31830,SO2,0.7,33.4,0.0,0.0,0
2019,31830,VViento,3.1,7.5,0.1,0.0,0
2019,31831,DViento,63.8,359.1,0.1,0.0,0
2019,31831,HAire10,65.6,85.6,37.1,0.0,0
2019,31831,P,139.47500000000002,432.725,37.1,0.0,0
2019,31831,PLiquida,1.2,62.7,0.0,0.0,0
2019,31831,PM10,21.2,59.7,8.0,0.0,0
2019,31831,PM2.5,11.4,30.8,3.0,0.0,0
2019,31831,RGlobal,139.47500000000002,337.9,29.1,0.0,0
2019,31831,SO2,3.7,15.3,0.0,0.0,0
2019,31831,VViento,2.1,5.4,0.7,0.0,0
2019,31832,HAire10,66.2,87.7,37.1,0.0,0
2019,31832,P,139.47500000000002,432.725,37.1,0.0,0
2019,31832,PLiquida,0.7,37.2,0.0,0.0,0
2019,31832,PM10,35.9,81.7,10.9,2.0,0
2019,31832,PM2.5,13.4,44.5,5.3,1.0,0
2019,31832,RGlobal,139.47500000000002,333.7,37.1,0.0,0
2019,31832,SO2,3.7,11.6,0.3,0.0,0
2019,31834,CO,139.47500000000002,432.725,37.1,0.0,0
2019,31834,PM10,51.4,292.6,2.0,1163.0,0
2019,31834,PM2.5,28.2,210.0,1.0,1655.0,0
2019,31834,SO2,4.3,8.0,2.8,0.0,0
2019,31853,PM10,41.9,83.0,18.9,2.0,0
2019,99999,DViento,139.47500000000002,295.4,37.1,0.0,0
2019,99999,HAire10,78.7,140.0,0.2,0.0,0
2019,99999,HAire2,22.3,40.8,0.4,0.0,0
2019,99999,O3,43.5,98.8,4.5,0.0,0
2019,99999,PLiquida,8.5,49.8,0.0,0.0,0
2019,99999,PM10,7.0,10.1,5.0,0.0,0
2019,99999,PM2.5,3.7,5.5,2.5,0.0,0
2019,99999,RGlobal,139.47500000000002,432.725,0.0,0.0,0
2019,99999,SO2,16.6,33.7,8.8,0.0,0
2019,99999,TAire10,15.2,16.9,13.0,0.0,0
2019,99999,TAire2,23.1,25.7,16.7,0.0,0
2019,99999,VViento,0.4,0.5,0.2,0.0,0
2020,8204,DViento,139.47500000000002,360.0,0.0,0.0,0
2020,8204,HAire10,77.3,100.0,28.0,0.0,0
2020,8204,PLiquida,0.1,26.0,0.0,0.0,0
2020,8204,PM10,32.6,94.8,9.8,13.0,0
2020,8204,RGlobal,139.47500000000002,432.725,0.0,0.0,0
2020,8204,RUVb,4.0,66.0,0.0,0.0,0
2020,8204,TAire10,24.1,32.1,18.7,0.0,0
2020,8204,VViento,1.5,5.2,0.0,0.0,0
2020,8205,DViento,139.47500000000002,337.5,0.0,0.0,0
2020,8205,HAire10,74.7,86.0,37.0,0.0,0
2020,8205,O3,25.1,101.1,0.8,1.0,0
2020,8205,P,139.47500000000002,432.725,37.1,0.0,0
2020,8205,PLiquida,0.1,37.6,0.0,0.0,0
2020,8205,RGlobal,139.47500000000002,432.725,0.0,0.0,0
2020,8205,RUVb,2.0,14.1,0.0,0.0,0
2020,8205,TAire10,25.3,34.5,19.3,0.0,0
2020,8205,VViento,1.1,9.8,0.0,0.0,0
2020,8207,CO,139.47500000000002,432.725,37.1,0.0,0
2020,8207,NO,14.3,154.3,0.1,0.0,0
2020,8207,NO2,25.0,87.1,1.5,0.0,0
2020,8207,O3,33.6,130.5,1.1,20.0,0
2020,8207,PM10,23.6,149.8,1.5,39.0,0
2020,8207,PM2.5,13.6,53.6,2.4,10.0,0
2020,8207,SO2,1.7,5.4,0.3,0.0,0
2020,8208,CO,139.47500000000002,432.725,37.1,0.0,0
2020,8208,NO,17.8,306.9,0.1,0.0,0
2020,8208,NO2,29.0,130.9,0.4,0.0,0
2020,8208,O3,26.0,95.1,0.6,0.0,0
2020,8208,PM10,23.5,86.8,3.5,2.0,0
2020,8208,PM2.5,13.9,100.0,0.2,432.0,0
2020,8210,CO,139.47500000000002,432.725,37.1,0.0,0
2020,8210,NO,11.6,126.2,0.1,0.0,0
2020,8210,NO2,22.2,74.4,0.8,0.0,0
2020,8210,O3,29.5,114.6,0.8,23.0,0
2020,8210,PM10,34.2,258.0,1.0,490.0,0
2020,8210,PM2.5,15.3,56.5,3.0,10.0,0
2020,8210,SO2,4.6,81.0,0.3,0.0,0
2020,8211,DViento,139.47500000000002,360.0,0.0,0.0,0
2020,8211,HAire2,68.0,88.0,15.0,0.0,0
2020,8211,NO,25.0,432.725,0.1,0.0,0
2020,8211,NO2,19.7,84.2,0.2,0.0,0
2020,8211,O3,27.4,136.1,0.2,30.0,0
2020,8211,P,139.47500000000002,432.725,37.1,0.0,0
2020,8211,PLiquida,0.1,24.1,0.0,0.0,0
2020,8211,PM10,25.7,93.1,2.8,1.0,0
2020,8211,PM2.5,13.9,50.0,2.6,8.0,0
2020,8211,RGlobal,139.47500000000002,432.725,0.0,0.0,0
2020,8211,TAire10,15.0,25.9,0.7,0.0,0
2020,8211,VViento,1.5,5.4,0.6,0.0,0
2020,8213,CO,139.47500000000002,432.725,0.1,0.0,0
2020,8213,NO,13.9,369.9,0.1,0.0,0
2020,8213,NO2,24.0,126.6,0.8,0.0,0
2020,8213,O3,32.2,154.5,0.4,126.0,0
2020,8213,PM10,21.5,151.4,2.0,59.0,0
2020,8213,PM2.5,13.9,80.0,1.0,383.0,0
2020,8213,SO2,2.4,8.8,0.3,0.0,0
2020,8214,CO,139.47500000000002,432.725,37.1,0.0,0
2020,8214,NO,23.1,286.5,0.1,0.0,0
2020,8214,NO2,33.9,121.1,5.8,0.0,0
2020,8214,O3,36.4,132.7,1.7,96.0,0
2020,8214,PM10,41.1,169.1,4.0,483.0,0
2020,8214,PM2.5,21.6,63.3,4.6,23.0,0
2020,8214,SO2,5.1,94.3,0.3,0.0,0
2020,8215,CO,139.47500000000002,432.725,37.1,0.0,0
2020,8215,O3,27.1,123.5,0.7,12.0,0
2020,8215,PM10,20.4,160.2,1.9,68.0,0
2020,8215,PM2.5,12.9,46.9,2.5,6.0,0
2020,8215,SO2,1.5,4.0,0.6,0.0,0
2020,8216,CO,139.47500000000002,432.725,37.1,0.0,0
2020,8216,NO,22.0,359.9,0.1,0.0,0
2020,8216,NO2,32.0,177.7,0.2,0.0,0
2020,8216,O3,17.6,92.6,0.9,0.0,0
2020,8216,PM10,34.2,205.0,0.9,343.0,0
2020,8216,PM2.5,20.8,60.8,3.8,25.0,0
2020,8216,SO2,3.6,12.9,0.9,0.0,0
2020,8218,CO,139.47500000000002,432.725,37.1,0.0,0
2020,8218,DViento,132.0,360.0,0.0,0.0,0
2020,8218,NO,59.9,361.1,0.1,0.0,0
2020,8218,NO2,46.7,148.9,0.6,0.0,0
2020,8218,O3,18.7,86.5,1.4,0.0,0
2020,8218,PLiquida,0.1,20.6,0.0,0.0,0
2020,8218,PM10,63.7,289.0,2.0,2518.0,0
2020,8218,PM2.5,29.2,131.0,1.0,2014.0,0
2020,8218,SO2,10.7,42.1,2.6,0.0,0
2020,8218,TAire10,16.0,25.6,6.2,0.0,0
2020,8218,VViento,1.1,5.8,0.0,0.0,0
2020,8219,CO,139.47500000000002,432.725,37.1,0.0,0
2020,8219,NO,17.4,259.5,0.1,0.0,0
2020,8219,NO2,27.9,168.1,0.2,0.0,0
2020,8219,O3,26.3,87.6,0.7,0.0,0
2020,8219,PM10,36.4,217.0,1.0,670.0,0
2020,8219,PM2.5,15.3,56.5,3.1,9.0,0
2020,8219,SO2,4.9,14.0,1.0,0.0,0
2020,8234,PM10,31.3,53.0,14.0,0.0,0
2020,8235,PM10,20.7,42.0,11.0,0.0,0
2020,8235,PM2.5,14.1,28.0,3.0,0.0,0
2020,8243,CO,139.47500000000002,432.725,37.1,0.0,0
2020,8243,NO2,26.2,105.6,0.3,0.0,0
2020,8243,PM10,34.3,113.1,5.6,2.0,0
2020,8243,PM2.5,14.3,30.7,3.8,0.0,0
2020,8243,SO2,6.3,72.7,0.0,0.0,0
2020,8246,PM10,80.7,245.3,7.8,128.0,0
2020,8246,PM2.5,27.2,40.7,13.2,1.0,0
2020,8247,CO,139.47500000000002,432.725,14.2,0.0,0
2020,8247,NO2,44.8,114.2,2.9,0.0,0
2020,8247,PM10,16.7,177.0,1.0,80.0,0
2020,8247,SO2,7.1,30.2,0.6,0.0,0
2020,8248,NO2,17.5,90.4,0.2,0.0,0
2020,8248,PM10,28.5,205.1,1.6,250.0,0
2020,8248,PM2.5,12.4,70.2,0.2,210.0,0
2020,8248,SO2,3.8,16.1,0.3,0.0,0
2020,8249,CO,139.47500000000002,432.725,37.1,0.0,0
2020,8249,NO2,13.2,70.3,0.9,0.0,0
2020,8249,O3,17.2,61.0,0.4,0.0,0
2020,8249,PM10,18.8,115.5,2.3,32.0,0
2020,8249,PM2.5,10.1,46.2,2.8,5.0,0
2020,8249,SO2,1.3,6.7,0.4,0.0,0
2020,8250,NO2,13.2,49.1,1.1,0.0,0
2020,8250,PM10,30.5,90.7,5.4,3.0,0
2020,8250,PM2.5,12.0,34.6,2.2,0.0,0
2020,8250,SO2,12.2,60.5,0.6,5.0,0
2020,8251,NO2,11.8,88.9,0.1,0.0,0
2020,8251,PM10,55.4,432.725,0.8,1094.0,0
2020,8251,PM2.5,31.3,166.5,4.2,52.0,0
2020,8251,SO2,30.2,103.4,4.8,35.0,0
2020,8252,NO2,22.3,57.7,2.3,0.0,0
2020,8252,PM10,44.8,377.7,1.2,1531.0,0
2020,8252,PM2.5,16.2,129.0,0.4,478.0,0
2020,8252,SO2,6.6,41.9,1.0,0.0,0
2020,8254,NO2,16.0,116.7,0.8,0.0,0
2020,8254,PM10,33.2,85.0,9.6,1.0,0
2020,8254,PM2.5,12.1,31.4,3.0,0.0,0
2020,8254,SO2,7.8,17.6,0.7,0.0,0
2020,8258,PM10,29.6,43.8,14.8,0.0,0
2020,8285,O3,16.7,75.4,0.0,0.0,0
2020,8285,PM2.5,18.6,33.3,7.3,0.0,0
2020,8285,SO2,8.7,19.0,3.1,0.0,0
2020,8285,TAire2,27.1,37.5,19.2,0.0,0
2020,8288,DViento,139.47500000000002,360.0,0.0,0.0,0
2020,8288,HAire2,63.6,94.4,7.1,0.0,0
2020,8288,O3,35.1,118.3,0.6,71.0,0
2020,8288,P,139.47500000000002,432.725,37.1,0.0,0
2020,8288,PLiquida,0.1,58.8,0.0,0.0,0
2020,8288,PM10,33.2,225.0,1.0,111.0,0
2020,8288,PM2.5,11.2,55.0,0.4,6.0,0
2020,8288,RGlobal,139.47500000000002,432.725,0.0,0.0,0
2020,8288,TAire2,25.0,37.7,15.0,0.0,0
2020,8288,VViento,2.5,16.5,0.0,0.0,0
2020,8291,DViento,101.9,165.5,37.1,0.0,0
2020,8291,HAire2,77.0,100.0,25.9,0.0,0
2020,8291,O3,31.8,128.3,1.4,12.0,0
2020,8291,P,139.47500000000002,432.725,37.1,0.0,0
2020,8291,PLiquida,0.1,28.8,0.0,0.0,0
2020,8291,PM10,21.1,226.0,0.6,40.0,0
2020,8291,PM2.5,19.6,42.5,4.7,10.0,0
2020,8291,RGlobal,139.47500000000002,432.725,0.0,0.0,0
2020,8291,TAire2,24.2,33.8,16.0,0.0,0
2020,8291,VViento,0.7,51.7,0.0,0.0,0
2020,8775,DViento,35.0,341.0,18.0,0.0,0
2020,8775,HAire10,72.7,100.0,27.0,0.0,0
2020,8775,O3,13.5,44.8,0.3,0.0,0
2020,8775,P,139.47500000000002,432.725,37.1,0.0,0
2020,8775,PLiquida,4.8,432.725,0.0,0.0,0
2020,8775,PM10,28.2,195.2,2.8,69.0,0
2020,8775,PM2.5,10.1,20.1,4.6,0.0,0
2020,8775,TAire10,24.4,34.5,17.2,0.0,0
2020,8775,VViento,1.4,4.6,0.1,0.0,0
2020,8776,DViento,62.0,340.0,0.0,0.0,0
2020,8776,HAire10,75.8,98.8,34.8,0.0,0
2020,8776,P,139.47500000000002,432.725,37.1,0.0,0
2020,8776,PM10,124.1,432.725,0.1,2918.0,0
2020,8776,PM2.5,24.9,246.0,0.2,1193.0,0
2020,8776,TAire10,28.9,40.7,16.7,0.0,0
2020,8776,VViento,0.8,2.8,0.0,0.0,0
2020,8777,DViento,139.47500000000002,323.0,1.0,0.0,0
2020,8777,HAire10,72.2,100.0,30.0,0.0,0
2020,8777,NO2,8.0,32.0,0.0,0.0,0
2020,8777,O3,18.6,47.2,0.4,0.0,0
2020,8777,P,139.47500000000002,432.725,37.1,0.0,0
2020,8777,PM10,36.6,250.2,2.0,391.0,0
2020,8777,PM2.5,10.8,20.7,4.5,0.0,0
2020,8777,TAire10,24.8,34.8,17.8,0.0,0
2020,8777,VViento,1.5,6.1,0.0,0.0,0
2020,8905,PM10,8.2,12.0,3.9,0.0,0
2020,8970,PM10,36.6,69.9,21.6,0.0,0
2020,8973,PM10,37.4,74.4,19.4,0.0,0
2020,8978,PM10,35.7,65.4,14.0,0.0,0
2020,8980,PM10,37.0,67.3,19.0,0.0,0
2020,8981,PM10,43.3,74.1,28.4,0.0,0
2020,8983,PM10,28.6,64.2,11.8,0.0,0
2020,8984,PM10,29.8,51.7,10.4,0.0,0
2020,8986,DViento,20.4,360.0,0.0,0.0,0
2020,8986,HAire2,66.7,97.9,27.0,0.0,0
2020,8986,O3,21.3,110.3,0.2,3.0,0
2020,8986,P,139.47500000000002,432.725,37.1,0.0,0
2020,8986,PLiquida,0.1,17.5,0.0,0.0,0
2020,8986,PM10,39.3,343.8,0.1,502.0,0
2020,8986,PM2.5,14.2,34.2,5.0,0.0,0
2020,8986,RGlobal,139.47500000000002,432.725,0.0,0.0,0
2020,8986,SO2,7.3,221.6,0.0,6.0,0
2020,8986,TAire2,27.3,37.4,18.5,0.0,0
2020,8986,VViento,0.7,4.8,0.0,0.0,0
2020,8990,PM10,25.1,49.0,7.0,0.0,0
2020,8994,PM10,18.4,42.9,5.0,0.0,0
2020,9020,DViento,15.0,359.0,0.0,0.0,0
2020,9020,HAire10,73.2,99.9,17.0,0.0,0
2020,9020,P,139.47500000000002,432.725,37.1,0.0,0
2020,9020,PLiquida,0.1,11.7,0.0,0.0,0
2020,9020,PM10,39.6,262.0,1.0,738.0,0
2020,9020,TAire10,22.9,32.6,16.4,0.0,0
2020,9020,VViento,1.8,8.3,0.0,0.0,0
2020,9023,CO,139.47500000000002,432.725,37.1,0.0,0
2020,9023,DViento,139.47500000000002,359.3,0.1,0.0,0
2020,9023,HAire10,68.4,100.0,16.7,0.0,0
2020,9023,NO,43.3,256.1,0.0,0.0,0
2020,9023,NO2,33.9,157.9,0.0,0.0,0
2020,9023,P,139.47500000000002,432.725,37.1,0.0,0
2020,9023,PLiquida,0.1,20.8,0.0,0.0,0
2020,9023,PM10,34.4,90.0,9.4,6.0,0
2020,9023,TAire10,22.5,32.3,16.2,0.0,0
2020,9023,VViento,1.0,10.5,0.0,0.0,0
2020,9024,PM10,29.4,71.3,4.7,0.0,0
2020,9025,PM10,43.4,198.0,1.0,860.0,0
2020,9026,PM10,39.6,121.5,10.5,6.0,0
2020,9026,PM2.5,20.8,46.8,3.5,9.0,0
2020,9027,PM10,38.9,178.3,8.2,10.0,0
2020,9027,PM2.5,10.7,47.1,2.4,1.0,0
2020,9039,PM10,37.3,234.3,7.6,7.0,0
2020,9041,PM10,27.8,118.6,3.0,3.0,0
2020,9042,PM10,32.1,91.0,8.6,5.0,0
2020,9042,PM2.5,17.8,66.0,3.5,9.0,0
2020,9043,PM10,33.6,100.1,8.7,5.0,0
2020,9043,PM2.5,5.2,24.8,1.5,0.0,0
2020,9044,PM10,28.0,101.8,3.8,2.0,0
2020,9044,PM2.5,9.4,55.5,1.5,1.0,0
2020,9048,PM10,42.1,154.4,11.3,14.0,0
2020,9048,PM2.5,17.1,62.0,3.0,10.0,0
2020,9050,PM10,20.2,61.9,4.7,0.0,0
2020,9050,PM2.5,7.2,48.0,1.6,1.0,0
2020,9051,PM10,41.7,123.9,4.0,13.0,0
2020,9051,PM2.5,11.6,79.8,1.8,1.0,0
2020,9053,PM10,32.1,123.2,2.4,3.0,0
2020,9056,PM10,37.6,128.0,11.4,6.0,0
2020,9056,PM2.5,18.7,102.1,1.2,7.0,0
2020,9060,PM10,33.8,95.5,8.6,2.0,0
2020,9060,PM2.5,20.2,48.3,4.1,2.0,0
2020,9085,PM10,24.1,58.3,7.4,0.0,0
2020,9101,PM10,26.9,55.0,10.4,0.0,0
2020,9102,PM10,27.3,67.0,11.8,0.0,0
2020,9117,PM10,18.5,32.5,6.9,0.0,0
2020,9166,NO2,32.2,129.7,2.2,0.0,0
2020,9166,PM10,34.7,124.0,9.7,4.0,0
2020,9166,PM2.5,16.1,55.8,4.8,10.0,0
2020,9166,SO2,7.3,23.0,1.4,0.0,0
2020,9173,NO2,28.6,91.4,9.0,0.0,0
2020,9173,O3,44.3,66.3,32.0,0.0,0
2020,9173,PM10,26.8,77.3,5.3,1.0,0
2020,9173,PM2.5,13.8,47.7,2.0,2.0,0
2020,9173,SO2,2.8,24.6,0.2,0.0,0
2020,19566,PM10,50.3,432.725,2.5,1642.0,0
2020,19566,PM2.5,21.8,77.4,3.8,30.0,0
2020,19566,SO2,12.0,119.1,0.2,10.0,0
2020,19661,PM10,21.1,37.1,5.8,0.0,0
2020,19661,PM2.5,8.9,13.7,4.7,0.0,0
2020,19662,PM10,27.2,59.0,7.5,0.0,0
2020,19662,PM2.5,11.6,28.5,3.6,0.0,0
2020,19664,PM10,18.1,50.0,2.0,0.0,0
2020,19665,PM10,22.0,45.8,8.5,0.0,0
2020,20383,DViento,139.47500000000002,359.2,0.9,0.0,0
2020,20383,HAire10,60.0,88.0,0.0,0.0,0
2020,20383,PM10,41.1,83.7,14.8,3.0,0
2020,20383,TAire10,20.6,34.2,6.4,0.0,0
2020,20383,VViento,0.6,9.8,0.0,0.0,0
2020,20385,PM10,40.9,106.8,15.1,16.0,0
2020,26179,PM10,51.5,217.8,11.1,10.0,0
2020,26181,PM10,37.1,116.9,7.3,6.0,0
2020,26182,PM10,44.1,119.2,9.3,10.0,0
2020,26184,PM10,44.7,113.6,10.3,6.0,0
2020,26190,HAire2,70.2,99.2,28.1,0.0,0
2020,26190,O3,30.5,112.8,0.6,24.0,0
2020,26190,P,139.47500000000002,432.725,37.1,0.0,0
2020,26190,PM2.5,16.5,42.1,5.8,1.0,0
2020,26190,SO2,7.8,11.8,2.9,0.0,0
2020,26190,TAire2,26.6,36.3,18.6,0.0,0
2020,26191,PM10,24.9,40.7,12.1,0.0,0
2020,26191,PM2.5,10.3,27.0,2.9,0.0,0
2020,26288,PM10,36.4,44.4,21.2,0.0,0
2020,26288,PM2.5,10.4,20.7,2.6,0.0,0
2020,26288,SO2,13.0,17.0,10.9,0.0,0
2020,28202,NO,10.5,123.1,0.1,0.0,0
2020,28202,NO2,28.9,147.2,3.8,0.0,0
2020,28202,O3,26.1,85.8,1.0,0.0,0
2020,28202,PM10,23.6,202.0,1.0,223.0,0
2020,28202,PM2.5,12.1,46.3,2.0,5.0,0
2020,28203,CO,139.47500000000002,432.725,37.1,0.0,0
2020,28203,NO,21.2,191.8,0.4,0.0,0
2020,28203,NO2,31.1,85.7,9.8,0.0,0
2020,28203,PM10,55.4,94.7,20.1,12.0,0
2020,28203,PM2.5,17.7,28.3,5.5,0.0,0
2020,28203,SO2,2.5,6.7,0.5,0.0,0
2020,28625,PM10,29.1,68.9,11.1,0.0,0
2020,29384,PM10,38.2,45.9,31.3,0.0,0
2020,29384,PM2.5,11.1,55.7,0.7,1.0,0
2020,29384,SO2,14.6,19.1,10.4,0.0,0
2020,29493,DViento,139.47500000000002,360.0,0.1,0.0,0
2020,29493,HAire10,62.2,87.3,14.1,0.0,0
2020,29493,NO,17.8,161.9,0.0,0.0,0
2020,29493,NO2,30.1,119.6,0.0,0.0,0
2020,29493,P,139.47500000000002,432.725,37.1,0.0,0
2020,29493,PM2.5,23.3,145.0,0.5,1296.0,0
2020,29493,RGlobal,128.6,432.725,0.0,0.0,0
2020,29493,TAire10,22.2,31.8,15.4,0.0,0
2020,29493,VViento,0.9,4.4,0.0,0.0,0
2020,29501,DViento,89.0,359.0,0.0,0.0,0
2020,29501,HAire10,79.1,99.1,19.3,0.0,0
2020,29501,O3,26.0,98.7,0.9,0.0,0
2020,29501,P,139.47500000000002,432.725,37.1,0.0,0
2020,29501,PLiquida,0.1,10.8,0.0,0.0,0
2020,29501,TAire10,21.8,31.7,14.3,0.0,0
2020,29501,VViento,1.7,9.1,0.0,0.0,0
2020,29502,DViento,139.47500000000002,359.7,0.6,0.0,0
2020,29502,HAire10,67.9,92.7,15.5,0.0,0
2020,29502,O3,27.8,121.5,0.1,10.0,0
2020,29502,P,139.47500000000002,432.725,37.1,0.0,0
2020,29502,PM10,34.1,86.2,11.5,6.0,0
2020,29502,RGlobal,139.47500000000002,432.725,0.0,0.0,0
2020,29502,TAire10,21.5,31.6,13.2,0.0,0
2020,29502,VViento,1.1,4.6,0.0,0.0,0
2020,29507,DViento,76.6,359.7,0.0,0.0,0
2020,29507,HAire10,61.1,89.6,14.2,0.0,0
2020,29507,NO,28.6,247.4,0.8,0.0,0
2020,29507,NO2,36.7,161.2,7.3,0.0,0
2020,29507,O3,28.6,105.9,1.4,3.0,0
2020,29507,P,139.47500000000002,432.725,37.1,0.0,0
2020,29507,PLiquida,0.1,23.1,0.0,0.0,0
2020,29507,PM2.5,20.3,40.5,8.4,1.0,0
2020,29507,RGlobal,139.47500000000002,432.725,0.0,0.0,0
2020,29507,TAire10,23.2,32.3,14.6,0.0,0
2020,29507,VViento,1.4,3.5,0.0,0.0,0
2020,29509,NO,29.4,314.4,0.0,0.0,0
2020,29509,NO2,36.8,154.1,0.0,0.0,0
2020,29509,PM10,49.8,114.5,18.8,40.0,0
2020,29509,PM2.5,25.8,73.7,9.5,40.0,0
2020,29511,DViento,95.0,359.0,0.0,0.0,0
2020,29511,HAire10,80.1,100.0,23.8,0.0,0
2020,29511,O3,36.4,159.9,1.7,146.0,0
2020,29511,P,139.47500000000002,432.725,37.1,0.0,0
2020,29511,PLiquida,0.1,3.8,0.0,0.0,0
2020,29511,PM10,35.2,89.7,15.1,8.0,0
2020,29511,PM2.5,20.1,65.8,7.5,26.0,0
2020,29511,TAire10,20.0,29.2,13.7,0.0,0
2020,29511,VViento,1.1,7.3,0.0,0.0,0
2020,29529,DViento,139.47500000000002,359.0,0.0,0.0,0
2020,29529,HAire10,72.8,100.0,17.5,0.0,0
2020,29529,O3,28.7,120.8,0.4,22.0,0
2020,29529,P,139.47500000000002,432.725,37.1,0.0,0
2020,29529,PLiquida,0.1,11.5,0.0,0.0,0
2020,29529,TAire10,21.6,31.7,14.6,0.0,0
2020,29529,VViento,1.2,10.3,0.0,0.0,0
2020,29574,PM10,28.3,130.2,1.5,7.0,0
2020,29574,PM2.5,26.0,63.8,7.4,7.0,0
2020,29586,NO2,21.6,107.9,0.2,0.0,0
2020,29586,PM2.5,22.1,168.5,1.0,1292.0,0
2020,29586,SO2,37.3,76.9,5.8,70.0,0
2020,29600,DViento,139.47500000000002,359.9,0.0,0.0,0
2020,29600,HAire10,78.8,100.0,20.2,0.0,0
2020,29600,O3,34.1,153.0,0.6,86.0,0
2020,29600,P,139.47500000000002,432.725,37.1,0.0,0
2020,29600,PLiquida,0.1,9.8,0.0,0.0,0
2020,29600,PM2.5,18.7,73.6,5.8,27.0,0
2020,29600,RGlobal,139.1,432.725,0.0,0.0,0
2020,29600,TAire10,19.4,29.9,12.4,0.0,0
2020,29600,VViento,1.0,17.3,0.0,0.0,0
2020,29615,CO,139.47500000000002,432.725,7.4,0.0,0
2020,29615,NO2,23.9,91.9,1.0,0.0,0
2020,29615,PM10,38.4,354.4,1.9,718.0,0
2020,29615,PM2.5,18.4,267.9,1.4,521.0,0
2020,29615,SO2,29.8,51.8,5.9,1.0,0
2020,29617,NO2,15.0,113.1,0.1,0.0,0
2020,29617,PM10,39.4,188.0,5.0,823.0,0
2020,29617,PM2.5,22.5,66.4,6.3,25.0,0
2020,29617,SO2,8.2,41.6,0.5,0.0,0
2020,29962,PM10,39.7,47.9,32.2,0.0,0
2020,29962,PM2.5,13.6,34.2,0.7,0.0,0
2020,29962,SO2,13.4,16.2,10.2,0.0,0
2020,29969,PM10,24.0,74.0,3.5,0.0,0
2020,29971,PM10,25.2,68.9,5.2,0.0,0
2020,29972,PM10,28.9,74.7,5.8,0.0,0
2020,29973,PM10,46.0,72.8,16.1,0.0,0
2020,30003,PM10,26.2,144.6,6.7,1.0,0
2020,30003,PM2.5,18.8,91.7,4.7,6.0,0
2020,30004,DViento,65.6,360.0,0.0,0.0,0
2020,30004,HAire2,63.9,97.2,22.0,0.0,0
2020,30004,O3,16.3,104.3,0.6,1.0,0
2020,30004,P,139.47500000000002,432.725,37.1,0.0,0
2020,30004,PLiquida,0.3,157.0,0.0,0.0,0
2020,30004,PM10,51.8,371.8,0.1,1444.0,0
2020,30004,PM2.5,7.1,13.9,3.2,0.0,0
2020,30004,RGlobal,139.47500000000002,432.725,0.0,0.0,0
2020,30004,TAire2,26.7,37.2,18.7,0.0,0
2020,30004,VViento,1.4,6.8,0.0,0.0,0
2020,30040,PM10,31.4,106.3,5.3,8.0,0
2020,30040,PM2.5,18.7,56.2,3.1,24.0,0
2020,30040,SO2,7.5,108.0,0.5,3.0,0
2020,30044,PM10,25.4,147.0,0.0,88.0,0
2020,30044,SO2,30.5,98.4,2.0,53.0,0
2020,30057,PM10,34.9,88.8,11.2,1.0,0
2020,30090,PM10,14.1,56.0,2.2,0.0,0
2020,30090,PM2.5,10.0,33.1,1.6,0.0,0
2020,30109,DViento,139.47500000000002,349.1,16.4,0.0,0
2020,30109,HAire2,72.8,100.0,24.8,0.0,0
2020,30109,P,139.47500000000002,432.725,37.1,0.0,0
2020,30109,PLiquida,0.1,46.8,0.0,0.0,0
2020,30109,PM10,33.2,191.6,0.3,150.0,0
2020,30109,PM2.5,11.3,174.0,1.0,44.0,0
2020,30109,RGlobal,139.47500000000002,432.725,0.0,0.0,0
2020,30109,SO2,1.5,62.1,0.0,0.0,0
2020,30109,TAire2,24.6,34.0,17.4,0.0,0
2020,30109,VViento,1.5,8.1,0.1,0.0,0
2020,30110,DViento,139.47500000000002,359.9,0.0,0.0,0
2020,30110,HAire2,55.6,81.3,16.0,0.0,0
2020,30110,O3,27.4,98.2,5.1,0.0,0
2020,30110,P,139.47500000000002,432.725,37.1,0.0,0
2020,30110,PLiquida,0.1,27.9,0.0,0.0,0
2020,30110,PM10,52.4,109.5,20.3,15.0,0
2020,30110,PM2.5,16.7,51.5,6.0,1.0,0
2020,30110,RGlobal,139.47500000000002,432.725,0.0,0.0,0
2020,30110,TAire2,28.9,39.2,21.3,0.0,0
2020,30110,VViento,2.4,9.5,0.0,0.0,0
2020,30111,HAire2,67.5,95.2,21.9,0.0,0
2020,30111,P,139.47500000000002,432.725,37.1,0.0,0
2020,30111,PLiquida,0.2,5.0,0.0,0.0,0
2020,30111,PM10,38.6,165.2,0.1,392.0,0
2020,30111,PM2.5,14.1,38.0,4.3,1.0,0
2020,30111,SO2,6.8,14.3,2.9,0.0,0
2020,30111,TAire2,25.3,35.0,18.5,0.0,0
2020,30472,PM10,48.0,272.7,9.5,10.0,0
2020,30472,PM2.5,17.5,61.1,3.7,5.0,0
2020,30585,PM10,19.8,67.9,8.1,0.0,0
2020,30639,DViento,139.47500000000002,338.0,0.0,0.0,0
2020,30639,HAire10,62.4,92.0,24.0,0.0,0
2020,30639,PM10,25.2,52.0,7.9,0.0,0
2020,30639,TAire10,28.6,38.6,9.8,0.0,0
2020,30639,VViento,0.8,1.5,0.0,0.0,0
2020,30653,PM10,38.4,155.8,13.3,4.0,0
2020,30689,PM10,37.7,74.2,24.4,0.0,0
2020,30691,PM10,29.2,88.2,9.3,1.0,0
2020,30691,PM2.5,12.3,85.0,1.2,3.0,0
2020,30731,CO,139.47500000000002,432.725,30.3,0.0,0
2020,30731,DViento,64.0,359.0,0.0,0.0,0
2020,30731,HAire10,77.3,100.0,17.7,0.0,0
2020,30731,NO,11.9,178.3,0.0,0.0,0
2020,30731,NO2,21.3,110.0,0.0,0.0,0
2020,30731,O3,28.8,99.1,0.3,0.0,0
2020,30731,P,139.47500000000002,432.725,37.1,0.0,0
2020,30731,PLiquida,0.1,17.6,0.0,0.0,0
2020,30731,PM2.5,20.0,67.8,6.8,29.0,0
2020,30731,SO2,23.7,87.2,1.1,8.0,0
2020,30731,TAire10,21.8,31.9,14.8,0.0,0
2020,30731,VViento,1.8,7.3,0.0,0.0,0
2020,30732,DViento,111.5,359.0,0.0,0.0,0
2020,30732,HAire10,79.5,100.0,20.0,0.0,0
2020,30732,O3,33.9,153.0,0.6,86.0,0
2020,30732,P,139.47500000000002,432.725,37.1,0.0,0
2020,30732,PLiquida,0.1,9.1,0.0,0.0,0
2020,30732,PM2.5,18.7,73.6,5.8,27.0,0
2020,30732,TAire10,18.2,27.8,12.0,0.0,0
2020,30732,VViento,1.0,7.2,0.0,0.0,0
2020,30733,DViento,139.47500000000002,359.0,0.0,0.0,0
2020,30733,HAire10,79.9,100.0,29.4,0.0,0
2020,30733,NO,36.6,409.1,0.0,0.0,0
2020,30733,NO2,34.2,127.4,0.1,0.0,0
2020,30733,P,139.47500000000002,432.725,37.1,0.0,0
2020,30733,PLiquida,0.1,3.8,0.0,0.0,0
2020,30733,PM10,44.8,83.4,15.2,7.0,0
2020,30733,PM2.5,28.1,74.8,8.4,54.0,0
2020,30733,TAire10,21.3,30.5,14.5,0.0,0
2020,30733,VViento,1.5,6.6,0.0,0.0,0
2020,30810,DViento,139.47500000000002,359.5,0.2,0.0,0
2020,30810,O3,4.1,21.7,0.2,0.0,0
2020,30810,P,139.47500000000002,432.725,37.1,0.0,0
2020,30810,PLiquida,0.1,4.1,0.0,0.0,0
2020,30810,PM10,45.3,234.9,0.0,1170.0,0
2020,30810,VViento,1.9,29.4,0.4,0.0,0
2020,30812,PM10,33.8,103.9,12.9,3.0,0
2020,30815,DViento,44.3,359.9,0.3,0.0,0
2020,30815,HAire10,67.7,90.6,10.2,0.0,0
2020,30815,O3,25.2,108.9,0.4,13.0,0
2020,30815,P,139.47500000000002,432.725,37.1,0.0,0
2020,30815,PLiquida,0.2,28.8,0.0,0.0,0
2020,30815,PM10,27.9,289.6,0.2,294.0,0
2020,30815,PM2.5,21.3,88.0,4.5,13.0,0
2020,30815,RUVb,139.47500000000002,432.725,0.0,0.0,0
2020,30815,SO2,5.9,121.4,0.1,4.0,0
2020,30815,TAire10,14.9,23.9,4.7,0.0,0
2020,30815,VViento,0.9,5.3,0.0,0.0,0
2020,30836,PM10,80.6,200.7,8.6,15.0,0
2020,30841,PM10,78.0,227.9,8.6,28.0,0
2020,30842,PM10,76.6,269.0,12.7,20.0,0
2020,30855,DViento,31.0,358.0,0.0,0.0,0
2020,30855,HAire10,41.5,99.0,13.0,0.0,0
2020,30855,PM2.5,28.5,69.0,6.5,37.0,0
2020,30855,TAire10,20.5,38.0,7.2,0.0,0
2020,30855,VViento,1.9,8.1,0.0,0.0,0
2020,31331,DViento,35.0,359.9,0.0,0.0,0
2020,31331,HAire10,82.3,99.2,30.0,0.0,0
2020,31331,NO2,4.1,48.3,0.3,0.0,0
2020,31331,PM2.5,17.7,138.0,1.0,246.0,0
2020,31331,RGlobal,139.47500000000002,432.725,0.0,0.0,0
2020,31331,TAire10,14.3,23.4,6.1,0.0,0
2020,31331,VViento,2.0,9.0,0.0,0.0,0
2020,31340,PM2.5,20.0,66.9,5.7,31.0,0
2020,31341,PM10,29.2,89.8,9.6,1.0,0
2020,31342,NO,23.8,432.725,0.0,0.0,0
2020,31342,NO2,24.9,122.7,0.0,0.0,0
2020,31342,PM10,37.2,162.0,1.0,522.0,0
2020,31343,PM2.5,14.9,61.5,3.1,26.0,0
2020,31345,PM10,24.2,79.4,7.7,1.0,0
2020,31360,DViento,26.0,359.0,0.0,0.0,0
2020,31360,HAire10,70.1,93.5,17.2,0.0,0
2020,31360,P,139.47500000000002,432.725,37.1,0.0,0
2020,31360,PLiquida,0.5,7.4,0.0,0.0,0
2020,31360,PM2.5,15.2,100.1,0.5,574.0,0
2020,31360,TAire10,21.5,31.1,14.5,0.0,0
2020,31360,VViento,1.9,7.6,0.0,0.0,0
2020,31362,PM2.5,15.6,60.6,5.4,20.0,0
2020,31364,PM2.5,20.5,67.4,7.4,35.0,0
2020,31366,PM2.5,16.5,57.9,5.8,20.0,0
2020,31367,PM2.5,18.8,62.9,6.9,26.0,0
2020,31369,PM2.5,19.8,59.3,5.5,25.0,0
2020,31371,PM2.5,20.2,63.2,6.7,22.0,0
2020,31373,PM2.5,17.3,60.5,4.9,25.0,0
2020,31375,PM2.5,17.0,60.8,5.7,25.0,0
2020,31379,PM2.5,17.7,64.1,4.4,20.0,0
2020,31381,DViento,139.47500000000002,360.0,0.0,0.0,0
2020,31381,O3,21.0,104.2,1.1,2.0,0
2020,31381,P,139.47500000000002,432.725,0.0,0.0,0
2020,31381,PLiquida,0.2,39.9,0.0,0.0,0
2020,31381,PM10,29.6,74.4,6.5,0.0,0
2020,31381,RGlobal,139.47500000000002,432.725,0.0,0.0,0
2020,31381,TAire10,26.2,35.0,6.5,0.0,0
2020,31381,VViento,1.1,4.8,0.0,0.0,0
2020,31389,DViento,139.47500000000002,360.0,1.0,0.0,0
2020,31389,HAire10,71.6,93.0,27.0,0.0,0
2020,31389,O3,27.4,109.8,0.6,14.0,0
2020,31389,P,139.47500000000002,432.725,37.1,0.0,0
2020,31389,PLiquida,0.2,34.2,0.0,0.0,0
2020,31389,PM10,27.3,432.725,0.3,297.0,0
2020,31389,RGlobal,139.47500000000002,432.725,0.0,0.0,0
2020,31389,TAire10,25.7,35.5,19.6,0.0,0
2020,31389,VViento,0.9,4.8,0.0,0.0,0
2020,31468,PM10,42.0,82.2,14.4,1.0,0
2020,31477,PM10,34.8,53.4,23.7,0.0,0
2020,31478,PM10,18.2,43.0,6.0,0.0,0
2020,31485,HAire10,63.6,89.0,33.0,0.0,0
2020,31485,P,139.47500000000002,432.725,37.1,0.0,0
2020,31485,PM10,45.8,252.1,15.3,13.0,0
2020,31485,TAire10,30.2,34.5,24.0,0.0,0
2020,31485,VViento,2.5,9.6,0.0,0.0,0
2020,31494,PM10,43.5,95.1,18.2,1.0,0
2020,31496,HAire10,64.5,93.5,31.0,0.0,0
2020,31496,P,139.47500000000002,432.725,37.1,0.0,0
2020,31496,PM10,46.7,253.9,13.0,12.0,0
2020,31496,TAire10,30.0,35.0,24.2,0.0,0
2020,31496,VViento,2.7,10.8,0.2,0.0,0
2020,31530,PM10,38.8,50.3,32.2,0.0,0
2020,31530,PM2.5,11.0,33.5,1.2,0.0,0
2020,31530,SO2,13.9,17.5,10.7,0.0,0
2020,31533,NO2,15.4,125.2,0.1,0.0,0
2020,31533,PM10,43.8,168.5,6.8,44.0,0
2020,31533,PM2.5,17.9,69.7,3.3,22.0,0
2020,31533,SO2,8.0,43.1,0.4,0.0,0
2020,31628,DViento,139.47500000000002,359.0,0.0,0.0,0
2020,31628,HAire10,75.5,100.0,18.5,0.0,0
2020,31628,P,139.47500000000002,432.725,37.1,0.0,0
2020,31628,PLiquida,0.1,10.3,0.0,0.0,0
2020,31628,PM2.5,17.9,66.1,4.5,23.0,0
2020,31628,TAire10,20.8,30.5,14.3,0.0,0
2020,31628,VViento,1.2,7.9,0.0,0.0,0
2020,31637,PM10,22.1,37.0,9.0,0.0,0
2020,31639,PM10,22.1,41.0,6.0,0.0,0
2020,31661,DViento,139.47500000000002,360.0,0.0,0.0,0
2020,31661,HAire10,71.7,96.8,0.0,0.0,0
2020,31661,PLiquida,0.9,2.3,0.0,0.0,0
2020,31661,PM2.5,17.8,51.3,6.9,14.0,0
2020,31661,TAire10,22.7,33.8,11.5,0.0,0
2020,31661,VViento,1.1,5.0,0.0,0.0,0
2020,31684,CO,139.47500000000002,432.725,37.1,0.0,0
2020,31684,NO,15.5,261.7,0.1,0.0,0
2020,31684,NO2,29.8,120.9,1.1,0.0,0
2020,31684,O3,32.6,135.4,0.8,37.0,0
2020,31684,PM10,33.6,108.7,6.5,4.0,0
2020,31684,PM2.5,19.6,60.9,5.5,16.0,0
2020,31684,SO2,4.2,37.9,0.5,0.0,0
2020,31719,DViento,139.47500000000002,340.8,2.3,0.0,0
2020,31719,HAire10,77.2,100.0,23.8,0.0,0
2020,31719,P,139.47500000000002,432.725,37.1,0.0,0
2020,31719,PLiquida,0.9,15.0,0.0,0.0,0
2020,31719,PM10,34.5,118.3,14.0,3.0,0
2020,31719,TAire10,14.9,25.5,2.9,0.0,0
2020,31719,VViento,1.2,6.4,0.1,0.0,0
2020,31783,HAire10,38.5,66.0,0.0,0.0,0
2020,31783,PM2.5,13.6,48.0,1.0,1.0,0
2020,31783,TAire10,32.3,41.5,25.6,0.0,0
2020,31783,VViento,0.8,3.2,0.0,0.0,0
2020,31787,HAire10,40.3,58.0,0.0,0.0,0
2020,31787,PM2.5,24.1,31.2,14.8,0.0,0
2020,31787,TAire10,23.2,34.5,15.8,0.0,0
2020,31787,VViento,0.5,1.5,0.0,0.0,0
2020,31788,DViento,125.7,352.4,20.6,0.0,0
2020,31788,HAire10,58.0,75.0,0.0,0.0,0
2020,31788,PM10,22.8,28.8,13.9,0.0,0
2020,31788,TAire10,14.2,22.7,6.4,0.0,0
2020,31788,VViento,2.3,9.8,0.0,0.0,0
2020,31789,HAire10,30.5,46.0,0.0,0.0,0
2020,31789,TAire10,20.8,30.6,15.4,0.0,0
2020,31789,VViento,0.9,2.5,0.0,0.0,0
2020,31792,PM2.5,16.3,50.6,1.7,6.0,0
2020,31801,HAire10,33.9,71.0,0.0,0.0,0
2020,31801,PM10,14.3,124.0,1.0,1.0,0
2020,31801,TAire10,18.6,27.0,9.8,0.0,0
2020,31801,VViento,1.3,6.7,0.0,0.0,0
2020,31802,PM10,19.9,37.0,5.0,0.0,0
2020,31805,PM10,19.1,103.7,0.7,26.0,0
2020,31805,PM2.5,10.3,86.5,0.3,178.0,0
2020,31805,SO2,3.9,13.6,1.0,0.0,0
2020,31806,PM10,31.0,212.1,1.7,392.0,0
2020,31806,PM2.5,15.8,54.4,3.7,11.0,0
2020,31806,SO2,11.5,35.6,1.7,0.0,0
2020,31807,CO,139.47500000000002,432.725,37.1,0.0,0
2020,31807,NO2,28.9,319.7,0.7,16.0,0
2020,31807,PM10,46.8,432.725,1.7,1090.0,0
2020,31807,PM2.5,19.1,74.4,3.3,33.0,0
2020,31807,SO2,6.5,21.9,1.8,0.0,0
2020,31808,CO,139.47500000000002,432.725,3.9,0.0,0
2020,31808,NO2,29.5,124.2,1.0,0.0,0
2020,31808,PM10,72.0,231.9,15.4,133.0,0
2020,31808,PM2.5,23.2,74.3,5.0,33.0,0
2020,31808,SO2,6.4,34.6,1.2,0.0,0
2020,31809,DViento,139.47500000000002,359.7,0.7,0.0,0
2020,31809,HAire10,69.2,92.9,27.0,0.0,0
2020,31809,NO2,12.7,54.5,0.2,0.0,0
2020,31809,O3,12.9,65.6,0.4,0.0,0
2020,31809,PLiquida,0.1,16.0,0.0,0.0,0
2020,31809,PM10,33.3,77.4,12.4,3.0,0
2020,31809,PM2.5,18.2,64.0,5.4,21.0,0
2020,31809,RGlobal,139.47500000000002,432.725,0.0,0.0,0
2020,31809,TAire10,24.4,36.1,3.2,0.0,0
2020,31809,VViento,1.4,4.4,0.3,0.0,0
2020,31810,PM10,25.0,35.0,18.0,0.0,0
2020,31811,DViento,139.47500000000002,359.1,0.3,0.0,0
2020,31811,HAire10,68.1,93.1,27.8,0.0,0
2020,31811,PLiquida,0.3,91.6,0.0,0.0,0
2020,31811,PM10,35.1,178.9,3.9,510.0,0
2020,31811,PM2.5,20.7,152.5,1.1,866.0,0
2020,31811,RGlobal,139.47500000000002,432.725,0.0,0.0,0
2020,31811,TAire10,24.3,31.9,19.0,0.0,0
2020,31811,VViento,1.5,4.5,0.1,0.0,0
2020,31812,DViento,139.47500000000002,360.0,0.0,0.0,0
2020,31812,HAire10,68.1,92.3,22.4,0.0,0
2020,31812,PLiquida,0.1,26.5,0.0,0.0,0
2020,31812,PM10,38.4,192.7,2.8,500.0,0
2020,31812,PM2.5,23.8,135.3,1.0,1013.0,0
2020,31812,RGlobal,139.47500000000002,432.725,0.0,0.0,0
2020,31812,TAire10,24.8,51.1,17.6,0.0,0
2020,31812,VViento,1.0,3.9,0.0,0.0,0
2020,31813,DViento,139.47500000000002,359.9,0.1,0.0,0
2020,31813,HAire10,64.2,92.1,23.9,0.0,0
2020,31813,PLiquida,1.0,47.4,0.0,0.0,0
2020,31813,PM10,38.6,150.4,12.1,23.0,0
2020,31813,PM2.5,20.2,106.9,0.7,739.0,0
2020,31813,RGlobal,139.47500000000002,432.725,0.0,0.0,0
2020,31813,TAire10,25.2,35.6,19.4,0.0,0
2020,31813,VViento,1.5,4.9,0.3,0.0,0
2020,31814,DViento,139.47500000000002,359.7,0.6,0.0,0
2020,31814,HAire10,62.1,90.7,22.7,0.0,0
2020,31814,NO2,15.2,60.1,0.2,0.0,0
2020,31814,O3,22.1,54.7,2.1,0.0,0
2020,31814,PLiquida,1.0,20.3,0.0,0.0,0
2020,31814,PM10,53.0,157.0,7.9,577.0,0
2020,31814,PM2.5,29.9,91.5,5.1,31.0,0
2020,31814,RGlobal,139.47500000000002,432.725,0.0,0.0,0
2020,31814,TAire10,26.2,34.5,19.2,0.0,0
2020,31814,VViento,1.4,3.9,0.2,0.0,0
2020,31815,PM10,35.4,234.2,0.6,420.0,0
2020,31815,PM2.5,13.6,32.8,1.8,0.0,0
2020,31816,DViento,139.47500000000002,282.4,37.1,0.0,0
2020,31816,HAire10,80.7,106.3,0.0,0.0,0
2020,31816,O3,4.9,39.9,0.2,0.0,0
2020,31816,P,139.47500000000002,432.725,0.0,0.0,0
2020,31816,PLiquida,0.6,4.1,0.0,0.0,0
2020,31816,PM10,16.3,61.5,0.1,0.0,0
2020,31816,PM2.5,7.0,15.6,3.5,0.0,0
2020,31816,RUVb,46.0,193.5,0.0,0.0,0
2020,31816,TAire10,18.3,63.2,10.0,0.0,0
2020,31816,VViento,1.6,432.725,0.0,0.0,0
2020,31817,HAire10,80.6,100.3,36.1,0.0,0
2020,31817,O3,17.0,55.8,0.6,0.0,0
2020,31817,P,139.47500000000002,432.725,37.1,0.0,0
2020,31817,PM10,22.5,345.3,0.1,33.0,0
2020,31817,SO2,2.0,4.9,0.4,0.0,0
2020,31817,TAire10,24.2,36.8,17.3,0.0,0
2020,31818,PM10,25.7,42.6,11.1,0.0,0
2020,31819,PM10,39.2,102.3,13.3,1.0,0
2020,31819,PM2.5,14.4,30.1,3.1,0.0,0
2020,31820,PM10,47.0,73.7,29.0,0.0,0
2020,31821,HAire10,75.3,98.8,27.4,0.0,0
2020,31821,PM10,47.7,87.6,10.6,8.0,0
2020,31821,PM2.5,18.3,189.3,0.1,569.0,0
2020,31821,TAire10,29.1,40.8,20.8,0.0,0
2020,31822,HAire10,78.1,96.6,25.9,0.0,0
2020,31822,O3,17.2,60.0,0.5,0.0,0
2020,31822,PM10,30.5,144.2,7.0,3.0,0
2020,31822,PM2.5,13.9,139.6,0.1,447.0,0
2020,31822,SO2,1.6,3.5,0.7,0.0,0
2020,31822,TAire10,23.3,32.4,17.8,0.0,0
2020,31823,DViento,123.6,352.5,5.2,0.0,0
2020,31823,HAire10,76.8,98.0,32.1,0.0,0
2020,31823,PM10,52.1,112.7,13.3,21.0,0
2020,31823,PM2.5,24.9,233.0,0.1,778.0,0
2020,31823,TAire10,27.0,36.6,14.9,0.0,0
2020,31823,VViento,1.0,4.0,0.1,0.0,0
2020,31824,PM10,14.5,30.0,5.4,0.0,0
2020,31825,CO,139.47500000000002,432.725,0.0,0.0,0
2020,31825,HAire10,75.6,99.2,0.0,0.0,0
2020,31825,O3,20.6,58.2,0.4,0.0,0
2020,31825,P,139.47500000000002,432.725,0.0,0.0,0
2020,31825,PLiquida,69.6,432.725,0.0,0.0,0
2020,31825,PM10,48.8,329.5,0.1,1145.0,0
2020,31825,PM2.5,15.4,68.4,3.2,9.0,0
2020,31825,RGlobal,139.47500000000002,432.725,0.0,0.0,0
2020,31825,SO2,3.6,432.725,0.0,12.0,0
2020,31825,TAire10,26.5,35.3,2.9,0.0,0
2020,31825,VViento,1.8,12.3,0.0,0.0,0
2020,31826,CO,139.47500000000002,432.725,0.0,0.0,0
2020,31826,DViento,139.47500000000002,359.9,0.0,0.0,0
2020,31826,HAire10,67.5,99.3,5.2,0.0,0
2020,31826,O3,11.0,34.1,2.4,0.0,0
2020,31826,P,139.47500000000002,432.725,37.1,0.0,0
2020,31826,PLiquida,0.1,22.2,0.0,0.0,0
2020,31826,PM10,28.3,79.2,8.9,1.0,0
2020,31826,PM2.5,15.1,45.1,4.7,4.0,0
2020,31826,RUVb,139.47500000000002,432.725,0.0,0.0,0
2020,31826,SO2,19.5,432.725,0.0,96.0,0
2020,31826,TAire10,15.0,25.7,0.4,0.0,0
2020,31826,VViento,1.3,5.5,0.0,0.0,0
2020,31827,CO,139.47500000000002,432.725,37.1,0.0,0
2020,31827,DViento,139.47500000000002,359.9,0.0,0.0,0
2020,31827,HAire10,70.2,99.3,7.5,0.0,0
2020,31827,NO2,15.1,61.7,0.0,0.0,0
2020,31827,O3,36.8,97.7,6.2,0.0,0
2020,31827,P,139.47500000000002,432.725,37.1,0.0,0
2020,31827,PLiquida,0.1,16.4,0.0,0.0,0
2020,31827,PM10,32.1,91.7,7.8,4.0,0
2020,31827,PM2.5,13.7,45.1,2.7,1.0,0
2020,31827,RUVb,139.47500000000002,432.725,0.0,0.0,0
2020,31827,SO2,10.4,43.3,1.4,0.0,0
2020,31827,TAire10,13.9,25.5,0.1,0.0,0
2020,31827,VViento,1.7,7.4,0.0,0.0,0
2020,31828,CO,139.47500000000002,432.725,0.0,0.0,0
2020,31828,DViento,86.1,358.7,0.0,0.0,0
2020,31828,HAire10,65.3,93.7,0.0,0.0,0
2020,31828,NO2,18.9,94.2,0.0,0.0,0
2020,31828,O3,39.6,102.4,2.5,2.0,0
2020,31828,P,139.47500000000002,432.725,37.1,0.0,0
2020,31828,PLiquida,0.1,40.1,0.0,0.0,0
2020,31828,PM10,30.2,154.6,0.3,200.0,0
2020,31828,PM2.5,18.0,59.7,5.2,7.0,0
2020,31828,RUVb,139.47500000000002,432.725,0.0,0.0,0
2020,31828,SO2,12.9,51.6,1.3,2.0,0
2020,31828,TAire10,15.1,43.0,1.0,0.0,0
2020,31828,VViento,1.2,6.0,0.0,0.0,0
2020,31829,CO,139.47500000000002,432.725,0.0,0.0,0
2020,31829,DViento,55.8,359.9,0.0,0.0,0
2020,31829,HAire10,79.0,99.4,0.0,0.0,0
2020,31829,NO,1.9,6.7,0.0,0.0,0
2020,31829,NO2,10.8,27.2,1.3,0.0,0
2020,31829,O3,21.3,60.0,0.6,0.0,0
2020,31829,P,139.47500000000002,432.725,0.0,0.0,0
2020,31829,PLiquida,0.1,54.4,0.0,0.0,0
2020,31829,PM10,22.4,66.1,5.8,0.0,0
2020,31829,PM2.5,17.0,135.0,0.0,178.0,0
2020,31829,RGlobal,139.47500000000002,432.725,0.0,0.0,0
2020,31829,SO2,1.9,176.5,0.0,3.0,0
2020,31829,TAire10,26.6,33.6,9.8,0.0,0
2020,31829,VViento,0.3,4.9,0.0,0.0,0
2020,31830,CO,139.47500000000002,432.725,6.9,0.0,0
2020,31830,DViento,38.0,360.0,0.0,0.0,0
2020,31830,HAire10,76.0,98.3,37.1,0.0,0
2020,31830,O3,45.4,89.3,10.0,0.0,0
2020,31830,P,139.47500000000002,432.725,37.1,0.0,0
2020,31830,PLiquida,0.7,61.8,0.0,0.0,0
2020,31830,PM10,37.2,83.0,15.0,5.0,0
2020,31830,PM2.5,14.7,70.5,0.2,29.0,0
2020,31830,RGlobal,139.47500000000002,432.725,0.0,0.0,0
2020,31830,SO2,1.0,6.9,0.0,0.0,0
2020,31830,TAire10,27.6,34.3,21.6,0.0,0
2020,31830,VViento,2.7,7.2,0.0,0.0,0
2020,31831,DViento,70.2,357.2,2.8,0.0,0
2020,31831,HAire10,67.4,89.4,37.1,0.0,0
2020,31831,P,139.47500000000002,432.725,37.1,0.0,0
2020,31831,PLiquida,2.6,47.9,0.0,0.0,0
2020,31831,PM10,17.7,41.1,6.2,0.0,0
2020,31831,PM2.5,6.6,12.6,2.2,0.0,0
2020,31831,RGlobal,139.47500000000002,334.2,23.5,0.0,0
2020,31831,SO2,6.8,17.2,2.4,0.0,0
2020,31831,TAire10,27.5,29.8,23.5,0.0,0
2020,31831,VViento,2.1,4.4,0.6,0.0,0
2020,31832,HAire10,67.4,91.5,37.1,0.0,0
2020,31832,P,139.47500000000002,432.725,37.1,0.0,0
2020,31832,PLiquida,1.4,40.0,0.0,0.0,0
2020,31832,PM10,26.0,68.1,6.3,0.0,0
2020,31832,PM2.5,9.7,27.2,2.9,0.0,0
2020,31832,RGlobal,139.47500000000002,239.1,20.8,0.0,0
2020,31832,SO2,3.7,9.4,0.8,0.0,0
2020,31832,TAire10,25.7,27.7,21.7,0.0,0
2020,31833,DViento,139.47500000000002,359.8,0.1,0.0,0
2020,31833,HAire10,82.6,98.8,37.1,0.0,0
2020,31833,P,139.47500000000002,432.725,37.1,0.0,0
2020,31833,PLiquida,0.8,41.4,0.0,0.0,0
2020,31833,PM10,32.9,45.7,13.6,0.0,0
2020,31833,PM2.5,14.6,20.1,10.1,0.0,0
2020,31833,RGlobal,139.47500000000002,258.1,24.9,0.0,0
2020,31833,SO2,0.7,1.1,0.1,0.0,0
2020,31833,TAire10,25.9,27.8,22.1,0.0,0
2020,31833,VViento,1.2,2.1,0.7,0.0,0
2020,31834,CO,139.47500000000002,432.725,37.1,0.0,0
2020,31834,NO,79.0,210.8,20.9,0.0,0
2020,31834,NO2,13.6,115.1,0.2,0.0,0
2020,31834,PM10,40.0,219.6,0.7,819.0,0
2020,31834,PM2.5,22.0,66.0,5.0,39.0,0
2020,31834,SO2,2.2,5.5,0.3,0.0,0
2020,31836,DViento,139.47500000000002,337.5,0.0,0.0,0
2020,31836,HAire10,76.5,100.0,37.1,0.0,0
2020,31836,PM2.5,13.3,89.0,4.0,11.0,0
2020,31836,TAire10,20.4,30.5,11.9,0.0,0
2020,31836,VViento,0.2,1.7,0.0,0.0,0
2020,31837,DViento,139.47500000000002,279.8,37.1,0.0,0
2020,31837,HAire10,56.0,70.0,37.1,0.0,0
2020,31837,PM2.5,11.2,17.1,7.0,0.0,0
2020,31837,TAire10,27.0,39.1,12.1,0.0,0
2020,31837,VViento,0.4,1.2,0.0,0.0,0
2020,31838,DViento,128.8,359.8,0.0,0.0,0
2020,31838,HAire10,36.9,60.0,30.0,0.0,0
2020,31838,PM2.5,11.1,22.2,6.1,0.0,0
2020,31838,TAire10,16.7,24.6,10.7,0.0,0
2020,31838,VViento,1.1,3.2,0.0,0.0,0
2020,31839,DViento,95.4,359.6,0.4,0.0,0
2020,31839,HAire10,59.0,91.0,25.0,0.0,0
2020,31839,PM2.5,19.4,105.0,4.0,58.0,0
2020,31839,TAire10,28.5,37.3,21.2,0.0,0
2020,31839,VViento,0.5,2.6,0.0,0.0,0
2020,31840,DViento,139.47500000000002,337.5,0.0,0.0,0
2020,31840,HAire10,73.1,89.0,33.0,0.0,0
2020,31840,TAire10,30.9,42.7,25.1,0.0,0
2020,31840,VViento,0.1,2.7,0.0,0.0,0
2020,31841,CO,139.47500000000002,432.725,37.1,0.0,0
2020,31841,NO,21.1,189.2,0.1,0.0,0
2020,31841,NO2,32.3,126.9,3.8,0.0,0
2020,31841,O3,27.2,83.5,1.1,0.0,0
2020,31841,PM10,30.3,105.6,3.7,20.0,0
2020,31841,PM2.5,15.0,58.0,1.4,49.0,0
2020,31841,SO2,8.7,15.4,3.5,0.0,0
2020,31842,PM10,37.8,77.4,16.9,1.0,0
2020,31843,PM10,37.4,75.0,12.7,0.0,0
2020,31844,PM10,33.4,69.9,12.6,0.0,0
2020,31845,PM10,30.8,199.1,7.5,8.0,0
2020,31845,PM2.5,15.8,60.6,3.8,5.0,0
2020,31847,PM10,65.4,84.1,37.1,2.0,0
2020,31849,PM10,58.6,85.4,25.4,9.0,0
2020,31850,CO,139.47500000000002,432.725,37.1,0.0,0
2020,31850,NO,10.5,147.5,0.1,0.0,0
2020,31850,NO2,20.7,87.3,3.0,0.0,0
2020,31850,O3,28.5,84.3,0.5,0.0,0
2020,31850,PM10,37.4,66.7,12.9,0.0,0
2020,31850,PM2.5,15.6,32.5,5.9,0.0,0
2020,31850,SO2,5.6,11.3,1.1,0.0,0
2020,31851,DViento,139.47500000000002,337.7,0.0,0.0,0
2020,31851,HAire10,28.0,34.0,23.4,0.0,0
2020,31851,PM10,37.3,234.0,6.0,23.0,0
2020,31851,TAire10,28.3,34.7,22.7,0.0,0
2020,31851,VViento,0.4,1.3,0.0,0.0,0
2020,31852,DViento,139.47500000000002,359.0,0.0,0.0,0
2020,31852,HAire10,79.1,100.0,24.3,0.0,0
2020,31852,O3,31.2,138.9,0.3,40.0,0
2020,31852,P,139.47500000000002,432.725,37.1,0.0,0
2020,31852,PLiquida,0.1,4.1,0.0,0.0,0
2020,31852,TAire10,20.8,30.0,14.5,0.0,0
2020,31852,VViento,1.1,8.9,0.0,0.0,0
2020,31853,PM10,44.1,94.7,12.1,11.0,0
2020,31854,DViento,1.8,360.0,0.0,0.0,0
2020,31854,HAire10,65.7,88.9,20.4,0.0,0
2020,31854,NO,44.0,432.725,0.0,0.0,0
2020,31854,NO2,39.5,138.6,0.0,0.0,0
2020,31854,O3,25.8,98.8,0.4,0.0,0
2020,31854,P,139.47500000000002,432.725,37.1,0.0,0
2020,31854,PLiquida,0.2,20.2,0.0,0.0,0
2020,31854,PM2.5,22.4,98.0,0.5,865.0,0
2020,31854,RGlobal,139.47500000000002,432.725,0.0,0.0,0
2020,31854,TAire10,22.6,32.3,15.6,0.0,0
2020,31854,VViento,2.3,4.1,0.8,0.0,0
2020,31855,DViento,71.5,359.0,0.0,0.0,0
2020,31855,HAire10,86.0,100.0,25.9,0.0,0
2020,31855,P,139.47500000000002,432.725,37.1,0.0,0
2020,31855,PLiquida,0.1,9.0,0.0,0.0,0
2020,31855,PM2.5,11.4,58.2,3.2,12.0,0
2020,31855,TAire10,14.0,21.0,9.4,0.0,0
2020,31855,VViento,2.8,10.2,0.0,0.0,0
2020,31856,DViento,89.7,347.0,23.0,0.0,0
2020,31856,HAire10,79.8,99.0,37.1,0.0,0
2020,31856,O3,26.0,54.8,3.6,0.0,0
2020,31856,P,139.47500000000002,432.725,37.1,0.0,0
2020,31856,PLiquida,0.2,0.3,0.0,0.0,0
2020,31856,PM10,24.5,55.0,5.0,0.0,0
2020,31856,PM2.5,11.3,25.0,1.0,0.0,0
2020,31856,SO2,21.9,142.2,0.3,2.0,0
2020,31856,TAire10,20.5,26.6,14.9,0.0,0
2020,31856,VViento,2.0,6.0,0.1,0.0,0
2020,31857,CO,139.47500000000002,432.725,37.1,0.0,0
2020,31857,DViento,90.0,338.0,0.0,0.0,0
2020,31857,HAire10,73.0,96.0,27.0,0.0,0
2020,31857,NO2,9.5,47.3,0.4,0.0,0
2020,31857,O3,30.5,68.6,2.7,0.0,0
2020,31857,P,139.47500000000002,432.725,37.1,0.0,0
2020,31857,PLiquida,0.3,28.4,0.0,0.0,0
2020,31857,PM10,21.6,103.4,3.2,9.0,0
2020,31857,PM2.5,10.4,64.6,0.6,40.0,0
2020,31857,SO2,1.9,10.1,1.0,0.0,0
2020,31857,TAire10,18.4,26.6,11.9,0.0,0
2020,31857,VViento,0.7,4.0,0.0,0.0,0
2020,31873,CO,139.47500000000002,432.725,37.1,0.0,0
2020,31873,NO,21.8,271.4,0.1,0.0,0
2020,31873,NO2,37.0,139.9,5.1,0.0,0
2020,31873,O3,27.1,86.6,0.6,0.0,0
2020,31873,PM10,32.3,127.9,2.6,58.0,0
2020,31873,PM2.5,15.7,36.6,4.3,0.0,0
2020,31873,SO2,4.1,8.7,1.2,0.0,0
2020,31874,CO,139.47500000000002,432.725,37.1,0.0,0
2020,31874,NO,22.1,194.3,0.1,0.0,0
2020,31874,NO2,29.3,108.5,4.7,0.0,0
2020,31874,O3,27.4,67.9,1.7,0.0,0
2020,31874,PM10,43.8,164.1,3.8,160.0,0
2020,31874,PM2.5,22.6,48.3,6.5,3.0,0
2020,31874,SO2,7.0,31.9,0.3,0.0,0
2021,8204,DViento,139.47500000000002,360.0,0.0,0.0,0
2021,8204,HAire2,84.0,94.5,37.1,0.0,0
2021,8204,PLiquida,0.1,43.2,0.0,0.0,0
2021,8204,PM10,28.6,110.0,2.2,29.0,0
2021,8204,RGlobal,139.47500000000002,432.725,0.0,0.0,0
2021,8204,RUVb,2.4,20.0,0.0,0.0,0
2021,8204,TAire2,25.5,33.0,19.2,0.0,0
2021,8204,VViento,1.4,5.2,0.0,0.0,0
2021,8205,DViento,139.47500000000002,356.4,11.7,0.0,0
2021,8205,HAire2,74.2,100.0,37.1,0.0,0
2021,8205,O3,26.9,90.2,2.5,0.0,0
2021,8205,P,139.47500000000002,432.725,37.1,0.0,0
2021,8205,PLiquida,0.1,28.8,0.0,0.0,0
2021,8205,RGlobal,139.47500000000002,432.725,0.0,0.0,0
2021,8205,RUVb,2.0,22.0,0.0,0.0,0
2021,8205,TAire2,24.9,33.4,19.2,0.0,0
2021,8205,VViento,1.1,8.0,0.0,0.0,0
2021,8207,CO,139.47500000000002,432.725,37.1,0.0,0
2021,8207,DViento,131.0,360.0,0.0,0.0,0
2021,8207,NO,10.6,181.6,0.0,0.0,0
2021,8207,NO2,18.0,104.4,0.0,0.0,0
2021,8207,O3,32.7,93.8,2.8,0.0,0
2021,8207,PLiquida,0.1,40.0,0.0,0.0,0
2021,8207,PM10,19.6,44.4,3.4,0.0,0
2021,8207,PM2.5,10.8,27.8,1.0,0.0,0
2021,8207,SO2,2.1,10.1,0.2,0.0,0
2021,8207,TAire2,14.6,23.5,6.8,0.0,0
2021,8207,VViento,1.4,6.8,0.0,0.0,0
2021,8208,CO,139.47500000000002,432.725,0.0,0.0,0
2021,8208,DViento,44.0,360.0,0.0,0.0,0
2021,8208,HAire2,63.9,86.0,17.0,0.0,0
2021,8208,NO,20.2,374.2,0.0,0.0,0
2021,8208,NO2,30.6,122.1,1.3,0.0,0
2021,8208,O3,24.1,99.6,0.0,0.0,0
2021,8208,P,139.47500000000002,432.725,37.1,0.0,0
2021,8208,PLiquida,0.2,27.5,0.0,0.0,0
2021,8208,PM10,21.8,99.8,2.1,4.0,0
2021,8208,PM2.5,13.7,34.6,2.2,0.0,0
2021,8208,TAire2,14.3,23.6,7.3,0.0,0
2021,8208,VViento,1.9,6.6,0.0,0.0,0
2021,8210,CO,139.47500000000002,432.725,0.0,0.0,0
2021,8210,DViento,139.47500000000002,360.0,0.0,0.0,0
2021,8210,NO,10.5,121.2,0.0,0.0,0
2021,8210,NO2,21.4,84.9,2.6,0.0,0
2021,8210,O3,24.3,103.1,0.9,2.0,0
2021,8210,PLiquida,0.2,29.3,0.0,0.0,0
2021,8210,PM10,29.6,149.0,0.0,156.0,0
2021,8210,PM2.5,12.9,32.8,1.8,0.0,0
2021,8210,SO2,2.4,16.1,0.1,0.0,0
2021,8210,TAire2,14.7,27.1,5.1,0.0,0
2021,8210,VViento,1.3,8.1,0.0,0.0,0
2021,8211,CO,139.47500000000002,432.725,16.4,0.0,0
2021,8211,DViento,139.47500000000002,360.0,0.0,0.0,0
2021,8211,HAire2,69.1,88.1,20.0,0.0,0
2021,8211,NO,35.4,418.4,0.0,0.0,0
2021,8211,NO2,19.2,122.8,0.0,0.0,0
2021,8211,O3,22.9,93.1,0.4,0.0,0
2021,8211,P,139.47500000000002,432.725,37.1,0.0,0
2021,8211,PLiquida,0.1,19.0,0.0,0.0,0
2021,8211,PM10,25.9,54.8,11.1,0.0,0
2021,8211,PM2.5,12.7,30.8,3.2,0.0,0
2021,8211,RGlobal,139.47500000000002,432.725,0.0,0.0,0
2021,8211,TAire2,14.8,25.5,4.0,0.0,0
2021,8211,VViento,1.5,5.9,0.0,0.0,0
2021,8213,CO,139.47500000000002,432.725,37.1,0.0,0
2021,8213,DViento,139.47500000000002,360.0,0.0,0.0,0
2021,8213,HAire2,67.7,88.7,21.0,0.0,0
2021,8213,NO,16.7,193.5,0.0,0.0,0
2021,8213,NO2,26.3,100.7,2.1,0.0,0
2021,8213,O3,23.9,117.1,0.3,7.0,0
2021,8213,PLiquida,0.1,23.9,0.0,0.0,0
2021,8213,PM10,21.7,94.3,0.7,17.0,0
2021,8213,PM2.5,12.6,36.0,1.4,0.0,0
2021,8213,RGlobal,139.47500000000002,432.725,0.0,0.0,0
2021,8213,SO2,2.6,6.6,0.3,0.0,0
2021,8213,TAire2,14.8,26.2,4.4,0.0,0
2021,8213,VViento,1.2,6.6,0.0,0.0,0
2021,8214,CO,139.47500000000002,432.725,0.0,0.0,0
2021,8214,DViento,139.47500000000002,360.0,0.0,0.0,0
2021,8214,HAire2,64.1,85.0,18.0,0.0,0
2021,8214,NO,26.2,261.6,0.0,0.0,0
2021,8214,NO2,37.5,127.4,0.0,0.0,0
2021,8214,O3,29.9,136.2,0.9,38.0,0
2021,8214,PLiquida,1.0,15.3,0.0,0.0,0
2021,8214,PM10,43.5,142.9,4.3,595.0,0
2021,8214,PM2.5,20.8,44.0,4.9,5.0,0
2021,8214,RGlobal,139.47500000000002,432.725,0.0,0.0,0
2021,8214,SO2,4.5,12.4,0.4,0.0,0
2021,8214,TAire2,15.5,26.2,6.9,0.0,0
2021,8214,VViento,2.0,3.5,0.6,0.0,0
2021,8215,CO,139.47500000000002,432.725,37.1,0.0,0
2021,8215,DViento,93.0,360.0,0.0,0.0,0
2021,8215,NO,15.1,126.3,0.1,0.0,0
2021,8215,NO2,26.6,124.9,1.5,0.0,0
2021,8215,O3,26.4,118.4,0.1,13.0,0
2021,8215,PLiquida,0.1,21.1,0.0,0.0,0
2021,8215,PM10,19.3,94.4,1.0,14.0,0
2021,8215,PM2.5,11.9,30.8,2.5,0.0,0
2021,8215,VViento,1.1,8.9,0.0,0.0,0
2021,8216,CO,139.47500000000002,432.725,37.1,0.0,0
2021,8216,DViento,139.47500000000002,360.0,0.0,0.0,0
2021,8216,HAire2,70.9,94.0,34.0,0.0,0
2021,8216,NO,22.9,260.5,0.0,0.0,0
2021,8216,NO2,34.7,127.1,0.0,0.0,0
2021,8216,O3,14.8,83.5,0.0,0.0,0
2021,8216,P,139.47500000000002,432.725,37.1,0.0,0
2021,8216,PLiquida,0.1,14.2,0.0,0.0,0
2021,8216,PM10,32.2,146.7,1.4,263.0,0
2021,8216,PM2.5,21.1,98.5,0.0,907.0,0
2021,8216,RGlobal,139.47500000000002,432.725,0.0,0.0,0
2021,8216,SO2,3.9,12.5,1.0,0.0,0
2021,8216,TAire2,14.2,22.5,8.0,0.0,0
2021,8216,VViento,1.8,7.3,0.0,0.0,0
2021,8218,CO,139.47500000000002,432.725,37.1,0.0,0
2021,8218,DViento,136.0,360.0,0.0,0.0,0
2021,8218,NO,71.7,396.1,0.1,0.0,0
2021,8218,NO2,47.6,134.2,1.8,0.0,0
2021,8218,O3,13.5,78.9,0.4,0.0,0
2021,8218,PLiquida,0.1,33.9,0.0,0.0,0
2021,8218,PM10,68.5,280.0,4.0,2670.0,0
2021,8218,PM2.5,34.5,66.7,10.9,117.0,0
2021,8218,SO2,15.5,375.2,2.2,102.0,0
2021,8218,TAire2,15.7,25.2,8.1,0.0,0
2021,8218,VViento,1.7,5.8,0.0,0.0,0
2021,8219,CO,139.47500000000002,432.725,0.0,0.0,0
2021,8219,DViento,137.0,359.0,0.0,0.0,0
2021,8219,HAire2,63.0,88.0,20.0,0.0,0
2021,8219,NO,20.8,299.7,0.0,0.0,0
2021,8219,NO2,27.7,155.0,0.0,0.0,0
2021,8219,O3,25.8,96.7,1.9,0.0,0
2021,8219,P,139.47500000000002,432.725,37.1,0.0,0
2021,8219,PLiquida,0.1,21.9,0.0,0.0,0
2021,8219,PM10,34.7,204.0,0.0,628.0,0
2021,8219,PM2.5,14.4,171.0,0.0,382.0,0
2021,8219,RGlobal,139.47500000000002,432.725,0.0,0.0,0
2021,8219,SO2,5.6,14.9,0.2,0.0,0
2021,8219,TAire2,15.1,26.8,3.5,0.0,0
2021,8219,VViento,1.2,4.9,0.0,0.0,0
2021,8234,PM10,30.2,45.0,17.0,0.0,0
2021,8235,CO,139.47500000000002,432.725,37.1,0.0,0
2021,8235,O3,29.0,91.8,3.3,0.0,0
2021,8235,PM10,22.0,47.0,8.0,0.0,0
2021,8235,PM2.5,15.0,30.0,4.0,0.0,0
2021,8235,SO2,6.7,13.8,3.0,0.0,0
2021,8243,CO,139.47500000000002,432.725,37.1,0.0,0
2021,8243,NO2,36.6,136.4,0.3,0.0,0
2021,8243,PM10,26.4,107.3,3.4,21.0,0
2021,8243,PM2.5,13.2,33.5,3.8,0.0,0
2021,8243,SO2,8.9,41.2,1.6,0.0,0
2021,8247,CO,139.47500000000002,432.725,13.7,0.0,0
2021,8247,NO2,11.0,94.0,0.2,0.0,0
2021,8247,PM10,18.0,169.0,1.0,125.0,0
2021,8247,SO2,7.6,28.4,2.1,0.0,0
2021,8248,NO2,17.3,70.0,1.9,0.0,0
2021,8248,PM10,23.5,121.3,2.6,15.0,0
2021,8248,PM2.5,11.9,60.7,1.2,36.0,0
2021,8248,SO2,2.9,15.2,0.7,0.0,0
2021,8249,CO,139.47500000000002,432.725,37.1,0.0,0
2021,8249,NO2,13.5,59.9,1.8,0.0,0
2021,8249,O3,24.1,81.9,0.8,0.0,0
2021,8249,PM10,15.2,40.0,4.7,0.0,0
2021,8249,PM2.5,8.1,24.0,3.2,0.0,0
2021,8249,SO2,1.8,9.7,0.3,0.0,0
2021,8250,NO2,17.1,59.2,0.9,0.0,0
2021,8250,PM10,18.2,116.2,1.2,8.0,0
2021,8250,PM2.5,8.7,24.6,2.4,0.0,0
2021,8250,SO2,6.4,35.3,1.3,0.0,0
2021,8251,NO2,17.8,124.2,0.1,0.0,0
2021,8251,PM10,104.6,288.6,21.6,94.0,0
2021,8251,PM2.5,58.7,176.5,8.8,100.0,0
2021,8251,SO2,39.6,93.3,11.6,63.0,0
2021,8252,NO2,19.6,65.6,0.6,0.0,0
2021,8252,PM10,36.8,432.725,1.0,791.0,0
2021,8252,PM2.5,13.2,99.7,1.0,278.0,0
2021,8252,SO2,6.6,109.7,0.2,5.0,0
2021,8254,NO2,13.2,93.6,1.0,0.0,0
2021,8254,PM10,27.5,194.0,2.0,213.0,0
2021,8254,PM2.5,8.3,26.9,2.4,0.0,0
2021,8254,SO2,10.4,22.7,2.9,0.0,0
2021,8258,PM10,25.7,34.9,14.8,0.0,0
2021,8285,O3,15.0,64.3,0.4,0.0,0
2021,8285,PM2.5,23.9,124.0,0.0,326.0,0
2021,8285,SO2,7.8,14.1,3.2,0.0,0
2021,8285,TAire2,25.6,36.6,18.6,0.0,0
2021,8288,DViento,0.6,360.0,0.0,0.0,0
2021,8288,HAire2,76.6,98.5,37.1,0.0,0
2021,8288,O3,25.8,88.3,1.3,0.0,0
2021,8288,P,139.47500000000002,432.725,37.1,0.0,0
2021,8288,PLiquida,0.3,63.7,0.0,0.0,0
2021,8288,PM10,31.3,117.0,1.0,8.0,0
2021,8288,PM2.5,11.5,23.2,4.7,0.0,0
2021,8288,RGlobal,139.47500000000002,432.725,0.0,0.0,0
2021,8288,TAire2,24.6,34.9,16.8,0.0,0
2021,8288,VViento,2.2,18.5,0.0,0.0,0
2021,8291,DViento,97.4,165.9,37.1,0.0,0
2021,8291,HAire2,80.6,100.0,27.1,0.0,0
2021,8291,O3,14.5,62.6,4.0,0.0,0
2021,8291,P,139.47500000000002,432.725,37.1,0.0,0
2021,8291,PLiquida,0.1,44.0,0.0,0.0,0
2021,8291,PM10,18.0,39.0,6.3,0.0,0
2021,8291,PM2.5,13.7,38.0,0.0,1.0,0
2021,8291,RGlobal,139.47500000000002,432.725,0.0,0.0,0
2021,8291,TAire2,23.3,33.7,15.8,0.0,0
2021,8291,VViento,0.6,4.7,0.0,0.0,0
2021,8775,DViento,139.47500000000002,346.0,12.0,0.0,0
2021,8775,HAire2,76.7,100.0,28.0,0.0,0
2021,8775,NO,5.6,135.1,0.0,0.0,0
2021,8775,O3,13.2,52.8,0.0,0.0,0
2021,8775,P,139.47500000000002,432.725,37.1,0.0,0
2021,8775,PLiquida,3.9,432.725,0.0,0.0,0
2021,8775,PM10,22.6,155.6,0.0,46.0,0
2021,8775,PM2.5,10.6,48.0,3.5,2.0,0
2021,8775,TAire2,23.7,33.9,16.8,0.0,0
2021,8775,VViento,1.2,4.1,0.1,0.0,0
2021,8776,DViento,78.0,353.0,0.0,0.0,0
2021,8776,HAire2,79.4,98.3,31.1,0.0,0
2021,8776,P,139.47500000000002,432.725,37.1,0.0,0
2021,8776,PM10,40.0,64.6,12.0,0.0,0
2021,8776,PM2.5,16.8,52.8,3.8,3.0,0
2021,8776,TAire2,25.0,36.1,13.6,0.0,0
2021,8776,VViento,1.2,4.9,0.0,0.0,0
2021,8777,DViento,139.47500000000002,326.0,0.0,0.0,0
2021,8777,HAire2,77.9,100.0,30.4,0.0,0
2021,8777,NO2,8.2,41.6,1.0,0.0,0
2021,8777,P,139.47500000000002,432.725,37.1,0.0,0
2021,8777,PM10,18.0,48.3,7.0,0.0,0
2021,8777,PM2.5,10.3,20.7,4.5,0.0,0
2021,8777,TAire2,23.9,33.6,16.7,0.0,0
2021,8777,VViento,1.2,5.5,0.0,0.0,0
2021,8970,PM10,20.6,28.0,0.0,0.0,0
2021,8973,PM10,22.5,41.1,0.0,0.0,0
2021,8978,PM10,17.2,29.6,0.0,0.0,0
2021,8980,PM10,23.6,33.3,10.8,0.0,0
2021,8983,PM10,17.4,31.1,7.1,0.0,0
2021,8984,PM10,14.9,27.7,0.0,0.0,0
2021,8986,DViento,17.8,360.0,0.0,0.0,0
2021,8986,HAire2,70.2,90.7,37.1,0.0,0
2021,8986,P,139.47500000000002,432.725,37.1,0.0,0
2021,8986,PLiquida,0.1,24.1,0.0,0.0,0
2021,8986,PM10,38.2,71.2,18.7,0.0,0
2021,8986,PM2.5,17.6,30.9,7.6,0.0,0
2021,8986,RGlobal,139.47500000000002,432.725,0.0,0.0,0
2021,8986,TAire2,24.2,34.6,17.1,0.0,0
2021,8986,VViento,0.7,4.1,0.0,0.0,0
2021,8990,PM10,25.3,41.0,11.0,0.0,0
2021,8994,PM10,16.0,42.0,5.0,0.0,0
2021,9023,CO,139.47500000000002,432.725,37.1,0.0,0
2021,9023,DViento,20.7,359.2,1.0,0.0,0
2021,9023,HAire2,71.1,99.8,20.5,0.0,0
2021,9023,NO,59.3,271.3,0.0,0.0,0
2021,9023,NO2,36.9,143.4,0.4,0.0,0
2021,9023,P,139.47500000000002,432.725,37.1,0.0,0
2021,9023,PLiquida,0.1,11.7,0.0,0.0,0
2021,9023,PM10,33.3,63.0,12.7,0.0,0
2021,9023,TAire2,22.0,31.5,15.6,0.0,0
2021,9023,VViento,0.7,7.2,0.0,0.0,0
2021,9024,PM10,28.1,62.4,6.3,0.0,0
2021,9025,PM10,44.0,92.8,16.9,1.0,0
2021,9026,PM10,37.6,81.8,8.5,4.0,0
2021,9026,PM2.5,18.8,42.2,2.6,2.0,0
2021,9027,PM10,35.9,133.8,7.4,5.0,0
2021,9027,PM2.5,10.2,36.3,1.6,0.0,0
2021,9039,PM10,32.2,70.4,6.0,0.0,0
2021,9041,PM10,22.6,54.4,6.7,0.0,0
2021,9042,PM10,27.8,94.0,9.0,2.0,0
2021,9042,PM2.5,14.0,47.0,1.8,3.0,0
2021,9043,PM10,32.7,74.6,9.2,0.0,0
2021,9043,PM2.5,2.7,11.8,1.2,0.0,0
2021,9044,PM10,24.5,81.2,7.7,1.0,0
2021,9044,PM2.5,5.3,16.0,1.5,0.0,0
2021,9048,PM10,32.1,90.8,7.7,2.0,0
2021,9048,PM2.5,13.1,58.2,3.5,1.0,0
2021,9050,PM10,16.0,54.0,2.1,0.0,0
2021,9050,PM2.5,5.0,16.6,0.8,0.0,0
2021,9051,PM10,37.5,125.7,6.9,9.0,0
2021,9051,PM2.5,13.5,42.2,1.9,1.0,0
2021,9053,PM10,30.7,323.5,4.7,2.0,0
2021,9056,PM10,32.3,98.6,6.6,4.0,0
2021,9060,PM2.5,21.2,39.8,4.1,3.0,0
2021,9085,PM10,17.8,38.6,5.1,0.0,0
2021,9101,PM10,23.2,48.5,6.6,0.0,0
2021,9102,PM10,26.4,52.2,8.5,0.0,0
2021,9117,PM10,9.0,15.4,2.4,0.0,0
2021,9166,NO2,39.2,90.9,5.2,0.0,0
2021,9166,PM10,26.4,40.5,11.1,0.0,0
2021,9166,PM2.5,13.7,55.6,1.6,3.0,0
2021,9166,SO2,4.5,27.9,0.2,0.0,0
2021,19566,PM10,44.2,158.7,5.6,36.0,0
2021,19566,PM2.5,20.0,75.5,1.0,31.0,0
2021,19566,SO2,13.8,164.3,0.3,31.0,0
2021,19661,PM10,22.6,32.1,4.9,0.0,0
2021,19662,PM10,25.9,45.1,13.0,0.0,0
2021,19662,PM2.5,11.7,20.1,4.2,0.0,0
2021,19664,PM10,16.5,31.6,4.3,0.0,0
2021,19665,PM10,17.5,28.9,3.6,0.0,0
2021,20383,DViento,139.47500000000002,337.5,0.0,0.0,0
2021,20383,HAire2,68.6,88.0,37.1,0.0,0
2021,20383,PLiquida,0.3,47.5,0.0,0.0,0
2021,20383,PM10,51.9,211.0,4.0,99.0,0
2021,20383,PM2.5,19.5,37.7,7.1,1.0,0
2021,20383,TAire2,20.3,33.9,13.4,0.0,0
2021,20383,VViento,0.1,1.6,0.0,0.0,0
2021,20385,PM10,38.7,69.4,12.6,0.0,0
2021,26179,PM10,56.3,171.9,17.3,19.0,0
2021,26181,PM10,37.3,153.5,11.1,8.0,0
2021,26182,PM10,38.6,156.0,10.9,7.0,0
2021,26184,PM10,47.6,129.8,8.3,12.0,0
2021,26190,HAire2,72.5,99.6,37.1,0.0,0
2021,26190,P,139.47500000000002,432.725,37.1,0.0,0
2021,26190,TAire2,26.0,33.9,19.6,0.0,0
2021,26191,PM10,20.4,31.1,8.2,0.0,0
2021,26191,PM2.5,41.7,432.725,0.0,7.0,0
2021,26288,PM10,40.7,53.2,33.1,0.0,0
2021,26288,PM2.5,14.1,17.1,8.8,0.0,0
2021,26288,SO2,19.8,24.8,14.1,0.0,0
2021,28202,CO,139.47500000000002,432.725,37.1,0.0,0
2021,28202,DViento,92.0,360.0,0.0,0.0,0
2021,28202,HAire2,70.5,96.0,27.0,0.0,0
2021,28202,NO,8.8,147.3,0.1,0.0,0
2021,28202,NO2,24.4,152.6,3.8,0.0,0
2021,28202,O3,24.4,98.1,0.9,0.0,0
2021,28202,PLiquida,0.3,39.5,0.0,0.0,0
2021,28202,PM10,20.6,50.6,4.8,0.0,0
2021,28202,PM2.5,13.0,35.7,1.0,0.0,0
2021,28202,RGlobal,139.47500000000002,432.725,0.0,0.0,0
2021,28202,TAire2,13.7,22.4,6.2,0.0,0
2021,28202,VViento,1.3,5.6,0.0,0.0,0
2021,28203,CO,139.47500000000002,432.725,37.1,0.0,0
2021,28203,NO,16.1,340.6,0.0,0.0,0
2021,28203,NO2,37.1,82.3,7.9,0.0,0
2021,28203,O3,9.4,43.3,0.0,0.0,0
2021,28203,PLiquida,0.1,19.3,0.0,0.0,0
2021,28203,PM10,33.2,162.1,0.1,298.0,0
2021,28203,PM2.5,14.3,34.7,2.8,0.0,0
2021,28203,SO2,3.1,12.8,0.2,0.0,0
2021,28625,PM10,14.9,29.3,7.1,0.0,0
2021,29384,PM10,37.9,44.7,31.1,0.0,0
2021,29384,PM2.5,13.7,16.3,11.6,0.0,0
2021,29384,SO2,15.8,19.4,11.7,0.0,0
2021,29493,DViento,139.47500000000002,359.9,0.9,0.0,0
2021,29493,HAire2,64.2,87.6,15.0,0.0,0
2021,29493,NO,20.0,128.0,0.0,0.0,0
2021,29493,NO2,25.4,118.9,0.0,0.0,0
2021,29493,P,139.47500000000002,432.725,37.1,0.0,0
2021,29493,PM2.5,21.2,91.0,0.0,605.0,0
2021,29493,RGlobal,104.1,432.725,0.0,0.0,0
2021,29493,TAire2,21.7,30.4,15.4,0.0,0
2021,29493,VViento,0.8,4.0,0.0,0.0,0
2021,29501,DViento,50.6,356.7,1.0,0.0,0
2021,29501,HAire2,83.5,100.0,35.7,0.0,0
2021,29501,O3,26.2,87.7,1.9,0.0,0
2021,29501,P,139.47500000000002,432.725,37.1,0.0,0
2021,29501,PLiquida,0.1,9.2,0.0,0.0,0
2021,29501,TAire2,21.3,30.0,13.9,0.0,0
2021,29501,VViento,1.5,7.3,0.0,0.0,0
2021,29502,DViento,118.5,350.8,19.3,0.0,0
2021,29502,HAire2,70.3,93.0,19.0,0.0,0
2021,29502,O3,21.7,94.6,0.0,0.0,0
2021,29502,P,139.47500000000002,432.725,37.1,0.0,0
2021,29502,PM10,33.3,129.0,0.0,101.0,0
2021,29502,RGlobal,139.47500000000002,432.725,0.0,0.0,0
2021,29502,TAire2,21.0,29.7,12.8,0.0,0
2021,29502,VViento,1.0,4.6,0.0,0.0,0
2021,29509,NO,34.3,432.725,0.0,0.0,0
2021,29509,NO2,39.4,219.5,0.0,1.0,0
2021,29509,PM10,47.0,95.2,18.7,4.0,0
2021,29509,PM2.5,25.3,60.6,10.3,6.0,0
2021,29509,SO2,13.6,106.5,0.2,1.0,0
2021,29511,DViento,139.47500000000002,355.4,3.8,0.0,0
2021,29511,HAire2,84.8,100.0,32.9,0.0,0
2021,29511,O3,27.8,115.8,3.3,40.0,0
2021,29511,P,139.47500000000002,432.725,37.1,0.0,0
2021,29511,PLiquida,0.1,5.3,0.0,0.0,0
2021,29511,PM10,31.4,52.2,15.4,0.0,0
2021,29511,PM2.5,16.9,38.0,6.8,1.0,0
2021,29511,TAire2,19.5,27.9,13.9,0.0,0
2021,29511,VViento,0.9,9.0,0.0,0.0,0
2021,29529,DViento,139.47500000000002,356.9,4.0,0.0,0
2021,29529,HAire2,77.4,100.0,25.5,0.0,0
2021,29529,O3,22.5,115.5,1.1,10.0,0
2021,29529,P,139.47500000000002,432.725,37.1,0.0,0
2021,29529,PLiquida,0.1,11.0,0.0,0.0,0
2021,29529,TAire2,21.0,30.1,14.4,0.0,0
2021,29529,VViento,0.9,7.4,0.0,0.0,0
2021,29574,PM10,24.1,304.5,1.4,2.0,0
2021,29586,NO2,19.6,116.2,0.9,0.0,0
2021,29586,PM2.5,23.9,139.0,1.0,1571.0,0
2021,29586,SO2,22.6,69.6,2.4,10.0,0
2021,29600,DViento,139.47500000000002,360.0,0.0,0.0,0
2021,29600,HAire2,82.2,100.0,30.1,0.0,0
2021,29600,O3,26.9,101.1,0.0,2.0,0
2021,29600,P,139.47500000000002,432.725,37.1,0.0,0
2021,29600,PLiquida,0.1,10.7,0.0,0.0,0
2021,29600,PM2.5,17.0,42.2,6.1,1.0,0
2021,29600,TAire2,18.8,28.3,12.8,0.0,0
2021,29600,VViento,1.1,10.1,0.0,0.0,0
2021,29615,CO,139.47500000000002,432.725,37.1,0.0,0
2021,29615,NO2,25.2,77.8,2.5,0.0,0
2021,29615,PM10,27.8,212.7,2.6,135.0,0
2021,29615,PM2.5,14.5,100.0,1.0,240.0,0
2021,29615,SO2,21.2,50.6,2.8,1.0,0
2021,29617,NO2,13.2,50.5,0.3,0.0,0
2021,29617,PM10,27.0,170.0,4.0,61.0,0
2021,29617,PM2.5,18.9,34.9,6.8,0.0,0
2021,29617,SO2,6.9,20.8,1.1,0.0,0
2021,29962,PM10,40.2,48.0,33.4,0.0,0
2021,29962,PM2.5,13.8,17.0,9.4,0.0,0
2021,29962,SO2,15.5,19.8,11.7,0.0,0
2021,30003,PM10,28.6,76.6,6.0,1.0,0
2021,30004,DViento,139.47500000000002,360.0,0.0,0.0,0
2021,30004,HAire2,67.3,97.5,21.6,0.0,0
2021,30004,O3,17.1,70.3,0.7,0.0,0
2021,30004,PLiquida,139.47500000000002,432.725,0.0,0.0,0
2021,30004,PM10,51.9,87.7,23.7,5.0,0
2021,30004,PM2.5,12.7,21.2,6.5,0.0,0
2021,30004,RGlobal,139.47500000000002,432.725,0.0,0.0,0
2021,30004,TAire2,26.2,37.5,19.3,0.0,0
2021,30004,VViento,1.2,6.5,0.0,0.0,0
2021,30040,PM10,23.8,171.5,2.2,232.0,0
2021,30040,PM2.5,13.1,50.0,2.4,9.0,0
2021,30040,SO2,12.0,42.2,1.5,0.0,0
2021,30044,PM10,27.0,109.4,0.0,55.0,0
2021,30044,SO2,19.0,52.1,3.5,1.0,0
2021,30057,PM10,33.8,60.1,9.4,0.0,0
2021,30090,PM10,18.0,39.6,3.9,0.0,0
2021,30109,DViento,139.47500000000002,348.1,15.8,0.0,0
2021,30109,HAire2,77.2,100.0,27.4,0.0,0
2021,30109,P,139.47500000000002,432.725,37.1,0.0,0
2021,30109,PLiquida,0.2,34.0,0.0,0.0,0
2021,30109,PM10,33.7,54.0,15.5,0.0,0
2021,30109,PM2.5,11.9,79.3,0.4,15.0,0
2021,30109,RGlobal,139.47500000000002,432.725,0.0,0.0,0
2021,30109,SO2,1.3,1.9,0.9,0.0,0
2021,30109,TAire2,23.9,32.9,16.4,0.0,0
2021,30109,VViento,1.3,7.2,0.1,0.0,0
2021,30110,DViento,139.47500000000002,360.0,0.0,0.0,0
2021,30110,HAire2,70.3,100.0,37.1,0.0,0
2021,30110,O3,23.5,82.9,1.5,0.0,0
2021,30110,P,139.47500000000002,432.725,37.1,0.0,0
2021,30110,PLiquida,0.2,32.5,0.0,0.0,0
2021,30110,PM10,51.3,91.0,14.8,8.0,0
2021,30110,PM2.5,17.1,28.7,5.5,0.0,0
2021,30110,RGlobal,139.47500000000002,432.725,0.0,0.0,0
2021,30110,TAire2,28.3,39.8,20.3,0.0,0
2021,30110,VViento,2.1,9.0,0.1,0.0,0
2021,30111,HAire2,71.2,97.2,21.0,0.0,0
2021,30111,P,139.47500000000002,432.725,37.1,0.0,0
2021,30111,PM10,40.4,157.8,0.0,146.0,0
2021,30111,PM2.5,15.1,25.2,7.7,0.0,0
2021,30111,SO2,3.2,5.7,1.5,0.0,0
2021,30111,TAire2,24.7,34.9,17.1,0.0,0
2021,30472,PM10,42.1,178.0,5.6,7.0,0
2021,30472,PM2.5,14.9,37.9,2.4,1.0,0
2021,30585,PM10,17.8,40.6,7.9,0.0,0
2021,30653,PM10,30.7,89.7,6.7,1.0,0
2021,30689,PM10,19.6,32.0,0.0,0.0,0
2021,30691,PM10,22.7,84.1,2.3,1.0,0
2021,30691,PM2.5,11.1,25.4,1.4,0.0,0
2021,30732,DViento,85.6,357.5,1.7,0.0,0
2021,30732,HAire2,81.7,100.0,27.9,0.0,0
2021,30732,O3,27.5,112.0,0.0,13.0,0
2021,30732,P,139.47500000000002,432.725,37.1,0.0,0
2021,30732,PLiquida,0.1,15.6,0.0,0.0,0
2021,30732,PM2.5,17.2,104.0,0.0,259.0,0
2021,30732,TAire2,17.7,26.4,10.6,0.0,0
2021,30732,VViento,0.8,6.8,0.0,0.0,0
2021,30733,DViento,139.47500000000002,358.2,6.2,0.0,0
2021,30733,HAire2,82.1,100.0,37.1,0.0,0
2021,30733,NO,35.9,432.725,0.0,0.0,0
2021,30733,NO2,34.4,181.3,0.5,0.0,0
2021,30733,P,139.47500000000002,432.725,37.1,0.0,0
2021,30733,PLiquida,0.1,5.8,0.0,0.0,0
2021,30733,PM10,44.4,79.4,21.5,1.0,0
2021,30733,PM2.5,25.4,52.1,8.7,11.0,0
2021,30733,TAire2,20.9,29.6,15.0,0.0,0
2021,30733,VViento,1.3,5.9,0.0,0.0,0
2021,30810,DViento,139.47500000000002,358.2,13.2,0.0,0
2021,30810,O3,21.4,89.2,0.4,0.0,0
2021,30810,P,139.47500000000002,432.725,37.1,0.0,0
2021,30810,PLiquida,0.6,8.2,0.0,0.0,0
2021,30810,PM10,44.3,199.5,0.0,763.0,0
2021,30810,SO2,5.3,16.5,0.5,0.0,0
2021,30810,VViento,1.9,7.3,0.3,0.0,0
2021,30812,PM10,38.0,83.4,6.8,2.0,0
2021,30815,DViento,139.47500000000002,359.8,0.1,0.0,0
2021,30815,HAire2,66.5,90.2,11.7,0.0,0
2021,30815,O3,19.6,75.0,0.0,0.0,0
2021,30815,P,139.47500000000002,432.725,37.1,0.0,0
2021,30815,PLiquida,0.1,19.9,0.0,0.0,0
2021,30815,PM10,24.6,162.1,0.0,149.0,0
2021,30815,PM2.5,30.3,118.8,1.0,361.0,0
2021,30815,RUVb,139.47500000000002,432.725,0.0,0.0,0
2021,30815,SO2,3.1,19.7,0.0,0.0,0
2021,30815,TAire2,14.9,24.4,4.3,0.0,0
2021,30815,VViento,1.0,5.9,0.0,0.0,0
2021,30836,PM10,50.4,144.8,6.2,21.0,0
2021,30841,PM10,52.9,168.8,7.8,22.0,0
2021,30842,PM10,66.1,129.3,9.7,3.0,0
2021,30855,DViento,89.8,147.5,32.8,0.0,0
2021,30855,HAire2,78.0,99.8,31.6,0.0,0
2021,30855,PM2.5,25.2,58.0,10.1,24.0,0
2021,30855,TAire2,20.6,35.7,9.8,0.0,0
2021,30855,VViento,1.4,4.8,0.0,0.0,0
2021,31331,DViento,116.3,360.0,0.0,0.0,0
2021,31331,HAire2,72.3,88.3,37.1,0.0,0
2021,31331,NO2,4.4,40.9,0.4,0.0,0
2021,31331,O3,46.3,95.3,12.7,0.0,0
2021,31331,PM2.5,12.6,56.0,0.0,17.0,0
2021,31331,RGlobal,139.47500000000002,432.725,0.0,0.0,0
2021,31331,TAire2,13.9,22.0,5.6,0.0,0
2021,31331,VViento,1.2,8.1,0.0,0.0,0
2021,31340,PM2.5,16.2,42.7,5.7,1.0,0
2021,31341,PM10,28.3,57.5,2.6,0.0,0
2021,31342,NO,21.7,261.7,0.0,0.0,0
2021,31342,NO2,31.3,127.8,0.0,0.0,0
2021,31342,PM10,37.4,67.1,18.2,0.0,0
2021,31343,PM2.5,10.0,43.9,4.0,1.0,0
2021,31360,DViento,48.9,354.9,7.5,0.0,0
2021,31360,HAire2,71.3,91.7,21.9,0.0,0
2021,31360,P,139.47500000000002,432.725,37.1,0.0,0
2021,31360,PLiquida,0.7,7.8,0.0,0.0,0
2021,31360,PM2.5,12.3,80.6,0.0,70.0,0
2021,31360,TAire2,21.0,29.7,13.8,0.0,0
2021,31360,VViento,1.6,7.3,0.0,0.0,0
2021,31362,PM2.5,12.8,41.8,4.5,1.0,0
2021,31364,PM2.5,17.9,50.2,8.0,2.0,0
2021,31366,PM2.5,14.6,34.6,6.2,0.0,0
2021,31367,PM2.5,16.2,47.2,4.5,4.0,0
2021,31369,PM2.5,20.0,46.9,6.6,2.0,0
2021,31371,PM2.5,18.6,38.7,7.0,1.0,0
2021,31373,PM2.5,15.0,45.3,5.6,1.0,0
2021,31375,PM2.5,14.3,46.0,5.4,1.0,0
2021,31379,PM2.5,15.2,41.9,5.1,1.0,0
2021,31381,DViento,139.47500000000002,360.0,1.0,0.0,0
2021,31381,NO,34.9,115.9,0.0,0.0,0
2021,31381,NO2,9.8,43.8,0.0,0.0,0
2021,31381,O3,18.3,371.5,0.2,12.0,0
2021,31381,P,139.47500000000002,432.725,0.0,0.0,0
2021,31381,PLiquida,0.2,44.4,0.0,0.0,0
2021,31381,PM10,38.4,54.1,16.9,0.0,0
2021,31381,RGlobal,139.47500000000002,432.725,0.0,0.0,0
2021,31381,TAire2,25.5,33.2,19.9,0.0,0
2021,31381,VViento,1.0,3.8,0.0,0.0,0
2021,31389,DViento,139.47500000000002,360.0,1.0,0.0,0
2021,31389,HAire2,73.9,90.0,25.0,0.0,0
2021,31389,O3,26.8,100.2,0.7,0.0,0
2021,31389,P,139.47500000000002,432.725,37.1,0.0,0
2021,31389,PLiquida,0.3,36.2,0.0,0.0,0
2021,31389,PM10,23.0,301.5,0.0,49.0,0
2021,31389,RGlobal,139.47500000000002,432.725,0.0,0.0,0
2021,31389,TAire2,25.1,33.5,19.9,0.0,0
2021,31389,VViento,1.0,4.9,0.0,0.0,0
2021,31468,PM10,41.9,72.3,12.9,0.0,0
2021,31477,PM10,26.7,44.5,16.0,0.0,0
2021,31478,PM10,17.8,35.0,7.0,0.0,0
2021,31485,HAire2,72.1,89.5,37.1,0.0,0
2021,31485,P,139.47500000000002,432.725,37.1,0.0,0
2021,31485,PM10,45.2,78.4,18.8,1.0,0
2021,31485,TAire2,28.0,31.5,24.5,0.0,0
2021,31485,VViento,1.8,7.2,0.0,0.0,0
2021,31496,HAire2,76.2,94.5,37.1,0.0,0
2021,31496,P,139.47500000000002,432.725,37.1,0.0,0
2021,31496,PM10,45.9,89.0,12.3,2.0,0
2021,31496,TAire2,27.5,32.0,24.0,0.0,0
2021,31496,VViento,2.0,5.6,0.0,0.0,0
2021,31530,PM10,40.3,47.1,32.2,0.0,0
2021,31530,PM2.5,13.6,17.1,8.7,0.0,0
2021,31530,SO2,18.7,23.3,12.9,0.0,0
2021,31533,NO2,22.6,101.1,1.9,0.0,0
2021,31533,PM10,31.1,217.8,1.9,286.0,0
2021,31533,PM2.5,12.2,28.1,3.8,0.0,0
2021,31533,SO2,8.9,40.9,1.6,0.0,0
2021,31628,DViento,139.47500000000002,195.5,37.1,0.0,0
2021,31628,HAire2,78.6,100.0,26.3,0.0,0
2021,31628,P,139.47500000000002,432.725,37.1,0.0,0
2021,31628,PLiquida,0.1,11.1,0.0,0.0,0
2021,31628,PM2.5,15.5,41.0,6.1,1.0,0
2021,31628,TAire2,20.4,29.5,14.7,0.0,0
2021,31628,VViento,1.0,6.9,0.0,0.0,0
2021,31637,PM10,18.2,32.0,8.0,0.0,0
2021,31639,PM10,17.7,30.0,10.0,0.0,0
2021,31661,DViento,21.0,359.7,0.7,0.0,0
2021,31661,HAire2,67.3,89.4,17.1,0.0,0
2021,31661,PM2.5,14.2,48.8,6.1,2.0,0
2021,31661,TAire2,22.1,32.3,14.2,0.0,0
2021,31661,VViento,1.0,3.8,0.0,0.0,0
2021,31684,CO,139.47500000000002,432.725,37.1,0.0,0
2021,31684,DViento,135.5,360.0,0.0,0.0,0
2021,31684,HAire2,68.1,91.0,20.0,0.0,0
2021,31684,NO,17.4,215.3,0.0,0.0,0
2021,31684,NO2,31.4,128.3,0.4,0.0,0
2021,31684,O3,29.6,107.5,0.1,8.0,0
2021,31684,P,139.47500000000002,432.725,37.1,0.0,0
2021,31684,PLiquida,0.2,32.7,0.0,0.0,0
2021,31684,PM10,32.4,238.3,0.1,325.0,0
2021,31684,PM2.5,17.3,100.8,0.0,366.0,0
2021,31684,SO2,3.7,12.6,0.7,0.0,0
2021,31684,TAire2,15.2,23.3,8.0,0.0,0
2021,31684,VViento,4.0,12.9,0.0,0.0,0
2021,31719,DViento,139.47500000000002,256.1,37.1,0.0,0
2021,31719,HAire2,73.5,100.0,18.2,0.0,0
2021,31719,P,139.47500000000002,432.725,37.1,0.0,0
2021,31719,PLiquida,0.1,13.6,0.0,0.0,0
2021,31719,PM10,30.7,147.0,0.0,545.0,0
2021,31719,TAire2,18.2,56.0,4.5,0.0,0
2021,31719,VViento,1.2,6.5,0.0,0.0,0
2021,31792,PM2.5,19.0,50.6,4.2,9.0,0
2021,31802,PM10,19.7,49.0,5.0,0.0,0
2021,31805,PM10,20.9,136.5,1.6,56.0,0
2021,31805,PM2.5,9.3,25.0,3.3,0.0,0
2021,31805,SO2,5.2,23.5,0.8,0.0,0
2021,31806,PM10,33.3,236.3,3.2,643.0,0
2021,31806,PM2.5,16.2,45.1,4.0,2.0,0
2021,31806,SO2,11.1,44.5,2.0,0.0,0
2021,31807,CO,139.47500000000002,432.725,5.7,0.0,0
2021,31807,NO2,37.9,125.9,2.7,0.0,0
2021,31807,PM10,55.2,432.725,1.9,1664.0,0
2021,31807,PM2.5,19.5,246.9,1.0,868.0,0
2021,31807,SO2,7.8,42.6,1.2,0.0,0
2021,31808,CO,139.47500000000002,432.725,37.1,0.0,0
2021,31808,NO2,40.4,103.1,6.3,0.0,0
2021,31808,PM10,95.1,432.725,0.3,2571.0,0
2021,31808,PM2.5,24.9,157.9,0.1,1018.0,0
2021,31808,SO2,8.0,30.1,0.8,0.0,0
2021,31816,DViento,139.47500000000002,283.1,37.1,0.0,0
2021,31816,HAire2,82.5,86.5,37.1,0.0,0
2021,31816,P,139.47500000000002,432.725,37.1,0.0,0
2021,31816,PLiquida,0.7,81.2,0.0,0.0,0
2021,31816,PM2.5,8.5,44.6,0.0,2.0,0
2021,31816,RUVb,45.6,187.7,3.1,0.0,0
2021,31816,TAire2,18.0,56.1,1.0,0.0,0
2021,31816,VViento,1.4,30.0,0.3,0.0,0
2021,31817,HAire2,80.9,100.0,33.5,0.0,0
2021,31817,NO,17.8,432.725,0.0,0.0,0
2021,31817,NO2,6.0,149.3,1.0,0.0,0
2021,31817,O3,14.9,74.4,0.0,0.0,0
2021,31817,P,139.47500000000002,432.725,37.1,0.0,0
2021,31817,PM10,22.1,137.6,0.0,20.0,0
2021,31817,SO2,1.7,5.3,0.2,0.0,0
2021,31817,TAire2,24.0,35.8,15.9,0.0,0
2021,31821,DViento,139.47500000000002,195.7,37.1,0.0,0
2021,31821,HAire2,79.7,98.8,29.7,0.0,0
2021,31821,PM10,34.5,234.3,0.0,554.0,0
2021,31821,PM2.5,9.8,27.7,0.0,0.0,0
2021,31821,TAire2,26.8,37.8,16.1,0.0,0
2021,31821,VViento,0.8,4.8,0.0,0.0,0
2021,31822,HAire2,79.2,97.8,34.2,0.0,0
2021,31822,NO2,6.8,38.4,0.0,0.0,0
2021,31822,O3,13.4,53.3,0.4,0.0,0
2021,31822,PM10,38.1,70.3,25.4,0.0,0
2021,31822,PM2.5,8.0,22.0,2.2,0.0,0
2021,31822,SO2,1.9,16.1,0.8,0.0,0
2021,31822,TAire2,23.2,33.6,16.3,0.0,0
2021,31823,DViento,139.47500000000002,337.6,37.1,0.0,0
2021,31823,HAire2,77.2,97.8,37.1,0.0,0
2021,31823,PM10,32.8,61.0,16.1,0.0,0
2021,31823,PM2.5,9.0,49.9,0.0,39.0,0
2021,31823,TAire2,30.7,40.1,20.5,0.0,0
2021,31823,VViento,0.9,3.4,0.1,0.0,0
2021,31824,PM10,15.7,33.8,5.4,0.0,0
2021,31825,CO,139.47500000000002,432.725,0.0,0.0,0
2021,31825,HAire2,78.3,93.4,37.1,0.0,0
2021,31825,O3,26.5,76.4,0.0,0.0,0
2021,31825,P,139.47500000000002,432.725,0.0,0.0,0
2021,31825,PLiquida,0.5,432.725,0.0,0.0,0
2021,31825,PM10,47.1,104.8,18.3,17.0,0
2021,31825,PM2.5,13.4,77.4,0.0,74.0,0
2021,31825,RGlobal,139.47500000000002,432.725,0.0,0.0,0
2021,31825,SO2,0.3,13.4,0.0,0.0,0
2021,31825,TAire2,24.1,33.2,0.0,0.0,0
2021,31826,CO,139.47500000000002,432.725,0.0,0.0,0
2021,31826,DViento,139.47500000000002,359.9,0.1,0.0,0
2021,31826,HAire2,68.4,99.3,7.6,0.0,0
2021,31826,NO2,16.2,61.7,0.1,0.0,0
2021,31826,O3,21.0,73.3,0.0,0.0,0
2021,31826,P,139.47500000000002,432.725,37.1,0.0,0
2021,31826,PLiquida,0.4,410.6,0.0,0.0,0
2021,31826,PM10,25.9,133.2,0.0,78.0,0
2021,31826,PM2.5,13.7,33.1,5.3,0.0,0
2021,31826,RUVb,139.47500000000002,432.725,0.0,0.0,0
2021,31826,SO2,14.1,46.1,3.2,0.0,0
2021,31826,TAire2,14.7,25.1,3.7,0.0,0
2021,31826,VViento,1.3,5.2,0.0,0.0,0
2021,31827,CO,139.47500000000002,432.725,0.0,0.0,0
2021,31827,DViento,139.47500000000002,306.3,23.1,0.0,0
2021,31827,HAire2,71.7,99.3,4.7,0.0,0
2021,31827,NO2,15.1,68.7,0.1,0.0,0
2021,31827,O3,15.5,66.9,0.0,0.0,0
2021,31827,P,139.47500000000002,432.725,37.1,0.0,0
2021,31827,PLiquida,0.1,16.4,0.0,0.0,0
2021,31827,PM10,31.3,142.7,0.0,115.0,0
2021,31827,PM2.5,13.3,34.6,4.5,0.0,0
2021,31827,RUVb,139.47500000000002,432.725,0.0,0.0,0
2021,31827,SO2,7.9,121.4,0.0,5.0,0
2021,31827,TAire2,13.4,24.1,1.2,0.0,0
2021,31827,VViento,1.6,6.8,0.0,0.0,0
2021,31828,CO,139.47500000000002,432.725,0.0,0.0,0
2021,31828,DViento,139.47500000000002,237.2,37.1,0.0,0
2021,31828,HAire2,64.4,94.6,4.7,0.0,0
2021,31828,NO2,12.6,53.4,0.0,0.0,0
2021,31828,O3,17.3,54.1,0.0,0.0,0
2021,31828,P,139.47500000000002,432.725,37.1,0.0,0
2021,31828,PLiquida,0.1,25.1,0.0,0.0,0
2021,31828,PM10,26.4,134.9,0.0,88.0,0
2021,31828,PM2.5,16.7,89.8,0.0,113.0,0
2021,31828,RUVb,139.47500000000002,432.725,0.0,0.0,0
2021,31828,SO2,12.1,43.2,1.3,0.0,0
2021,31828,TAire2,15.1,44.4,1.0,0.0,0
2021,31828,VViento,1.5,30.7,0.0,0.0,0
2021,31829,CO,139.47500000000002,432.725,0.0,0.0,0
2021,31829,HAire2,35.3,99.3,0.0,0.0,0
2021,31829,O3,7.3,61.2,0.0,0.0,0
2021,31829,P,139.47500000000002,432.725,0.0,0.0,0
2021,31829,PLiquida,0.1,110.8,0.0,0.0,0
2021,31829,PM10,33.3,151.0,0.0,243.0,0
2021,31829,PM2.5,13.7,113.7,0.0,155.0,0
2021,31829,RGlobal,48.3,432.725,0.0,0.0,0
2021,31829,SO2,0.3,3.0,0.0,0.0,0
2021,31829,TAire2,11.4,33.6,0.0,0.0,0
2021,31829,VViento,0.2,4.0,0.0,0.0,0
2021,31830,CO,139.47500000000002,432.725,0.0,0.0,0
2021,31830,HAire2,66.5,82.5,0.0,0.0,0
2021,31830,O3,40.9,75.2,10.2,0.0,0
2021,31830,P,139.47500000000002,432.725,0.0,0.0,0
2021,31830,PM10,41.4,79.3,23.2,1.0,0
2021,31830,PM2.5,14.3,29.6,6.8,0.0,0
2021,31830,RGlobal,99.4,432.725,0.0,0.0,0
2021,31830,SO2,0.5,8.4,0.0,0.0,0
2021,31830,TAire2,5.0,31.7,0.0,0.0,0
2021,31830,VViento,0.7,6.8,0.0,0.0,0
2021,31831,CO,139.47500000000002,432.725,0.0,0.0,0
2021,31831,DViento,43.1,355.4,4.0,0.0,0
2021,31831,HAire2,68.5,92.7,31.3,0.0,0
2021,31831,NO,1.4,3.0,0.2,0.0,0
2021,31831,NO2,1.8,10.6,0.1,0.0,0
2021,31831,P,139.47500000000002,432.725,37.1,0.0,0
2021,31831,PLiquida,0.2,39.1,0.0,0.0,0
2021,31831,PM10,20.3,52.5,8.1,0.0,0
2021,31831,PM2.5,9.0,23.0,3.4,0.0,0
2021,31831,RGlobal,139.47500000000002,432.725,0.0,0.0,0
2021,31831,SO2,4.8,27.0,0.0,0.0,0
2021,31831,TAire2,28.0,35.1,21.0,0.0,0
2021,31831,VViento,2.0,7.5,0.2,0.0,0
2021,31832,CO,139.47500000000002,432.725,0.0,0.0,0
2021,31832,DViento,82.3,204.3,37.1,0.0,0
2021,31832,HAire2,70.2,99.3,34.8,0.0,0
2021,31832,O3,33.6,95.4,0.9,0.0,0
2021,31832,P,139.47500000000002,432.725,37.1,0.0,0
2021,31832,PLiquida,0.1,35.8,0.0,0.0,0
2021,31832,PM10,36.0,211.9,0.0,277.0,0
2021,31832,PM2.5,10.9,25.1,3.5,0.0,0
2021,31832,RGlobal,139.47500000000002,432.725,0.0,0.0,0
2021,31832,SO2,2.9,6.8,0.2,0.0,0
2021,31832,TAire2,25.7,34.0,18.9,0.0,0
2021,31833,CO,139.47500000000002,432.725,37.1,0.0,0
2021,31833,DViento,134.8,360.0,0.0,0.0,0
2021,31833,HAire2,83.2,99.6,29.9,0.0,0
2021,31833,O3,28.8,103.7,1.0,4.0,0
2021,31833,P,139.47500000000002,432.725,37.1,0.0,0
2021,31833,PLiquida,1.2,56.2,0.0,0.0,0
2021,31833,PM10,44.3,86.1,16.4,3.0,0
2021,31833,PM2.5,16.6,33.6,4.7,0.0,0
2021,31833,RGlobal,139.47500000000002,432.725,0.0,0.0,0
2021,31833,SO2,3.4,9.4,0.3,0.0,0
2021,31833,TAire2,25.8,34.0,19.5,0.0,0
2021,31833,VViento,1.3,4.9,0.0,0.0,0
2021,31834,CO,139.47500000000002,432.725,37.1,0.0,0
2021,31834,DViento,139.47500000000002,360.0,0.0,0.0,0
2021,31834,HAire2,59.0,85.0,19.0,0.0,0
2021,31834,NO,97.2,304.6,0.0,0.0,0
2021,31834,NO2,11.1,129.0,0.0,0.0,0
2021,31834,P,139.47500000000002,432.725,37.1,0.0,0
2021,31834,PLiquida,0.1,25.8,0.0,0.0,0
2021,31834,PM10,35.0,159.0,0.6,351.0,0
2021,31834,PM2.5,18.2,44.5,4.6,7.0,0
2021,31834,RGlobal,139.47500000000002,432.725,0.0,0.0,0
2021,31834,TAire2,16.0,26.6,9.6,0.0,0
2021,31834,VViento,0.9,4.9,0.0,0.0,0
2021,31836,DViento,8.4,27.0,4.0,0.0,0
2021,31836,HAire2,74.1,95.0,37.1,0.0,0
2021,31836,PM2.5,11.1,13.8,7.9,0.0,0
2021,31836,TAire2,21.3,30.0,15.7,0.0,0
2021,31836,VViento,0.3,1.7,0.0,0.0,0
2021,31837,DViento,139.47500000000002,210.9,37.1,0.0,0
2021,31837,PM2.5,11.8,15.2,9.3,0.0,0
2021,31837,TAire2,27.8,38.0,21.4,0.0,0
2021,31837,VViento,0.4,0.9,0.1,0.0,0
2021,31838,DViento,139.47500000000002,359.6,22.9,0.0,0
2021,31838,PM2.5,14.0,22.1,6.8,0.0,0
2021,31838,TAire2,17.5,25.4,11.2,0.0,0
2021,31838,VViento,1.1,3.1,0.0,0.0,0
2021,31839,DViento,139.47500000000002,334.8,0.6,0.0,0
2021,31839,HAire2,68.0,85.0,37.1,0.0,0
2021,31839,PM2.5,17.7,45.5,7.5,6.0,0
2021,31839,TAire2,28.4,41.0,5.4,0.0,0
2021,31839,VViento,0.4,2.6,0.0,0.0,0
2021,31840,DViento,139.47500000000002,265.7,37.1,0.0,0
2021,31840,HAire2,61.6,67.5,37.1,0.0,0
2021,31840,PM2.5,12.7,22.1,7.0,0.0,0
2021,31840,TAire2,26.1,39.2,18.6,0.0,0
2021,31840,VViento,0.3,2.2,0.0,0.0,0
2021,31841,CO,139.47500000000002,432.725,0.0,0.0,0
2021,31841,DViento,139.47500000000002,360.0,0.0,0.0,0
2021,31841,HAire2,73.7,91.5,37.1,0.0,0
2021,31841,NO,17.5,207.4,0.2,0.0,0
2021,31841,NO2,27.2,146.2,3.0,0.0,0
2021,31841,O3,21.3,88.6,0.0,0.0,0
2021,31841,P,139.47500000000002,432.725,37.1,0.0,0
2021,31841,PM10,34.8,173.3,2.3,273.0,0
2021,31841,PM2.5,11.0,88.7,0.6,118.0,0
2021,31841,RGlobal,139.47500000000002,432.725,0.0,0.0,0
2021,31841,SO2,8.8,22.2,1.6,0.0,0
2021,31841,TAire2,14.7,23.4,6.8,0.0,0
2021,31841,VViento,1.3,5.7,0.0,0.0,0
2021,31845,PM10,14.2,42.6,0.0,0.0,0
2021,31845,PM2.5,7.6,21.3,0.0,0.0,0
2021,31849,DViento,139.47500000000002,359.8,1.2,0.0,0
2021,31849,HAire2,73.8,90.8,37.1,0.0,0
2021,31849,PLiquida,0.7,341.4,0.0,0.0,0
2021,31849,PM10,75.7,150.7,28.7,121.0,0
2021,31849,TAire2,21.7,33.9,15.1,0.0,0
2021,31849,VViento,0.8,5.0,0.0,0.0,0
2021,31850,CO,139.47500000000002,432.725,0.0,0.0,0
2021,31850,DViento,139.47500000000002,360.0,0.0,0.0,0
2021,31850,HAire2,81.5,100.0,23.0,0.0,0
2021,31850,NO,12.7,175.0,0.0,0.0,0
2021,31850,NO2,19.9,97.6,0.0,0.0,0
2021,31850,O3,20.2,105.8,0.0,3.0,0
2021,31850,P,139.47500000000002,432.725,37.1,0.0,0
2021,31850,PM10,31.0,142.3,3.1,149.0,0
2021,31850,PM2.5,12.6,34.1,2.9,0.0,0
2021,31850,RGlobal,139.47500000000002,432.725,0.0,0.0,0
2021,31850,TAire2,14.5,21.3,6.1,0.0,0
2021,31850,VViento,2.5,8.2,0.0,0.0,0
2021,31851,DViento,139.47500000000002,337.7,0.0,0.0,0
2021,31851,HAire2,71.0,92.3,30.8,0.0,0
2021,31851,PLiquida,0.5,62.7,0.0,0.0,0
2021,31851,PM10,30.7,208.0,4.0,195.0,0
2021,31851,TAire2,28.3,41.0,20.9,0.0,0
2021,31851,VViento,0.5,3.1,0.0,0.0,0
2021,31852,DViento,139.47500000000002,334.7,33.1,0.0,0
2021,31852,HAire2,79.9,100.0,30.7,0.0,0
2021,31852,O3,25.8,126.0,0.0,34.0,0
2021,31852,P,139.47500000000002,432.725,37.1,0.0,0
2021,31852,PLiquida,0.1,5.3,0.0,0.0,0
2021,31852,TAire2,20.4,29.1,14.0,0.0,0
2021,31852,VViento,0.9,4.9,0.0,0.0,0
2021,31853,PM10,55.6,115.1,19.6,42.0,0
2021,31854,DViento,79.5,360.0,0.0,0.0,0
2021,31854,HAire2,70.8,100.0,21.7,0.0,0
2021,31854,NO,49.6,411.4,0.2,0.0,0
2021,31854,NO2,48.6,198.8,0.1,0.0,0
2021,31854,O3,24.8,114.4,1.7,9.0,0
2021,31854,P,139.47500000000002,432.725,37.1,0.0,0
2021,31854,PLiquida,0.1,14.8,0.0,0.0,0
2021,31854,PM2.5,20.2,51.6,5.7,2.0,0
2021,31854,TAire2,22.1,30.6,16.0,0.0,0
2021,31854,VViento,2.4,8.5,0.0,0.0,0
2021,31855,DViento,67.1,330.6,17.8,0.0,0
2021,31855,HAire2,86.6,94.8,37.1,0.0,0
2021,31855,P,139.47500000000002,432.725,37.1,0.0,0
2021,31855,PLiquida,0.1,9.1,0.0,0.0,0
2021,31855,PM2.5,8.3,27.1,2.3,0.0,0
2021,31855,TAire2,13.5,20.1,8.6,0.0,0
2021,31855,VViento,2.4,13.8,0.0,0.0,0
2021,31856,CO,139.47500000000002,432.725,25.6,0.0,0
2021,31856,DViento,53.9,359.6,8.5,0.0,0
2021,31856,HAire2,83.6,100.0,32.2,0.0,0
2021,31856,NO,9.3,258.5,0.0,0.0,0
2021,31856,NO2,19.1,131.1,0.0,0.0,0
2021,31856,O3,27.4,101.2,0.7,1.0,0
2021,31856,P,139.47500000000002,432.725,37.1,0.0,0
2021,31856,PLiquida,0.1,11.1,0.0,0.0,0
2021,31856,PM10,35.9,71.5,17.8,0.0,0
2021,31856,PM2.5,14.5,46.4,6.8,1.0,0
2021,31856,SO2,24.3,281.2,0.0,99.0,0
2021,31856,TAire2,20.8,29.3,15.1,0.0,0
2021,31856,VViento,1.4,7.4,0.0,0.0,0
2021,31857,CO,139.47500000000002,432.725,37.1,0.0,0
2021,31857,DViento,90.0,350.6,10.8,0.0,0
2021,31857,HAire2,82.7,94.0,37.1,0.0,0
2021,31857,NO2,11.3,55.0,0.4,0.0,0
2021,31857,O3,34.8,89.0,3.1,0.0,0
2021,31857,P,139.47500000000002,432.725,37.1,0.0,0
2021,31857,PLiquida,0.2,19.8,0.0,0.0,0
2021,31857,PM10,21.4,37.2,10.2,0.0,0
2021,31857,PM2.5,11.2,47.8,1.1,4.0,0
2021,31857,RGlobal,139.47500000000002,432.725,0.0,0.0,0
2021,31857,SO2,3.8,18.2,0.3,0.0,0
2021,31857,TAire2,18.0,26.4,10.2,0.0,0
2021,31857,VViento,0.7,3.1,0.0,0.0,0
2021,31860,NO2,16.5,43.8,5.4,0.0,0
2021,31860,O3,8.2,61.1,0.5,0.0,0
2021,31860,PM10,36.4,162.0,4.2,214.0,0
2021,31860,PM2.5,16.3,92.5,1.1,270.0,0
2021,31860,SO2,2.2,12.9,0.6,0.0,0
2021,31861,NO2,38.4,100.0,3.7,0.0,0
2021,31861,PM10,26.7,120.5,3.5,31.0,0
2021,31861,PM2.5,13.1,30.2,4.4,0.0,0
2021,31861,SO2,5.4,13.3,2.1,0.0,0
2021,31863,CO,139.47500000000002,432.725,37.1,0.0,0
2021,31863,NO2,48.0,91.4,17.8,0.0,0
2021,31863,SO2,5.1,9.6,2.3,0.0,0
2021,31873,CO,139.47500000000002,432.725,37.1,0.0,0
2021,31873,DViento,139.47500000000002,360.0,0.0,0.0,0
2021,31873,HAire2,76.7,100.0,24.0,0.0,0
2021,31873,NO,18.6,281.6,0.1,0.0,0
2021,31873,NO2,32.3,131.0,2.8,0.0,0
2021,31873,O3,25.6,104.1,0.0,3.0,0
2021,31873,P,139.47500000000002,432.725,37.1,0.0,0
2021,31873,PM10,30.0,128.4,1.7,179.0,0
2021,31873,PM2.5,14.7,38.7,2.6,2.0,0
2021,31873,RGlobal,139.47500000000002,432.725,0.0,0.0,0
2021,31873,SO2,3.3,10.9,0.1,0.0,0
2021,31873,TAire2,15.3,23.1,8.8,0.0,0
2021,31873,VViento,1.8,8.0,0.3,0.0,0
2021,31874,CO,139.47500000000002,432.725,0.0,0.0,0
2021,31874,DViento,139.47500000000002,360.0,0.0,0.0,0
2021,31874,HAire2,75.6,100.0,24.0,0.0,0
2021,31874,NO,18.1,234.1,0.0,0.0,0
2021,31874,NO2,31.6,173.6,0.0,0.0,0
2021,31874,O3,21.0,89.8,0.4,0.0,0
2021,31874,P,139.47500000000002,432.725,37.1,0.0,0
2021,31874,PM10,36.7,98.1,5.5,10.0,0
2021,31874,PM2.5,17.3,137.5,0.1,586.0,0
2021,31874,RGlobal,139.47500000000002,432.725,0.0,0.0,0
2021,31874,SO2,8.2,23.1,2.7,0.0,0
2021,31874,TAire2,14.2,20.6,7.5,0.0,0
2021,31874,VViento,2.5,4.2,1.1,0.0,0
2021,31875,CO,139.47500000000002,432.725,0.0,0.0,0
2021,31875,HAire2,73.8,100.0,0.0,0.0,0
2021,31875,NO,8.0,83.8,0.1,0.0,0
2021,31875,NO2,35.0,116.5,0.6,0.0,0
2021,31875,O3,13.8,46.6,1.2,0.0,0
2021,31875,P,139.47500000000002,432.725,37.1,0.0,0
2021,31875,PM10,17.5,42.5,3.7,0.0,0
2021,31875,PM2.5,8.0,24.1,1.3,0.0,0
2021,31875,RGlobal,115.6,432.725,0.0,0.0,0
2021,31875,TAire2,14.0,22.1,0.0,0.0,0
2021,31875,VViento,1.5,6.2,0.0,0.0,0
2021,31876,DViento,139.47500000000002,360.0,0.0,0.0,0
2021,31876,HAire2,72.4,89.9,37.1,0.0,0
2021,31876,NO,37.6,342.7,0.0,0.0,0
2021,31876,NO2,39.3,114.2,0.0,0.0,0
2021,31876,O3,16.5,74.9,0.1,0.0,0
2021,31876,P,139.47500000000002,432.725,37.1,0.0,0
2021,31876,PM10,46.9,326.2,0.5,699.0,0
2021,31876,PM2.5,18.8,39.4,4.1,1.0,0
2021,31876,RGlobal,139.47500000000002,432.725,0.0,0.0,0
2021,31876,TAire2,15.3,22.7,8.5,0.0,0
2021,31876,VViento,1.4,5.0,0.1,0.0,0
2021,31877,CO,139.47500000000002,432.725,37.1,0.0,0
2021,31877,PM10,21.3,146.0,2.4,13.0,0
2021,31877,PM2.5,10.3,59.2,1.1,9.0,0
2021,31877,SO2,15.5,83.6,1.6,0.0,0
2021,31880,PM10,99.6,150.0,37.1,21.0,0
2021,31880,TAire2,21.6,31.1,15.1,0.0,0
2021,31880,VViento,1.1,5.0,0.0,0.0,0
2021,31881,DViento,139.47500000000002,273.1,9.9,0.0,0
2021,31881,HAire2,69.2,91.7,34.9,0.0,0
2021,31881,PM2.5,14.1,18.7,10.1,0.0,0
2021,31881,TAire2,28.4,36.3,22.3,0.0,0
2021,31881,VViento,0.4,2.0,0.0,0.0,0
2021,31882,DViento,100.9,253.1,37.1,0.0,0
2021,31882,HAire2,58.3,70.9,37.1,0.0,0
2021,31882,NO2,18.7,133.2,0.8,0.0,0
2021,31882,O3,27.0,113.9,0.8,5.0,0
2021,31882,PLiquida,0.2,24.2,0.0,0.0,0
2021,31882,PM2.5,15.8,89.0,3.0,66.0,0
2021,31882,RGlobal,139.47500000000002,432.725,0.0,0.0,0
2021,31882,TAire2,20.6,31.9,12.3,0.0,0
2021,31882,VViento,0.9,4.0,0.0,0.0,0
2021,31883,DViento,139.47500000000002,227.2,37.1,0.0,0
2021,31883,PM2.5,22.9,123.0,4.0,255.0,0
2021,31883,TAire2,20.5,31.1,13.8,0.0,0
2021,31883,VViento,1.0,2.7,0.0,0.0,0
2021,31884,PM10,18.4,30.0,9.0,0.0,0
2021,31907,DViento,139.47500000000002,271.8,37.1,0.0,0
2021,31907,HAire2,82.0,92.5,37.1,0.0,0
2021,31907,PLiquida,0.2,29.7,0.0,0.0,0
2021,31907,PM2.5,23.0,78.0,4.0,124.0,0
2021,31907,TAire2,19.2,27.7,12.9,0.0,0
2021,31907,VViento,0.7,3.6,0.0,0.0,0
2021,31908,DViento,139.47500000000002,318.8,37.1,0.0,0
2021,31908,PM2.5,12.0,52.0,4.0,5.0,0
2021,31908,TAire2,13.4,20.9,5.0,0.0,0
2021,31908,VViento,1.2,30.4,0.0,0.0,0
2021,31909,DViento,135.0,337.5,0.0,0.0,0
2021,31909,HAire2,70.1,86.0,25.0,0.0,0
2021,31909,PLiquida,0.1,10.7,0.0,0.0,0
2021,31909,PM10,28.9,60.8,19.5,0.0,0
2021,31909,PM2.5,17.4,33.8,9.4,0.0,0
2021,31909,TAire2,16.6,24.6,9.8,0.0,0
2021,31909,VViento,0.6,2.7,0.0,0.0,0
2021,31910,DViento,112.5,360.0,22.5,0.0,0
2021,31910,HAire2,88.2,100.0,37.1,0.0,0
2021,31910,PLiquida,0.2,12.4,0.0,0.0,0
2021,31910,PM10,25.3,33.0,7.7,0.0,0
2021,31910,PM2.5,17.1,29.3,6.8,0.0,0
2021,31910,TAire2,17.6,23.3,10.9,0.0,0
2021,31910,VViento,1.1,4.9,0.0,0.0,0
2021,31911,DViento,80.3,345.7,6.7,0.0,0
2021,31911,HAire2,85.8,98.0,37.1,0.0,0
2021,31911,PLiquida,0.6,75.2,0.0,0.0,0
2021,31911,PM10,61.3,91.7,24.3,7.0,0
2021,31911,PM2.5,13.6,20.9,6.3,0.0,0
2021,31911,TAire2,26.4,33.0,20.8,0.0,0
2021,31911,VViento,0.3,3.1,0.0,0.0,0
2021,31912,DViento,139.47500000000002,337.5,0.0,0.0,0
2021,31912,HAire2,88.8,99.0,37.1,0.0,0
2021,31912,PLiquida,0.4,51.3,0.0,0.0,0
2021,31912,PM10,30.8,39.4,18.4,0.0,0
2021,31912,PM2.5,18.5,29.7,12.7,0.0,0
2021,31912,TAire2,25.9,33.2,21.1,0.0,0
2021,31912,VViento,0.2,1.8,0.0,0.0,0
2021,31913,CO,139.47500000000002,432.725,0.0,0.0,0
2021,31913,DViento,139.47500000000002,359.8,0.1,0.0,0
2021,31913,HAire2,76.9,97.2,37.1,0.0,0
2021,31913,O3,19.7,52.3,0.2,0.0,0
2021,31913,P,139.47500000000002,432.725,37.1,0.0,0
2021,31913,PLiquida,0.3,16.4,0.0,0.0,0
2021,31913,PM10,25.3,38.6,16.6,0.0,0
2021,31913,PM2.5,11.6,49.3,3.0,5.0,0
2021,31913,RGlobal,139.47500000000002,432.725,0.0,0.0,0
2021,31913,SO2,1.4,2.0,0.8,0.0,0
2021,31913,TAire2,23.4,29.5,18.2,0.0,0
2021,31913,VViento,1.8,5.6,0.3,0.0,0
2021,31914,DViento,139.47500000000002,359.5,0.2,0.0,0
2021,31914,HAire2,81.3,98.7,37.1,0.0,0
2021,31914,P,139.47500000000002,432.725,37.1,0.0,0
2021,31914,PLiquida,0.2,16.1,0.0,0.0,0
2021,31914,PM10,19.2,77.1,3.6,1.0,0
2021,31914,PM2.5,10.5,18.1,5.4,0.0,0
2021,31914,RGlobal,139.47500000000002,432.725,0.0,0.0,0
2021,31914,SO2,2.1,2.7,1.4,0.0,0
2021,31914,TAire2,23.5,28.9,18.8,0.0,0
2021,31914,VViento,1.4,3.9,0.3,0.0,0
2021,31915,DViento,98.9,359.6,0.7,0.0,0
2021,31915,HAire2,78.5,99.3,37.1,0.0,0
2021,31915,O3,11.8,29.4,0.6,0.0,0
2021,31915,P,139.47500000000002,432.725,37.1,0.0,0
2021,31915,PLiquida,0.2,17.4,0.0,0.0,0
2021,31915,PM10,19.0,77.6,3.7,1.0,0
2021,31915,PM2.5,9.9,18.9,5.1,0.0,0
2021,31915,RGlobal,139.47500000000002,432.725,0.0,0.0,0
2021,31915,TAire2,24.0,29.5,19.0,0.0,0
2021,31915,VViento,2.0,5.7,0.4,0.0,0
2021,31916,CO,139.47500000000002,432.725,0.0,0.0,0
2021,31916,DViento,139.47500000000002,359.9,0.0,0.0,0
2021,31916,HAire2,79.8,99.0,37.1,0.0,0
2021,31916,NO,21.8,98.9,1.9,0.0,0
2021,31916,NO2,13.7,33.1,5.9,0.0,0
2021,31916,P,139.47500000000002,432.725,37.1,0.0,0
2021,31916,PLiquida,0.1,28.8,0.0,0.0,0
2021,31916,PM10,18.3,49.5,2.6,0.0,0
2021,31916,PM2.5,10.2,14.1,5.2,0.0,0
2021,31916,RGlobal,139.47500000000002,432.725,0.0,0.0,0
2021,31916,SO2,1.0,1.9,0.4,0.0,0
2021,31916,TAire2,23.8,29.2,19.1,0.0,0
2021,31916,VViento,1.4,3.8,0.3,0.0,0
2022,8207,CO,139.47500000000002,432.725,37.1,0.0,0
2022,8207,DViento,114.0,360.0,0.0,0.0,0
2022,8207,NO,13.1,219.6,0.0,0.0,0
2022,8207,NO2,21.5,99.1,0.0,0.0,0
2022,8207,O3,33.6,122.8,0.2,14.0,0
2022,8207,PLiquida,0.2,30.2,0.0,0.0,0
2022,8207,PM10,22.6,54.1,5.0,0.0,0
2022,8207,PM2.5,13.0,29.7,3.5,0.0,0
2022,8207,SO2,1.6,4.2,0.2,0.0,0
2022,8207,TAire2,14.2,23.1,5.4,0.0,0
2022,8207,VViento,1.0,5.8,0.0,0.0,0
2022,8208,CO,139.47500000000002,432.725,0.0,0.0,0
2022,8208,DViento,40.0,360.0,0.0,0.0,0
2022,8208,HAire2,64.5,85.3,10.0,0.0,0
2022,8208,NO,25.0,336.5,0.0,0.0,0
2022,8208,NO2,31.6,164.0,0.0,0.0,0
2022,8208,O3,23.2,105.7,0.0,3.0,0
2022,8208,P,139.47500000000002,432.725,37.1,0.0,0
2022,8208,PLiquida,0.2,33.8,0.0,0.0,0
2022,8208,PM10,27.0,71.1,6.2,0.0,0
2022,8208,PM2.5,15.6,40.5,4.7,1.0,0
2022,8208,TAire2,14.1,23.4,6.6,0.0,0
2022,8208,VViento,1.8,6.5,0.0,0.0,0
2022,8210,CO,139.47500000000002,432.725,37.1,0.0,0
2022,8210,DViento,139.47500000000002,360.0,0.0,0.0,0
2022,8210,NO,11.7,171.4,0.0,0.0,0
2022,8210,NO2,22.5,98.6,0.0,0.0,0
2022,8210,O3,19.8,86.6,0.6,0.0,0
2022,8210,PLiquida,0.2,42.9,0.0,0.0,0
2022,8210,PM10,33.5,80.6,9.6,1.0,0
2022,8210,PM2.5,15.6,34.9,5.4,0.0,0
2022,8210,SO2,2.6,11.7,0.2,0.0,0
2022,8210,TAire2,14.3,26.0,4.7,0.0,0
2022,8210,VViento,1.3,5.5,0.0,0.0,0
2022,8211,CO,139.47500000000002,432.725,9.2,0.0,0
2022,8211,DViento,139.47500000000002,360.0,0.0,0.0,0
2022,8211,HAire2,69.4,88.2,18.7,0.0,0
2022,8211,NO,32.8,329.3,0.0,0.0,0
2022,8211,NO2,16.1,98.8,0.0,0.0,0
2022,8211,O3,24.5,108.7,0.9,8.0,0
2022,8211,P,139.47500000000002,432.725,37.1,0.0,0
2022,8211,PLiquida,0.2,38.5,0.0,0.0,0
2022,8211,PM10,28.2,54.9,11.3,0.0,0
2022,8211,PM2.5,15.4,34.9,4.6,0.0,0
2022,8211,RGlobal,139.47500000000002,432.725,0.0,0.0,0
2022,8211,TAire2,14.7,26.4,3.8,0.0,0
2022,8211,VViento,1.0,4.5,0.1,0.0,0
2022,8213,CO,139.47500000000002,432.725,0.0,0.0,0
2022,8213,DViento,139.47500000000002,360.0,0.0,0.0,0
2022,8213,HAire2,69.2,90.0,9.0,0.0,0
2022,8213,NO,21.2,210.3,0.0,0.0,0
2022,8213,NO2,25.6,116.0,0.0,0.0,0
2022,8213,O3,19.8,120.2,0.2,25.0,0
2022,8213,PLiquida,0.2,27.8,0.0,0.0,0
2022,8213,PM10,25.6,63.0,4.1,0.0,0
2022,8213,PM2.5,15.3,38.8,3.6,1.0,0
2022,8213,RGlobal,139.47500000000002,432.725,0.0,0.0,0
2022,8213,SO2,2.8,17.2,0.5,0.0,0
2022,8213,TAire2,14.6,26.5,3.9,0.0,0
2022,8213,VViento,1.2,5.4,0.0,0.0,0
2022,8214,CO,139.47500000000002,432.725,0.0,0.0,0
2022,8214,DViento,4.0,360.0,0.0,0.0,0
2022,8214,HAire2,65.1,84.9,11.7,0.0,0
2022,8214,NO,26.9,320.0,0.1,0.0,0
2022,8214,NO2,37.7,130.7,4.0,0.0,0
2022,8214,O3,26.7,114.1,0.8,7.0,0
2022,8214,PLiquida,0.1,15.8,0.0,0.0,0
2022,8214,PM10,44.9,89.7,16.0,10.0,0
2022,8214,PM2.5,21.4,43.6,5.4,11.0,0
2022,8214,RGlobal,139.47500000000002,432.725,0.0,0.0,0
2022,8214,SO2,6.6,23.7,1.5,0.0,0
2022,8214,TAire2,15.2,26.5,6.7,0.0,0
2022,8214,VViento,2.0,6.0,0.0,0.0,0
2022,8215,CO,139.47500000000002,432.725,37.1,0.0,0
2022,8215,DViento,139.47500000000002,360.0,0.0,0.0,0
2022,8215,NO,18.2,173.8,0.0,0.0,0
2022,8215,NO2,28.0,141.1,0.0,0.0,0
2022,8215,O3,23.6,104.4,0.5,3.0,0
2022,8215,PLiquida,0.2,37.4,0.0,0.0,0
2022,8215,PM10,23.9,112.1,1.9,32.0,0
2022,8215,PM2.5,15.4,122.0,1.0,399.0,0
2022,8215,VViento,1.2,8.1,0.0,0.0,0
2022,8216,CO,139.47500000000002,432.725,0.0,0.0,0
2022,8216,DViento,139.47500000000002,360.0,1.0,0.0,0
2022,8216,HAire2,73.8,100.1,10.7,0.0,0
2022,8216,NO,30.3,272.7,0.0,0.0,0
2022,8216,NO2,39.9,184.9,0.0,0.0,0
2022,8216,O3,16.5,87.8,0.1,0.0,0
2022,8216,P,139.47500000000002,432.725,37.1,0.0,0
2022,8216,PLiquida,0.1,29.7,0.0,0.0,0
2022,8216,PM10,31.4,164.4,2.3,106.0,0
2022,8216,PM2.5,16.2,71.2,0.8,359.0,0
2022,8216,RGlobal,139.47500000000002,432.725,0.0,0.0,0
2022,8216,SO2,3.0,9.6,0.8,0.0,0
2022,8216,TAire2,15.3,22.5,9.4,0.0,0
2022,8216,VViento,1.7,5.1,0.5,0.0,0
2022,8218,CO,139.47500000000002,432.725,0.0,0.0,0
2022,8218,DViento,139.47500000000002,360.0,0.0,0.0,0
2022,8218,NO,83.7,308.6,6.9,0.0,0
2022,8218,NO2,41.4,106.0,9.4,0.0,0
2022,8218,O3,11.8,67.5,0.3,0.0,0
2022,8218,PLiquida,0.1,25.7,0.0,0.0,0
2022,8218,PM10,75.1,108.8,37.1,35.0,0
2022,8218,PM2.5,33.4,96.0,1.0,523.0,0
2022,8218,SO2,11.0,309.4,0.0,10.0,0
2022,8218,TAire2,15.7,25.9,7.4,0.0,0
2022,8218,VViento,2.0,5.9,0.0,0.0,0
2022,8219,CO,139.47500000000002,432.725,37.1,0.0,0
2022,8219,DViento,133.0,360.0,0.0,0.0,0
2022,8219,HAire2,63.7,87.7,9.8,0.0,0
2022,8219,NO,22.0,279.6,0.0,0.0,0
2022,8219,NO2,26.5,132.1,0.0,0.0,0
2022,8219,O3,25.8,105.8,2.8,3.0,0
2022,8219,P,139.47500000000002,432.725,37.1,0.0,0
2022,8219,PLiquida,0.1,23.6,0.0,0.0,0
2022,8219,PM10,41.6,91.9,13.4,4.0,0
2022,8219,PM2.5,19.8,43.5,6.1,4.0,0
2022,8219,RGlobal,139.47500000000002,432.725,0.0,0.0,0
2022,8219,SO2,5.4,44.1,0.8,0.0,0
2022,8219,TAire2,14.5,28.7,2.3,0.0,0
2022,8219,VViento,1.1,4.8,0.0,0.0,0
2022,8234,PM10,31.1,63.0,15.0,0.0,0
2022,8235,CO,139.47500000000002,432.725,37.1,0.0,0
2022,8235,O3,27.4,66.7,2.8,0.0,0
2022,8235,PM10,22.3,45.0,9.0,0.0,0
2022,8235,PM2.5,14.1,31.0,6.0,0.0,0
2022,8235,SO2,5.8,13.8,1.9,0.0,0
2022,8243,CO,139.47500000000002,432.725,37.1,0.0,0
2022,8243,PM10,32.2,60.8,10.2,0.0,0
2022,8243,PM2.5,17.3,40.6,6.6,1.0,0
2022,8243,SO2,7.0,23.9,2.0,0.0,0
2022,8247,CO,139.47500000000002,432.725,22.9,0.0,0
2022,8247,NO2,14.8,74.9,1.0,0.0,0
2022,8247,PM10,26.7,180.0,1.0,237.0,0
2022,8247,SO2,6.5,20.4,1.5,0.0,0
2022,8248,NO2,20.4,79.1,1.8,0.0,0
2022,8248,PM10,28.1,120.1,1.1,74.0,0
2022,8248,PM2.5,15.2,72.4,1.0,112.0,0
2022,8248,SO2,3.3,10.3,1.6,0.0,0
2022,8249,CO,139.47500000000002,432.725,37.1,0.0,0
2022,8249,NO2,16.0,67.8,2.6,0.0,0
2022,8249,O3,25.2,80.7,1.7,0.0,0
2022,8249,PM10,22.4,149.4,1.2,65.0,0
2022,8249,PM2.5,12.1,45.7,3.1,1.0,0
2022,8249,SO2,3.0,8.3,1.3,0.0,0
2022,8250,NO2,20.5,77.8,2.0,0.0,0
2022,8250,PM10,28.4,139.5,2.5,170.0,0
2022,8250,PM2.5,13.6,40.4,3.1,1.0,0
2022,8250,SO2,4.3,14.1,1.9,0.0,0
2022,8251,NO2,13.9,51.5,1.0,0.0,0
2022,8251,SO2,48.4,96.6,19.4,33.0,0
2022,8252,NO2,20.3,73.3,1.1,0.0,0
2022,8252,PM10,35.9,234.0,1.0,572.0,0
2022,8252,PM2.5,10.9,32.7,3.1,0.0,0
2022,8252,SO2,9.0,22.5,2.0,0.0,0
2022,8254,NO2,15.1,70.3,1.0,0.0,0
2022,8254,PM10,28.7,148.0,1.0,247.0,0
2022,8254,PM2.5,10.7,53.5,1.0,21.0,0
2022,8258,PM10,24.7,33.9,17.6,0.0,0
2022,8285,O3,17.1,75.7,0.1,0.0,0
2022,8285,PM2.5,19.4,78.0,0.0,138.0,0
2022,8285,SO2,6.9,12.9,3.8,0.0,0
2022,8285,TAire2,24.6,34.0,18.9,0.0,0
2022,8288,DViento,61.5,360.0,0.2,0.0,0
2022,8288,HAire2,82.5,99.2,36.3,0.0,0
2022,8288,O3,33.8,135.7,1.9,18.0,0
2022,8288,P,139.47500000000002,432.725,37.1,0.0,0
2022,8288,PLiquida,0.3,75.3,0.0,0.0,0
2022,8288,PM10,28.8,71.2,9.7,0.0,0
2022,8288,PM2.5,11.2,30.8,4.0,0.0,0
2022,8288,RGlobal,139.47500000000002,432.725,0.0,0.0,0
2022,8288,TAire2,23.2,33.8,15.4,0.0,0
2022,8288,VViento,1.7,15.2,0.0,0.0,0
2022,8291,DViento,93.9,167.6,11.8,0.0,0
2022,8291,HAire2,82.4,100.0,23.3,0.0,0
2022,8291,O3,11.6,52.8,0.1,0.0,0
2022,8291,P,139.47500000000002,432.725,37.1,0.0,0
2022,8291,PLiquida,0.1,20.4,0.0,0.0,0
2022,8291,PM10,28.6,186.8,4.3,56.0,0
2022,8291,PM2.5,14.4,75.0,0.0,36.0,0
2022,8291,RGlobal,139.47500000000002,432.725,0.0,0.0,0
2022,8291,TAire2,23.1,32.0,16.3,0.0,0
2022,8291,VViento,0.6,37.7,0.0,0.0,0
2022,8775,CO,1.0,3.6,0.0,0.0,0
2022,8775,DViento,124.2,357.6,0.0,0.0,0
2022,8775,HAire2,77.3,100.0,33.2,0.0,0
2022,8775,NO,0.2,14.8,0.0,0.0,0
2022,8775,NO2,4.9,17.1,0.7,0.0,0
2022,8775,O3,12.9,43.0,0.0,0.0,0
2022,8775,P,139.47500000000002,432.725,0.0,0.0,0
2022,8775,PLiquida,0.1,22.8,0.0,0.0,0
2022,8775,PM10,29.6,170.4,0.0,98.0,0
2022,8775,PM2.5,10.5,20.1,0.0,0.0,0
2022,8775,RGlobal,118.4,432.725,0.0,0.0,0
2022,8775,TAire2,23.5,32.8,16.1,0.0,0
2022,8775,VViento,1.3,4.2,0.0,0.0,0
2022,8776,DViento,78.5,347.0,0.0,0.0,0
2022,8776,HAire2,80.7,97.1,37.1,0.0,0
2022,8776,P,139.47500000000002,432.725,37.1,0.0,0
2022,8776,TAire2,24.8,34.3,10.4,0.0,0
2022,8776,VViento,1.2,4.8,0.0,0.0,0
2022,8777,CO,0.8,6.4,0.0,0.0,0
2022,8777,DViento,139.47500000000002,322.0,14.1,0.0,0
2022,8777,HAire2,78.1,100.0,36.2,0.0,0
2022,8777,O3,14.3,58.1,0.0,0.0,0
2022,8777,P,139.47500000000002,432.725,37.1,0.0,0
2022,8777,PM10,26.1,200.7,0.0,133.0,0
2022,8777,PM2.5,10.7,23.3,5.7,0.0,0
2022,8777,RGlobal,139.47500000000002,432.725,0.0,0.0,0
2022,8777,SO2,11.5,33.6,0.3,0.0,0
2022,8777,TAire2,23.7,31.6,17.5,0.0,0
2022,8777,VViento,1.7,7.3,0.1,0.0,0
2022,8970,PM10,21.5,70.5,0.0,0.0,0
2022,8973,PM10,25.6,72.6,0.0,0.0,0
2022,8978,PM10,20.6,60.5,0.0,0.0,0
2022,8980,PM10,26.6,71.9,0.0,0.0,0
2022,8983,PM10,25.5,65.2,0.0,0.0,0
2022,8984,PM10,19.6,61.1,0.0,0.0,0
2022,8986,DViento,13.1,359.9,0.0,0.0,0
2022,8986,HAire2,70.0,91.7,37.1,0.0,0
2022,8986,O3,29.1,134.5,0.9,22.0,0
2022,8986,P,139.47500000000002,432.725,37.1,0.0,0
2022,8986,PLiquida,0.1,48.1,0.0,0.0,0
2022,8986,PM10,40.6,67.3,13.4,0.0,0
2022,8986,PM2.5,19.7,42.9,9.5,1.0,0
2022,8986,RGlobal,139.47500000000002,432.725,0.0,0.0,0
2022,8986,TAire2,24.4,35.7,17.5,0.0,0
2022,8986,VViento,0.6,5.8,0.0,0.0,0
2022,8990,PM10,27.8,46.0,7.0,0.0,0
2022,8994,PM10,17.0,45.0,4.0,0.0,0
2022,9023,CO,139.47500000000002,432.725,37.1,7.0,0
2022,9023,DViento,139.47500000000002,358.6,0.9,0.0,0
2022,9023,HAire2,74.8,100.0,31.2,0.0,0
2022,9023,NO,63.4,270.3,0.1,0.0,0
2022,9023,NO2,45.8,149.6,1.3,0.0,0
2022,9023,P,139.47500000000002,432.725,37.1,0.0,0
2022,9023,PLiquida,0.1,15.3,0.0,0.0,0
2022,9023,PM10,33.7,107.0,0.0,122.0,0
2022,9023,TAire2,21.6,31.0,15.4,0.0,0
2022,9023,VViento,0.6,3.3,0.0,0.0,0
2022,9024,PM10,27.3,49.3,9.2,0.0,0
2022,9025,PM10,43.3,74.4,22.5,0.0,0
2022,9026,PM10,39.8,93.0,10.4,7.0,0
2022,9026,PM2.5,20.2,59.3,6.0,6.0,0
2022,9027,PM10,31.6,74.9,4.5,0.0,0
2022,9027,PM2.5,8.3,39.4,0.6,1.0,0
2022,9039,PM10,35.2,96.0,12.9,3.0,0
2022,9041,PM10,24.2,90.1,4.4,1.0,0
2022,9042,PM10,26.6,92.4,9.2,1.0,0
2022,9043,PM10,21.6,76.3,3.6,1.0,0
2022,9043,PM2.5,4.9,17.8,1.0,0.0,0
2022,9044,PM10,26.4,135.2,3.8,2.0,0
2022,9044,PM2.5,5.3,18.6,0.7,0.0,0
2022,9048,PM10,32.5,76.0,10.1,1.0,0
2022,9048,PM2.5,15.6,38.5,6.1,1.0,0
2022,9050,PM10,17.6,73.3,2.6,0.0,0
2022,9051,PM10,36.8,95.2,9.3,7.0,0
2022,9051,PM2.5,15.0,36.5,5.7,0.0,0
2022,9053,PM10,28.0,78.8,6.5,1.0,0
2022,9056,PM10,32.1,93.2,6.0,2.0,0
2022,9060,PM2.5,20.8,48.2,7.0,3.0,0
2022,9085,PM10,17.0,48.2,6.2,0.0,0
2022,9101,PM10,26.3,62.5,13.0,0.0,0
2022,9102,PM10,28.4,49.1,9.2,0.0,0
2022,9117,PM10,10.4,20.7,3.0,0.0,0
2022,19566,PM10,44.8,432.725,6.8,843.0,0
2022,19566,PM2.5,21.9,79.1,5.9,25.0,0
2022,19566,SO2,6.7,29.7,1.8,0.0,0
2022,19661,PM10,19.9,31.9,8.8,0.0,0
2022,19661,PM2.5,18.7,36.7,3.3,0.0,0
2022,19662,PM10,30.0,54.2,10.1,0.0,0
2022,19662,PM2.5,13.5,22.6,5.4,0.0,0
2022,19664,PM10,16.8,43.0,4.8,0.0,0
2022,19665,PM10,18.5,35.3,7.8,0.0,0
2022,26179,PM10,39.5,114.9,12.2,3.0,0
2022,26181,PM10,27.7,92.6,9.3,2.0,0
2022,26182,PM10,29.3,92.9,8.9,1.0,0
2022,26184,PM10,34.2,104.8,13.6,3.0,0
2022,26190,HAire2,73.8,91.3,37.1,0.0,0
2022,26190,P,139.47500000000002,432.725,37.1,0.0,0
2022,26190,PM2.5,17.4,29.2,7.8,0.0,0
2022,26190,TAire2,25.6,34.5,19.1,0.0,0
2022,26191,PM10,23.6,44.7,3.4,0.0,0
2022,26191,PM2.5,10.1,15.9,5.0,0.0,0
2022,26288,CO,139.47500000000002,432.725,37.1,0.0,0
2022,26288,O3,50.27,52.9,37.1,0.0,0
2022,26288,PM10,39.5,47.3,22.3,0.0,0
2022,26288,PM2.5,12.9,15.2,8.3,0.0,0
2022,26288,SO2,12.4,16.9,10.1,0.0,0
2022,28202,CO,139.47500000000002,432.725,37.1,0.0,0
2022,28202,DViento,93.0,360.0,0.0,0.0,0
2022,28202,HAire2,70.7,95.0,14.0,0.0,0
2022,28202,NO,9.9,134.0,0.1,0.0,0
2022,28202,NO2,24.9,148.3,0.0,0.0,0
2022,28202,O3,21.0,106.0,0.2,3.0,0
2022,28202,PLiquida,0.3,26.2,0.0,0.0,0
2022,28202,PM10,25.2,56.7,6.5,0.0,0
2022,28202,PM2.5,15.2,102.0,1.0,434.0,0
2022,28202,RGlobal,139.47500000000002,432.725,0.0,0.0,0
2022,28202,TAire2,13.5,22.6,5.4,0.0,0
2022,28202,VViento,1.4,5.4,0.0,0.0,0
2022,28203,CO,139.47500000000002,432.725,23.9,0.0,0
2022,28203,NO,15.7,205.9,0.2,0.0,0
2022,28203,NO2,32.8,92.0,3.9,0.0,0
2022,28203,O3,11.4,64.2,0.0,0.0,0
2022,28203,PLiquida,0.1,35.7,0.0,0.0,0
2022,28203,PM10,35.7,75.3,9.3,0.0,0
2022,28203,PM2.5,16.2,88.2,0.1,219.0,0
2022,28203,SO2,3.1,12.3,0.4,0.0,0
2022,28625,PM10,28.1,65.2,0.0,0.0,0
2022,29384,PM10,39.2,46.8,22.1,0.0,0
2022,29493,DViento,139.47500000000002,359.4,0.1,0.0,0
2022,29493,HAire2,66.6,88.1,21.2,0.0,0
2022,29493,NO,26.8,186.4,0.0,0.0,0
2022,29493,NO2,27.2,103.2,0.0,0.0,0
2022,29493,P,139.47500000000002,432.725,37.1,0.0,0
2022,29493,PM2.5,24.1,113.0,0.0,1123.0,0
2022,29493,RGlobal,80.1,432.725,0.0,0.0,0
2022,29493,TAire2,21.1,30.8,14.6,0.0,0
2022,29493,VViento,0.7,4.0,0.0,0.0,0
2022,29501,DViento,46.4,359.5,1.2,0.0,0
2022,29501,HAire2,84.4,100.0,37.1,0.0,0
2022,29501,O3,26.8,86.2,2.9,0.0,0
2022,29501,P,139.47500000000002,432.725,37.1,0.0,0
2022,29501,PLiquida,0.1,9.9,0.0,0.0,0
2022,29501,TAire2,21.0,30.1,13.7,0.0,0
2022,29501,VViento,1.5,6.1,0.0,0.0,0
2022,29502,DViento,81.3,359.8,0.5,0.0,0
2022,29502,HAire2,72.4,87.0,37.1,0.0,0
2022,29502,O3,19.7,84.8,0.5,0.0,0
2022,29502,P,139.47500000000002,432.725,37.1,0.0,0
2022,29502,PM10,29.3,104.0,0.0,56.0,0
2022,29502,RGlobal,139.47500000000002,432.725,0.0,0.0,0
2022,29502,TAire2,20.5,30.0,12.5,0.0,0
2022,29502,VViento,0.9,4.2,0.0,0.0,0
2022,29509,NO,35.3,289.5,0.0,0.0,0
2022,29509,NO2,44.7,236.6,0.0,1.0,0
2022,29509,PM10,45.9,81.5,22.4,3.0,0
2022,29509,PM2.5,27.0,54.8,14.7,16.0,0
2022,29509,SO2,9.6,87.5,0.0,0.0,0
2022,29511,DViento,139.47500000000002,356.3,14.6,0.0,0
2022,29511,HAire2,88.8,100.0,36.0,0.0,0
2022,29511,O3,28.1,119.1,0.0,53.0,0
2022,29511,P,139.47500000000002,432.725,37.1,0.0,0
2022,29511,PLiquida,0.1,5.7,0.0,0.0,0
2022,29511,PM10,30.8,101.0,0.0,58.0,0
2022,29511,PM2.5,16.2,37.4,3.0,0.0,0
2022,29511,TAire2,19.1,28.6,12.9,0.0,0
2022,29511,VViento,0.8,4.0,0.0,0.0,0
2022,29529,DViento,139.47500000000002,357.4,9.8,0.0,0
2022,29529,HAire2,80.5,99.9,31.6,0.0,0
2022,29529,O3,29.4,121.7,1.1,35.0,0
2022,29529,P,139.47500000000002,432.725,37.1,0.0,0
2022,29529,PLiquida,0.1,9.4,0.0,0.0,0
2022,29529,TAire2,20.6,30.5,13.8,0.0,0
2022,29529,VViento,0.8,3.6,0.0,0.0,0
2022,29574,PM10,23.0,68.9,3.1,0.0,0
2022,29586,NO2,22.4,116.6,2.2,0.0,0
2022,29586,PM2.5,26.7,156.0,1.0,1904.0,0
2022,29586,SO2,19.5,58.9,3.5,1.0,0
2022,29600,DViento,139.47500000000002,359.1,0.6,0.0,0
2022,29600,HAire2,83.0,92.0,37.1,0.0,0
2022,29600,O3,23.3,112.4,0.0,17.0,0
2022,29600,P,139.47500000000002,432.725,37.1,0.0,0
2022,29600,PLiquida,0.1,12.7,0.0,0.0,0
2022,29600,PM2.5,19.3,41.8,5.3,4.0,0
2022,29600,TAire2,18.5,27.8,10.8,0.0,0
2022,29600,VViento,1.1,4.1,0.0,0.0,0
2022,29617,NO2,15.2,91.6,1.0,0.0,0
2022,29617,PM10,33.0,69.7,9.8,0.0,0
2022,29617,PM2.5,25.0,40.5,5.8,4.0,0
2022,29617,SO2,6.0,16.0,2.0,0.0,0
2022,29962,CO,139.47500000000002,432.725,37.1,0.0,0
2022,29962,O3,51.01,53.9,37.1,0.0,0
2022,29962,PM10,41.3,49.4,30.9,0.0,0
2022,29962,PM2.5,13.6,15.3,10.6,0.0,0
2022,29962,SO2,17.7,21.1,14.7,0.0,0
2022,30003,PM10,26.8,90.7,6.8,1.0,0
2022,30004,DViento,139.47500000000002,360.0,0.0,0.0,0
2022,30004,HAire2,68.1,98.5,27.1,0.0,0
2022,30004,O3,25.4,115.7,1.4,3.0,0
2022,30004,P,139.47500000000002,432.725,37.1,0.0,0
2022,30004,PLiquida,0.4,87.9,0.0,0.0,0
2022,30004,PM10,49.2,367.8,1.9,394.0,0
2022,30004,PM2.5,13.2,26.1,5.1,0.0,0
2022,30004,RGlobal,139.47500000000002,432.725,0.0,0.0,0
2022,30004,TAire2,25.8,34.9,20.1,0.0,0
2022,30004,VViento,1.2,7.0,0.0,0.0,0
2022,30040,PM10,20.4,70.5,3.6,0.0,0
2022,30040,PM2.5,12.4,38.4,1.5,1.0,0
2022,30040,SO2,5.5,58.1,1.5,2.0,0
2022,30044,DViento,139.47500000000002,328.0,25.0,0.0,0
2022,30044,HAire2,79.8,100.0,16.9,0.0,0
2022,30044,P,139.47500000000002,432.725,37.1,0.0,0
2022,30044,PM10,25.4,63.7,9.5,0.0,0
2022,30044,SO2,19.3,150.2,1.6,24.0,0
2022,30044,TAire2,14.0,22.5,3.6,0.0,0
2022,30044,VViento,2.1,7.3,0.3,0.0,0
2022,30057,PM10,34.7,69.5,13.9,0.0,0
2022,30090,PM10,19.7,66.9,5.4,0.0,0
2022,30109,DViento,139.47500000000002,349.2,13.3,0.0,0
2022,30109,HAire2,78.5,100.0,37.1,0.0,0
2022,30109,P,139.47500000000002,432.725,37.1,0.0,0
2022,30109,PLiquida,0.2,23.0,0.0,0.0,0
2022,30109,PM10,32.4,55.5,15.5,0.0,0
2022,30109,PM2.5,12.2,43.4,0.9,7.0,0
2022,30109,RGlobal,139.47500000000002,432.725,0.0,0.0,0
2022,30109,SO2,3.0,4.2,0.4,0.0,0
2022,30109,TAire2,23.6,32.0,18.2,0.0,0
2022,30109,VViento,1.4,23.5,0.3,0.0,0
2022,30110,DViento,13.1,360.0,0.0,0.0,0
2022,30110,HAire2,75.1,100.0,33.4,0.0,0
2022,30110,O3,15.7,63.0,1.5,0.0,0
2022,30110,P,139.47500000000002,432.725,37.1,0.0,0
2022,30110,PLiquida,0.2,35.8,0.0,0.0,0
2022,30110,PM10,56.0,288.0,0.0,994.0,0
2022,30110,PM2.5,15.6,31.8,7.9,0.0,0
2022,30110,RGlobal,139.47500000000002,432.725,17.0,0.0,0
2022,30110,TAire2,27.9,38.7,20.7,0.0,0
2022,30110,VViento,1.7,12.7,0.0,0.0,0
2022,30111,HAire2,77.5,97.9,37.1,0.0,0
2022,30111,P,139.47500000000002,432.725,37.1,0.0,0
2022,30111,PM10,46.9,168.0,0.0,312.0,0
2022,30111,PM2.5,15.0,68.6,0.8,69.0,0
2022,30111,SO2,3.3,13.5,1.0,0.0,0
2022,30111,TAire2,25.8,36.7,18.7,0.0,0
2022,30472,PM10,38.4,79.2,12.8,0.0,0
2022,30472,PM2.5,15.3,41.2,3.6,0.0,0
2022,30585,PM10,20.3,46.4,7.5,0.0,0
2022,30653,PM10,29.9,78.1,11.2,1.0,0
2022,30689,PM10,25.5,72.1,0.0,0.0,0
2022,30691,PM10,24.1,68.9,6.2,0.0,0
2022,30691,PM2.5,12.4,32.4,5.4,0.0,0
2022,30732,DViento,121.2,358.4,1.6,0.0,0
2022,30732,HAire2,84.1,98.5,31.4,0.0,0
2022,30732,O3,26.2,119.3,1.0,26.0,0
2022,30732,P,139.47500000000002,432.725,37.1,0.0,0
2022,30732,PLiquida,0.1,7.9,0.0,0.0,0
2022,30732,PM2.5,17.6,77.0,0.0,372.0,0
2022,30732,TAire2,17.4,26.8,11.0,0.0,0
2022,30732,VViento,0.7,4.1,0.0,0.0,0
2022,30733,NO,40.2,308.8,0.1,0.0,0
2022,30733,NO2,38.1,113.1,1.0,0.0,0
2022,30733,PM2.5,26.0,89.0,0.0,1374.0,0
2022,30810,DViento,139.47500000000002,354.4,9.4,0.0,0
2022,30810,HAire2,77.0,100.0,15.0,0.0,0
2022,30810,O3,21.6,99.0,0.3,0.0,0
2022,30810,P,139.47500000000002,432.725,26.1,0.0,0
2022,30810,PLiquida,0.8,11.3,0.0,0.0,0
2022,30810,PM10,46.7,232.7,0.0,1020.0,0
2022,30810,SO2,6.9,96.1,0.0,8.0,0
2022,30810,TAire2,14.3,27.4,3.9,0.0,0
2022,30810,VViento,1.7,9.7,0.1,0.0,0
2022,30812,PM10,33.8,66.7,11.8,0.0,0
2022,30815,DViento,139.47500000000002,360.0,0.2,0.0,0
2022,30815,HAire2,68.6,91.4,1.0,0.0,0
2022,30815,O3,22.5,107.7,0.0,4.0,0
2022,30815,P,139.47500000000002,432.725,37.1,0.0,0
2022,30815,PLiquida,0.1,27.8,0.0,0.0,0
2022,30815,PM10,26.0,187.0,0.0,245.0,0
2022,30815,PM2.5,18.8,45.7,4.6,6.0,0
2022,30815,RUVb,139.47500000000002,432.725,0.0,0.0,0
2022,30815,SO2,0.9,11.6,0.0,0.0,0
2022,30815,TAire2,14.7,72.3,0.4,0.0,0
2022,30815,VViento,0.9,5.3,0.0,0.0,0
2022,30836,PM10,31.4,108.6,7.4,4.0,0
2022,30841,PM10,33.3,106.4,5.1,2.0,0
2022,30855,DViento,100.4,136.6,37.1,0.0,0
2022,30855,HAire2,75.3,100.0,20.7,0.0,0
2022,30855,PM2.5,25.7,57.5,12.8,21.0,0
2022,30855,TAire2,20.6,31.8,14.6,0.0,0
2022,30855,VViento,1.4,5.3,0.0,0.0,0
2022,31331,DViento,133.0,281.8,37.1,0.0,0
2022,31331,PM2.5,11.9,33.0,5.9,0.0,0
2022,31331,TAire2,14.1,24.7,6.1,0.0,0
2022,31331,VViento,0.7,2.5,0.1,0.0,0
2022,31340,PM2.5,16.6,41.4,4.5,5.0,0
2022,31341,PM10,27.3,55.7,8.9,0.0,0
2022,31342,NO,25.1,243.7,0.0,0.0,0
2022,31342,NO2,29.8,130.0,1.3,0.0,0
2022,31342,PM10,35.7,129.0,1.0,236.0,0
2022,31343,PM2.5,10.7,38.9,3.0,1.0,0
2022,31360,DViento,44.3,352.2,13.0,0.0,0
2022,31360,HAire2,71.9,90.4,25.4,0.0,0
2022,31360,P,139.47500000000002,432.725,37.1,0.0,0
2022,31360,PLiquida,0.7,5.7,0.0,0.0,0
2022,31360,PM2.5,13.6,65.5,0.0,86.0,0
2022,31360,TAire2,20.7,29.9,13.9,0.0,0
2022,31360,VViento,1.5,5.3,0.0,0.0,0
2022,31362,PM2.5,14.1,39.4,6.4,1.0,0
2022,31364,PM2.5,19.6,43.9,9.5,3.0,0
2022,31366,PM2.5,16.1,36.0,7.8,0.0,0
2022,31367,PM2.5,17.7,43.1,8.6,1.0,0
2022,31369,PM2.5,20.5,83.2,0.0,796.0,0
2022,31371,PM2.5,19.6,41.9,9.8,4.0,0
2022,31373,PM2.5,15.9,44.6,6.0,4.0,0
2022,31375,PM2.5,15.5,42.1,3.7,2.0,0
2022,31379,PM2.5,16.1,40.2,2.0,2.0,0
2022,31381,DViento,139.47500000000002,358.0,0.0,0.0,0
2022,31381,NO,39.4,194.3,0.0,0.0,0
2022,31381,NO2,21.8,83.8,1.0,0.0,0
2022,31381,O3,26.8,135.2,0.0,28.0,0
2022,31381,P,139.47500000000002,432.725,37.1,0.0,0
2022,31381,PLiquida,0.2,23.0,0.0,0.0,0
2022,31381,PM10,37.5,115.0,0.0,284.0,0
2022,31381,RGlobal,139.47500000000002,432.725,0.0,0.0,0
2022,31381,TAire2,25.6,34.6,20.0,0.0,0
2022,31381,VViento,0.9,10.0,0.0,0.0,0
2022,31389,DViento,139.47500000000002,353.0,0.0,0.0,0
2022,31389,HAire2,75.5,88.8,37.1,0.0,0
2022,31389,O3,50.4,169.0,0.0,754.0,0
2022,31389,P,139.47500000000002,432.725,37.1,0.0,0
2022,31389,PLiquida,0.2,5.0,0.0,0.0,0
2022,31389,PM10,21.2,93.0,0.0,72.0,0
2022,31389,RGlobal,139.47500000000002,432.725,0.0,0.0,0
2022,31389,TAire2,24.9,35.0,18.9,0.0,0
2022,31389,VViento,0.7,3.8,0.0,0.0,0
2022,31441,DViento,22.0,359.0,0.0,0.0,0
2022,31441,HAire2,73.5,82.3,37.1,0.0,0
2022,31441,O3,30.3,74.8,5.6,0.0,0
2022,31441,P,139.47500000000002,432.725,37.1,0.0,0
2022,31441,PM10,53.0,106.7,7.2,271.0,0
2022,31441,PM2.5,11.8,50.4,1.2,30.0,0
2022,31441,RGlobal,139.47500000000002,432.725,0.0,0.0,0
2022,31441,TAire2,27.7,35.2,20.5,0.0,0
2022,31441,VViento,0.9,2.8,0.0,0.0,0
2022,31443,DViento,139.47500000000002,347.3,0.3,0.0,0
2022,31443,HAire2,77.8,96.0,37.1,0.0,0
2022,31443,O3,40.2,85.4,2.2,0.0,0
2022,31443,P,139.47500000000002,432.725,37.1,0.0,0
2022,31443,RGlobal,139.47500000000002,432.725,0.0,0.0,0
2022,31443,TAire2,27.1,35.2,20.5,0.0,0
2022,31443,VViento,1.0,2.8,0.0,0.0,0
2022,31468,PM10,43.2,81.9,15.1,1.0,0
2022,31477,PM10,25.7,44.0,14.1,0.0,0
2022,31478,PM10,17.8,38.0,5.0,0.0,0
2022,31485,HAire2,68.6,92.5,0.0,0.0,0
2022,31485,P,139.47500000000002,432.725,37.1,0.0,0
2022,31485,PM10,45.9,110.4,17.2,7.0,0
2022,31485,TAire2,27.2,32.5,22.7,0.0,0
2022,31485,VViento,1.7,4.9,0.0,0.0,0
2022,31496,HAire2,75.0,92.0,37.1,0.0,0
2022,31496,P,139.47500000000002,432.725,37.1,0.0,0
2022,31496,PM10,43.2,107.0,13.4,5.0,0
2022,31496,TAire2,27.0,32.8,22.6,0.0,0
2022,31496,VViento,2.1,5.8,0.4,0.0,0
2022,31530,CO,139.47500000000002,432.725,37.1,0.0,0
2022,31530,O3,50.12,54.3,37.1,0.0,0
2022,31530,PM10,39.0,50.2,22.0,0.0,0
2022,31530,PM2.5,13.1,15.6,9.3,0.0,0
2022,31530,SO2,9.7,11.5,8.9,0.0,0
2022,31533,NO2,24.6,84.8,3.6,0.0,0
2022,31533,PM10,37.7,326.1,2.1,406.0,0
2022,31533,PM2.5,16.2,98.8,1.0,140.0,0
2022,31533,SO2,7.7,47.4,1.9,0.0,0
2022,31628,DViento,139.47500000000002,214.8,37.1,0.0,0
2022,31628,HAire2,81.4,97.9,32.5,0.0,0
2022,31628,P,139.47500000000002,432.725,37.1,0.0,0
2022,31628,PLiquida,0.1,9.7,0.0,0.0,0
2022,31628,PM2.5,17.5,42.4,5.8,3.0,0
2022,31628,TAire2,20.0,29.8,13.4,0.0,0
2022,31628,VViento,0.9,4.0,0.0,0.0,0
2022,31637,PM10,18.0,36.0,9.0,0.0,0
2022,31639,PM10,19.0,33.0,10.0,0.0,0
2022,31661,DViento,32.1,359.9,0.1,0.0,0
2022,31661,HAire2,69.7,89.9,20.2,0.0,0
2022,31661,PM2.5,14.0,41.7,5.8,1.0,0
2022,31661,TAire2,21.8,32.6,14.2,0.0,0
2022,31661,VViento,0.6,4.1,0.0,0.0,0
2022,31684,CO,139.47500000000002,432.725,37.1,0.0,0
2022,31684,DViento,139.47500000000002,360.0,0.0,0.0,0
2022,31684,HAire2,68.5,90.0,18.0,0.0,0
2022,31684,NO,20.4,247.7,0.0,0.0,0
2022,31684,NO2,37.0,260.0,4.8,6.0,0
2022,31684,O3,33.4,134.4,1.4,69.0,0
2022,31684,P,139.47500000000002,432.725,37.1,0.0,0
2022,31684,PLiquida,0.1,27.5,0.0,0.0,0
2022,31684,PM10,40.5,89.4,14.0,5.0,0
2022,31684,PM2.5,19.3,46.6,4.8,2.0,0
2022,31684,SO2,4.4,10.9,0.6,0.0,0
2022,31684,TAire2,15.0,23.9,8.2,0.0,0
2022,31684,VViento,3.5,12.2,0.0,0.0,0
2022,31719,DViento,139.47500000000002,247.4,37.1,0.0,0
2022,31719,HAire2,79.4,100.0,13.0,0.0,0
2022,31719,P,139.47500000000002,432.725,37.1,0.0,0
2022,31719,PLiquida,0.1,12.0,0.0,0.0,0
2022,31719,PM10,32.0,191.0,0.0,711.0,0
2022,31719,TAire2,14.6,24.4,2.7,0.0,0
2022,31719,VViento,1.2,115.0,0.0,0.0,0
2022,31792,PM2.5,14.7,29.2,8.1,0.0,0
2022,31802,PM10,21.0,52.0,4.0,0.0,0
2022,31805,PM10,14.2,92.1,1.5,11.0,0
2022,31805,PM2.5,6.4,23.4,1.4,0.0,0
2022,31805,SO2,23.9,30.8,17.1,0.0,0
2022,31806,PM10,32.5,137.5,3.3,120.0,0
2022,31806,PM2.5,16.2,35.8,4.0,0.0,0
2022,31806,SO2,11.8,37.0,2.2,0.0,0
2022,31807,CO,139.47500000000002,432.725,37.1,0.0,0
2022,31807,NO2,33.4,139.7,2.0,0.0,0
2022,31807,PM10,52.6,432.725,1.7,1447.0,0
2022,31807,PM2.5,21.5,68.0,2.2,32.0,0
2022,31807,SO2,11.3,40.9,2.1,0.0,0
2022,31816,DViento,139.47500000000002,215.8,37.1,0.0,0
2022,31816,HAire2,85.8,99.7,37.1,0.0,0
2022,31816,O3,2.9,9.4,0.9,0.0,0
2022,31816,P,139.47500000000002,432.725,37.1,0.0,0
2022,31816,PLiquida,0.7,2.7,0.0,0.0,0
2022,31816,PM10,13.4,64.9,1.0,0.0,0
2022,31816,PM2.5,3.1,6.3,0.4,0.0,0
2022,31816,RUVb,44.6,191.9,3.1,0.0,0
2022,31816,TAire2,17.3,49.9,9.6,0.0,0
2022,31816,VViento,1.1,19.1,0.3,0.0,0
2022,31817,DViento,139.47500000000002,328.0,30.0,0.0,0
2022,31817,HAire2,77.6,100.0,31.6,0.0,0
2022,31817,NO,1.9,28.7,0.0,0.0,0
2022,31817,NO2,8.0,94.7,0.0,0.0,0
2022,31817,O3,15.0,53.7,0.0,0.0,0
2022,31817,P,139.47500000000002,432.725,37.1,0.0,0
2022,31817,PLiquida,0.1,43.4,0.0,0.0,0
2022,31817,PM10,24.5,382.3,0.0,24.0,0
2022,31817,RGlobal,139.47500000000002,432.725,0.0,0.0,0
2022,31817,TAire2,23.3,34.7,16.8,0.0,0
2022,31817,VViento,0.8,3.8,0.1,0.0,0
2022,31819,PM10,43.3,109.1,11.1,6.0,0
2022,31819,PM2.5,14.1,30.2,1.8,0.0,0
2022,31820,DViento,125.9,180.9,37.1,0.0,0
2022,31820,HAire2,66.9,87.5,26.4,0.0,0
2022,31820,P,139.47500000000002,432.725,37.1,0.0,0
2022,31820,PM10,34.4,195.3,4.8,222.0,0
2022,31820,PM2.5,12.6,83.2,3.4,34.0,0
2022,31820,TAire2,26.5,36.6,18.9,0.0,0
2022,31820,VViento,0.6,3.1,0.0,0.0,0
2022,31821,DViento,137.8,234.1,37.1,0.0,0
2022,31821,HAire2,80.9,94.2,37.1,0.0,0
2022,31821,PM10,34.7,82.1,8.7,2.0,0
2022,31821,PM2.5,11.4,32.3,0.0,0.0,0
2022,31821,TAire2,23.8,37.7,16.1,0.0,0
2022,31821,VViento,0.8,3.4,0.0,0.0,0
2022,31823,DViento,85.0,185.7,37.1,0.0,0
2022,31823,HAire2,69.3,92.4,32.0,0.0,0
2022,31823,P,139.47500000000002,432.725,0.0,0.0,0
2022,31823,PM10,29.5,275.2,0.0,210.0,0
2022,31823,PM2.5,11.0,25.7,6.5,0.0,0
2022,31823,TAire2,24.9,36.9,16.7,0.0,0
2022,31823,VViento,0.7,3.7,0.0,0.0,0
2022,31824,PM10,17.1,38.8,4.2,0.0,0
2022,31825,CO,139.47500000000002,432.725,2.0,0.0,0
2022,31825,DViento,122.3,164.8,13.4,0.0,0
2022,31825,HAire2,81.1,83.5,37.1,0.0,0
2022,31825,O3,24.1,59.9,8.9,0.0,0
2022,31825,PM10,41.0,132.5,5.9,104.0,0
2022,31825,PM2.5,14.1,35.8,8.4,0.0,0
2022,31825,SO2,1.2,11.8,0.0,0.0,0
2022,31825,TAire2,22.1,30.2,0.0,0.0,0
2022,31825,VViento,3.0,5.9,0.2,0.0,0
2022,31826,CO,139.47500000000002,432.725,0.0,0.0,0
2022,31826,DViento,139.47500000000002,360.0,0.0,0.0,0
2022,31826,HAire2,72.4,99.4,6.7,0.0,0
2022,31826,O3,22.1,80.4,0.0,0.0,0
2022,31826,P,139.47500000000002,432.725,37.1,0.0,0
2022,31826,PLiquida,0.1,33.0,0.0,0.0,0
2022,31826,PM10,29.6,63.3,12.3,0.0,0
2022,31826,PM2.5,15.5,40.1,1.0,2.0,0
2022,31826,RUVb,139.47500000000002,432.725,0.0,0.0,0
2022,31826,SO2,10.0,37.1,0.7,0.0,0
2022,31826,TAire2,14.3,24.1,3.7,0.0,0
2022,31826,VViento,0.8,5.0,0.0,0.0,0
2022,31827,CO,139.47500000000002,432.725,0.0,0.0,0
2022,31827,DViento,139.47500000000002,351.3,2.4,0.0,0
2022,31827,HAire2,74.7,99.3,3.6,0.0,0
2022,31827,NO2,16.1,90.6,0.1,0.0,0
2022,31827,O3,19.3,77.6,0.0,0.0,0
2022,31827,P,139.47500000000002,432.725,37.1,0.0,0
2022,31827,PLiquida,0.1,15.4,0.0,0.0,0
2022,31827,PM10,30.6,177.3,0.0,130.0,0
2022,31827,PM2.5,13.6,36.9,4.4,0.0,0
2022,31827,RUVb,139.47500000000002,432.725,0.0,0.0,0
2022,31827,SO2,5.8,24.2,0.6,0.0,0
2022,31827,TAire2,12.9,23.9,0.8,0.0,0
2022,31827,VViento,1.5,5.6,0.0,0.0,0
2022,31828,CO,139.47500000000002,432.725,0.0,1.0,0
2022,31828,DViento,139.47500000000002,332.4,37.1,0.0,0
2022,31828,HAire2,66.8,83.9,37.1,0.0,0
2022,31828,NO2,22.8,432.725,0.0,11.0,0
2022,31828,O3,13.9,62.6,0.0,0.0,0
2022,31828,P,139.47500000000002,432.725,37.1,0.0,0
2022,31828,PLiquida,0.8,24.9,0.0,0.0,0
2022,31828,PM10,22.8,55.1,6.3,0.0,0
2022,31828,PM2.5,13.0,29.4,4.2,0.0,0
2022,31828,RUVb,139.47500000000002,432.725,0.0,0.0,0
2022,31828,SO2,12.1,61.2,0.1,2.0,0
2022,31828,TAire2,13.9,26.1,0.0,0.0,0
2022,31828,VViento,1.3,5.2,0.0,0.0,0
2022,31829,CO,139.47500000000002,432.725,8.1,0.0,0
2022,31829,PM10,32.7,74.5,14.4,0.0,0
2022,31829,PM2.5,14.6,34.7,6.4,0.0,0
2022,31829,SO2,0.3,1.8,0.0,0.0,0
2022,31831,CO,121.4,432.725,0.0,0.0,0
2022,31831,DViento,33.3,358.3,1.3,0.0,0
2022,31831,HAire2,71.5,93.6,37.1,0.0,0
2022,31831,P,139.47500000000002,432.725,37.1,0.0,0
2022,31831,PLiquida,0.2,33.7,0.0,0.0,0
2022,31831,PM10,20.5,51.7,5.4,0.0,0
2022,31831,PM2.5,8.6,77.4,0.0,26.0,0
2022,31831,RGlobal,139.47500000000002,432.725,0.0,0.0,0
2022,31831,SO2,2.8,12.2,0.0,0.0,0
2022,31831,TAire2,27.4,33.8,20.2,0.0,0
2022,31831,VViento,1.8,6.3,0.2,0.0,0
2022,31832,CO,139.47500000000002,432.725,0.0,0.0,0
2022,31832,DViento,79.1,348.7,14.9,0.0,0
2022,31832,HAire2,71.2,98.5,37.1,0.0,0
2022,31832,O3,28.2,65.4,0.6,0.0,0
2022,31832,P,139.47500000000002,432.725,37.1,0.0,0
2022,31832,PLiquida,0.1,63.4,0.0,0.0,0
2022,31832,PM10,33.0,142.8,1.5,167.0,0
2022,31832,PM2.5,9.5,33.9,2.9,0.0,0
2022,31832,RGlobal,139.47500000000002,432.725,0.0,0.0,0
2022,31832,SO2,2.3,4.5,0.2,0.0,0
2022,31832,TAire2,25.0,32.7,17.8,0.0,0
2022,31833,CO,139.47500000000002,432.725,5.8,0.0,0
2022,31833,DViento,139.47500000000002,360.0,0.1,0.0,0
2022,31833,HAire2,83.7,99.7,33.3,0.0,0
2022,31833,O3,27.5,79.9,2.8,0.0,0
2022,31833,P,139.47500000000002,432.725,37.1,0.0,0
2022,31833,PLiquida,0.1,37.2,0.0,0.0,0
2022,31833,PM10,36.5,163.9,0.0,421.0,0
2022,31833,PM2.5,13.2,103.9,0.0,160.0,0
2022,31833,RGlobal,139.47500000000002,432.725,0.0,0.0,0
2022,31833,SO2,2.2,12.7,0.2,0.0,0
2022,31833,TAire2,25.3,33.2,19.1,0.0,0
2022,31833,VViento,1.3,4.7,0.0,0.0,0
2022,31834,CO,139.47500000000002,432.725,37.1,0.0,0
2022,31834,DViento,139.47500000000002,360.0,0.0,0.0,0
2022,31834,HAire2,59.7,84.0,12.0,0.0,0
2022,31834,NO,92.4,233.8,3.6,0.0,0
2022,31834,NO2,12.9,225.2,0.0,2.0,0
2022,31834,P,139.47500000000002,432.725,37.1,0.0,0
2022,31834,PLiquida,0.1,30.4,0.0,0.0,0
2022,31834,PM10,34.1,123.3,1.8,163.0,0
2022,31834,PM2.5,18.2,43.3,1.9,1.0,0
2022,31834,RGlobal,137.7,432.725,0.0,0.0,0
2022,31834,TAire2,15.7,25.9,8.1,0.0,0
2022,31834,VViento,0.9,4.3,0.0,0.0,0
2022,31839,DViento,139.47500000000002,359.0,28.4,0.0,0
2022,31839,HAire2,75.5,99.5,25.4,0.0,0
2022,31839,PM2.5,14.9,38.1,5.7,1.0,0
2022,31839,TAire2,28.1,38.1,20.9,0.0,0
2022,31839,VViento,0.4,3.1,0.0,0.0,0
2022,31841,CO,139.47500000000002,432.725,0.0,0.0,0
2022,31841,DViento,139.47500000000002,360.0,2.0,0.0,0
2022,31841,HAire2,70.0,96.4,9.1,0.0,0
2022,31841,NO,18.5,178.9,0.3,0.0,0
2022,31841,NO2,29.8,154.1,2.4,0.0,0
2022,31841,O3,26.3,102.4,0.1,3.0,0
2022,31841,P,139.47500000000002,432.725,37.1,0.0,0
2022,31841,PLiquida,0.1,17.7,0.0,0.0,0
2022,31841,PM10,38.4,198.7,2.2,546.0,0
2022,31841,PM2.5,13.9,39.5,2.2,3.0,0
2022,31841,RGlobal,139.47500000000002,432.725,0.0,0.0,0
2022,31841,SO2,7.5,19.9,2.1,0.0,0
2022,31841,TAire2,14.6,22.3,5.2,0.0,0
2022,31841,VViento,1.4,6.3,0.0,0.0,0
2022,31847,DViento,139.47500000000002,322.0,29.0,0.0,0
2022,31847,HAire2,60.8,100.0,21.6,0.0,0
2022,31847,P,139.47500000000002,432.725,0.0,0.0,0
2022,31847,PM10,38.7,193.7,2.1,631.0,0
2022,31847,PM2.5,13.6,25.7,7.0,0.0,0
2022,31847,RGlobal,139.47500000000002,432.725,0.0,0.0,0
2022,31847,TAire2,25.0,34.0,18.8,0.0,0
2022,31847,VViento,1.0,5.1,0.1,0.0,0
2022,31849,DViento,139.47500000000002,359.8,0.7,0.0,0
2022,31849,HAire2,80.9,98.0,32.0,0.0,0
2022,31849,PLiquida,0.2,56.1,0.0,0.0,0
2022,31849,PM10,70.1,331.0,4.0,464.0,0
2022,31849,PM2.5,29.2,47.1,11.4,32.0,0
2022,31849,TAire2,22.3,33.0,15.7,0.0,0
2022,31849,VViento,0.8,4.8,0.0,0.0,0
2022,31851,DViento,139.47500000000002,337.5,0.0,0.0,0
2022,31851,HAire2,68.9,85.5,37.1,0.0,0
2022,31851,PLiquida,0.4,94.2,0.0,0.0,0
2022,31851,PM10,30.2,62.9,8.3,0.0,0
2022,31851,TAire2,28.1,38.1,2.7,0.0,0
2022,31851,VViento,0.4,3.1,0.0,0.0,0
2022,31852,DViento,139.47500000000002,343.7,13.1,0.0,0
2022,31852,HAire2,83.9,100.0,34.4,0.0,0
2022,31852,O3,23.8,124.8,0.0,18.0,0
2022,31852,P,139.47500000000002,432.725,37.1,0.0,0
2022,31852,PLiquida,0.1,4.7,0.0,0.0,0
2022,31852,TAire2,19.6,28.8,13.4,0.0,0
2022,31852,VViento,0.8,3.0,0.0,0.0,0
2022,31853,PM10,55.6,304.0,0.0,1647.0,0
2022,31854,DViento,71.9,359.5,0.2,0.0,0
2022,31854,HAire2,69.5,90.8,22.8,0.0,0
2022,31854,NO,52.5,355.2,0.2,0.0,0
2022,31854,NO2,46.8,178.6,1.7,0.0,0
2022,31854,O3,22.6,108.7,0.0,8.0,0
2022,31854,P,139.47500000000002,432.725,37.1,0.0,0
2022,31854,PLiquida,0.1,11.6,0.0,0.0,0
2022,31854,PM2.5,22.1,77.0,0.0,647.0,0
2022,31854,TAire2,21.7,30.9,15.9,0.0,0
2022,31854,VViento,2.1,7.3,0.0,0.0,0
2022,31855,DViento,89.2,335.9,37.1,0.0,0
2022,31855,HAire2,83.3,96.1,37.1,0.0,0
2022,31855,P,139.47500000000002,432.725,37.1,0.0,0
2022,31855,PLiquida,0.1,13.7,0.0,0.0,0
2022,31855,PM2.5,8.7,27.8,2.8,0.0,0
2022,31855,TAire2,13.3,19.9,8.4,0.0,0
2022,31855,VViento,2.1,11.5,0.0,0.0,0
2022,31856,CO,139.47500000000002,432.725,0.7,0.0,0
2022,31856,DViento,44.6,356.9,1.0,0.0,0
2022,31856,HAire2,82.7,100.0,28.8,0.0,0
2022,31856,NO,10.1,115.6,0.0,0.0,0
2022,31856,NO2,20.0,97.2,0.0,0.0,0
2022,31856,O3,28.1,86.2,3.3,0.0,0
2022,31856,P,139.47500000000002,432.725,37.1,0.0,0
2022,31856,PLiquida,1.2,11.0,0.0,0.0,0
2022,31856,PM10,35.4,73.8,15.8,0.0,0
2022,31856,PM2.5,12.7,43.9,2.9,2.0,0
2022,31856,SO2,23.4,44.8,6.1,0.0,0
2022,31856,TAire2,20.4,28.6,14.7,0.0,0
2022,31856,VViento,1.2,5.3,0.0,0.0,0
2022,31857,CO,139.47500000000002,432.725,37.1,0.0,0
2022,31857,DViento,119.4,352.8,12.7,0.0,0
2022,31857,HAire2,86.7,100.0,37.1,0.0,0
2022,31857,NO2,13.2,98.2,0.0,0.0,0
2022,31857,O3,31.8,79.9,2.2,0.0,0
2022,31857,PLiquida,0.3,24.9,0.0,0.0,0
2022,31857,PM10,24.6,183.9,2.5,129.0,0
2022,31857,PM2.5,13.2,130.6,1.0,177.0,0
2022,31857,RGlobal,139.47500000000002,432.725,0.0,0.0,0
2022,31857,SO2,5.2,28.2,1.0,0.0,0
2022,31857,TAire2,17.4,25.3,10.2,0.0,0
2022,31857,VViento,1.0,4.9,0.0,0.0,0
2022,31860,O3,9.0,48.6,1.3,0.0,0
2022,31860,PM10,39.5,171.8,3.4,414.0,0
2022,31860,PM2.5,18.6,107.0,1.1,629.0,0
2022,31860,SO2,3.0,9.5,1.3,0.0,0
2022,31861,NO2,38.0,118.2,4.9,0.0,0
2022,31861,PM10,32.7,175.0,2.6,260.0,0
2022,31861,PM2.5,15.4,41.5,3.6,1.0,0
2022,31861,SO2,3.9,11.2,1.5,0.0,0
2022,31862,PM10,17.9,85.6,1.8,2.0,0
2022,31862,PM2.5,8.4,47.6,1.0,21.0,0
2022,31863,CO,139.47500000000002,432.725,37.1,0.0,0
2022,31863,NO2,46.8,118.9,15.4,0.0,0
2022,31863,PM10,24.6,133.9,2.4,63.0,0
2022,31863,PM2.5,8.7,21.4,2.2,0.0,0
2022,31863,SO2,4.3,11.7,1.7,0.0,0
2022,31864,PM10,35.8,207.2,2.2,553.0,0
2022,31864,PM2.5,12.3,34.6,2.6,0.0,0
2022,31873,CO,139.47500000000002,432.725,37.1,0.0,0
2022,31873,DViento,139.47500000000002,360.0,0.0,0.0,0
2022,31873,HAire2,70.6,100.0,8.5,0.0,0
2022,31873,NO,20.4,271.3,0.0,0.0,0
2022,31873,NO2,35.3,148.9,5.3,0.0,0
2022,31873,O3,20.4,97.6,0.1,0.0,0
2022,31873,P,139.47500000000002,432.725,37.1,0.0,0
2022,31873,PLiquida,0.1,18.4,0.0,0.0,0
2022,31873,PM10,33.1,68.6,4.7,0.0,0
2022,31873,PM2.5,16.9,46.5,2.8,5.0,0
2022,31873,RGlobal,139.47500000000002,432.725,0.0,0.0,0
2022,31873,SO2,3.0,10.9,0.6,0.0,0
2022,31873,TAire2,15.1,22.5,8.1,0.0,0
2022,31873,VViento,1.6,7.8,0.1,0.0,0
2022,31874,CO,139.47500000000002,432.725,37.1,0.0,0
2022,31874,DViento,94.0,360.0,0.0,0.0,0
2022,31874,HAire2,75.9,96.0,17.0,0.0,0
2022,31874,NO,21.0,286.1,0.0,0.0,0
2022,31874,NO2,29.9,121.2,4.1,0.0,0
2022,31874,O3,28.5,104.8,0.3,2.0,0
2022,31874,P,139.47500000000002,432.725,37.1,0.0,0
2022,31874,PLiquida,0.1,17.9,0.0,0.0,0
2022,31874,PM10,42.3,109.7,9.5,18.0,0
2022,31874,PM2.5,19.7,112.1,0.1,760.0,0
2022,31874,RGlobal,139.47500000000002,432.725,0.0,0.0,0
2022,31874,SO2,7.9,20.3,1.8,0.0,0
2022,31874,TAire2,14.0,20.7,7.5,0.0,0
2022,31874,VViento,2.3,8.1,0.3,0.0,0
2022,31875,CO,139.47500000000002,432.725,19.9,0.0,0
2022,31875,DViento,139.47500000000002,360.0,0.0,0.0,0
2022,31875,NO,9.4,129.1,0.2,0.0,0
2022,31875,NO2,36.2,103.8,0.7,0.0,0
2022,31875,O3,9.8,53.1,0.5,0.0,0
2022,31875,P,139.47500000000002,432.725,37.1,0.0,0
2022,31875,PLiquida,0.1,20.0,0.0,0.0,0
2022,31875,PM10,20.0,49.2,5.3,0.0,0
2022,31875,PM2.5,11.1,33.0,2.5,0.0,0
2022,31875,RGlobal,110.1,432.725,0.0,0.0,0
2022,31875,SO2,1.4,4.0,0.2,0.0,0
2022,31875,TAire2,14.4,22.1,6.5,0.0,0
2022,31875,VViento,1.4,7.7,0.2,0.0,0
2022,31876,CO,139.47500000000002,432.725,37.1,0.0,0
2022,31876,DViento,139.47500000000002,359.0,1.0,0.0,0
2022,31876,HAire2,73.3,94.0,18.0,0.0,0
2022,31876,NO,38.8,385.4,0.0,0.0,0
2022,31876,NO2,41.5,123.0,2.1,0.0,0
2022,31876,O3,20.1,96.8,0.1,0.0,0
2022,31876,P,139.47500000000002,432.725,37.1,0.0,0
2022,31876,PM10,54.6,111.2,16.4,56.0,0
2022,31876,PM2.5,22.2,125.8,0.4,1044.0,0
2022,31876,RGlobal,139.47500000000002,432.725,0.0,0.0,0
2022,31876,SO2,3.4,14.2,1.3,0.0,0
2022,31876,TAire2,15.1,23.0,7.2,0.0,0
2022,31876,VViento,1.4,5.1,0.0,0.0,0
2022,31877,CO,139.47500000000002,432.725,37.1,0.0,0
2022,31877,NO2,16.4,75.5,1.0,0.0,0
2022,31877,PM10,31.6,68.5,9.6,0.0,0
2022,31877,PM2.5,15.0,81.8,1.0,218.0,0
2022,31882,DViento,27.8,359.8,0.3,0.0,0
2022,31882,HAire2,58.6,76.5,3.6,0.0,0
2022,31882,NO2,19.5,142.6,0.8,0.0,0
2022,31882,O3,26.9,90.7,1.3,0.0,0
2022,31882,PLiquida,0.2,57.2,0.0,0.0,0
2022,31882,PM2.5,15.7,48.6,6.0,2.0,0
2022,31882,RGlobal,139.47500000000002,432.725,0.0,0.0,0
2022,31882,TAire2,20.9,34.2,1.9,0.0,0
2022,31882,VViento,0.8,4.6,0.0,0.0,0
2022,31884,PM10,19.5,38.0,9.0,0.0,0
2022,31907,DViento,139.47500000000002,348.8,37.1,0.0,0
2022,31907,HAire2,78.3,100.0,22.6,0.0,0
2022,31907,PLiquida,0.3,62.2,0.0,0.0,0
2022,31907,PM2.5,21.6,121.0,4.0,493.0,0
2022,31907,TAire2,19.9,30.6,11.8,0.0,0
2022,31907,VViento,0.8,4.9,0.0,0.0,0
2022,31908,DViento,122.2,221.5,15.0,0.0,0
2022,31908,PM2.5,15.2,72.0,4.0,16.0,0
2022,31908,TAire2,13.7,23.1,6.4,0.0,0
2022,31908,VViento,1.2,4.9,0.0,0.0,0
2022,31909,DViento,135.0,337.5,0.0,0.0,0
2022,31909,HAire2,66.7,83.0,35.0,0.0,0
2022,31909,PLiquida,0.1,10.9,0.0,0.0,0
2022,31909,PM10,27.1,44.6,14.4,0.0,0
2022,31909,PM2.5,19.6,39.1,10.8,1.0,0
2022,31909,TAire2,16.0,24.7,9.0,0.0,0
2022,31909,VViento,0.6,4.0,0.0,0.0,0
2022,31910,DViento,132.3,326.9,4.2,0.0,0
2022,31910,HAire2,89.7,100.0,37.1,0.0,0
2022,31910,PLiquida,0.1,11.7,0.0,0.0,0
2022,31910,PM10,32.6,51.3,17.1,0.0,0
2022,31910,PM2.5,19.2,36.4,13.4,0.0,0
2022,31910,TAire2,16.9,23.6,10.9,0.0,0
2022,31910,VViento,1.1,4.9,0.0,0.0,0
2022,31911,DViento,92.4,304.6,1.3,0.0,0
2022,31911,HAire2,79.5,89.0,37.1,0.0,0
2022,31911,PLiquida,0.4,53.1,0.0,0.0,0
2022,31911,PM10,73.2,108.1,37.1,7.0,0
2022,31911,PM2.5,18.1,26.3,13.2,0.0,0
2022,31911,TAire2,26.7,34.8,21.4,0.0,0
2022,31911,VViento,0.2,2.7,0.0,0.0,0
2022,31912,DViento,139.47500000000002,350.5,37.1,0.0,0
2022,31912,HAire2,89.4,99.0,37.1,0.0,0
2022,31912,PLiquida,0.2,27.2,0.0,0.0,0
2022,31912,PM10,31.1,37.5,25.9,0.0,0
2022,31912,PM2.5,20.7,32.4,12.3,0.0,0
2022,31912,TAire2,25.2,34.0,20.2,0.0,0
2022,31912,VViento,0.2,4.0,0.0,0.0,0
2022,31913,CO,139.47500000000002,432.725,0.0,0.0,0
2022,31913,DViento,139.47500000000002,359.8,0.0,0.0,0
2022,31913,HAire2,78.5,99.2,37.1,0.0,0
2022,31913,NO,17.5,191.2,1.0,0.0,0
2022,31913,NO2,26.2,78.6,0.5,0.0,0
2022,31913,O3,20.7,73.8,0.2,0.0,0
2022,31913,P,139.47500000000002,432.725,37.1,0.0,0
2022,31913,PLiquida,0.2,31.2,0.0,0.0,0
2022,31913,PM10,22.8,105.5,4.9,22.0,0
2022,31913,PM2.5,10.5,79.1,2.0,15.0,0
2022,31913,RGlobal,139.47500000000002,432.725,0.0,0.0,0
2022,31913,SO2,1.1,1.9,0.1,0.0,0
2022,31913,TAire2,23.0,30.4,16.7,0.0,0
2022,31913,VViento,1.8,6.9,0.2,0.0,0
2022,31914,DViento,139.47500000000002,358.8,1.9,0.0,0
2022,31914,HAire2,83.1,100.0,37.1,0.0,0
2022,31914,O3,25.3,79.3,0.0,0.0,0
2022,31914,P,139.47500000000002,432.725,37.1,0.0,0
2022,31914,PLiquida,0.2,49.2,0.0,0.0,0
2022,31914,PM10,18.6,80.0,2.8,1.0,0
2022,31914,PM2.5,10.0,28.6,2.9,0.0,0
2022,31914,RGlobal,139.47500000000002,432.725,0.0,0.0,0
2022,31914,SO2,2.1,4.5,0.0,0.0,0
2022,31914,TAire2,23.1,29.6,17.8,0.0,0
2022,31914,VViento,1.4,5.3,0.3,0.0,0
2022,31915,DViento,110.9,359.9,0.4,0.0,0
2022,31915,HAire2,80.3,99.8,37.1,0.0,0
2022,31915,O3,24.3,69.2,0.8,0.0,0
2022,31915,P,139.47500000000002,432.725,37.1,0.0,0
2022,31915,PLiquida,0.3,84.2,0.0,0.0,0
2022,31915,PM10,18.8,99.9,0.9,5.0,0
2022,31915,PM2.5,9.1,24.0,2.0,0.0,0
2022,31915,RGlobal,139.47500000000002,432.725,0.0,0.0,0
2022,31915,SO2,1.6,9.7,0.0,0.0,0
2022,31915,TAire2,23.7,30.5,17.7,0.0,0
2022,31915,VViento,1.9,6.2,0.3,0.0,0
2022,31916,CO,139.47500000000002,432.725,37.1,0.0,0
2022,31916,DViento,139.47500000000002,359.9,0.2,0.0,0
2022,31916,HAire2,78.8,99.6,37.1,0.0,0
2022,31916,NO,20.8,136.1,1.0,0.0,0
2022,31916,NO2,22.6,82.9,1.5,0.0,0
2022,31916,O3,10.8,54.8,0.0,0.0,0
2022,31916,P,139.47500000000002,432.725,37.1,0.0,0
2022,31916,PLiquida,0.2,34.6,0.0,0.0,0
2022,31916,PM10,18.2,67.7,4.6,0.0,0
2022,31916,PM2.5,10.5,30.4,3.4,0.0,0
2022,31916,RGlobal,139.47500000000002,432.725,0.0,0.0,0
2022,31916,SO2,1.2,3.6,0.2,0.0,0
2022,31916,TAire2,23.3,30.2,17.7,0.0,0
2022,31916,VViento,1.4,4.3,0.2,0.0,0
2022,31924,PM10,21.6,131.0,2.2,41.0,0
2022,31924,PM2.5,9.5,40.1,2.5,1.0,0
2022,31927,PM10,8.9,25.0,4.0,0.0,0
2022,31930,DViento,139.47500000000002,359.8,0.0,0.0,0
2022,31930,PM2.5,10.4,20.0,6.2,0.0,0
2022,31930,TAire2,27.6,37.3,20.6,0.0,0
2022,31930,VViento,1.0,5.1,0.0,0.0,0
2022,31937,PM10,20.7,41.3,6.9,0.0,0
2022,31937,PM2.5,8.1,20.7,1.9,0.0,0
2022,31938,PM10,38.5,85.2,16.4,1.0,0
2022,31938,PM2.5,13.3,31.7,2.8,0.0,0
2022,31939,PM10,33.5,68.8,8.2,0.0,0
2022,31939,PM2.5,12.9,44.6,2.4,1.0,0
2022,31940,PM10,50.9,85.0,14.6,3.0,0
2022,31940,PM2.5,14.8,37.2,3.4,0.0,0
2022,31942,CO,139.47500000000002,432.725,37.1,0.0,0
2022,31942,NO2,10.0,37.3,1.2,0.0,0
2022,31942,PM10,38.2,432.725,5.0,407.0,0
2022,31946,O3,29.0,105.9,0.0,2.0,0
2022,31946,PM2.5,15.7,32.1,6.9,0.0,0
2022,31947,CO,139.47500000000002,432.725,0.7,0.0,0
2022,31947,O3,38.3,88.2,1.7,0.0,0
2022,31947,PM2.5,27.4,69.0,3.3,82.0,0
2022,31947,SO2,0.5,6.8,0.0,0.0,0
2022,31948,PM10,12.5,23.0,6.0,0.0,0
2022,31949,PM10,22.4,55.6,8.9,0.0,0
2022,31949,PM2.5,9.5,26.1,2.8,0.0,0
2022,31950,DViento,139.47500000000002,249.5,37.1,0.0,0
2022,31950,HAire2,71.2,87.4,37.1,0.0,0
2022,31950,O3,20.4,89.2,0.0,0.0,0
2022,31950,P,139.47500000000002,432.725,37.1,0.0,0
2022,31950,PLiquida,0.7,1.3,0.0,0.0,0
2022,31950,PM2.5,17.6,126.7,0.0,145.0,0
2022,31950,RGlobal,52.2,188.6,3.1,0.0,0
2022,31950,TAire2,23.0,34.9,10.5,0.0,0
2022,31950,VViento,1.3,16.6,0.0,0.0,0
2022,31957,HAire2,86.3,100.0,37.1,0.0,0
2022,31957,P,139.47500000000002,432.725,37.1,0.0,0
2022,31957,PLiquida,3.8,33.4,0.2,0.0,0
2022,31957,PM10,42.2,129.4,5.8,23.0,0
2022,31957,PM2.5,8.6,18.1,4.4,0.0,0
2022,31957,RGlobal,139.47500000000002,432.725,0.0,0.0,0
2022,31957,TAire2,27.6,34.7,21.7,0.0,0
2022,31957,VViento,1.5,5.6,0.0,0.0,0
2022,31958,DViento,139.47500000000002,245.7,37.1,0.0,0
2022,31958,PM2.5,22.0,33.7,6.6,0.0,0
2022,31958,TAire2,19.6,28.1,13.7,0.0,0
2022,31958,VViento,1.2,2.9,0.4,0.0,0
2022,31959,DViento,139.47500000000002,359.2,0.4,0.0,0
2022,31959,HAire2,70.1,79.1,37.1,0.0,0
2022,31959,PM2.5,11.9,22.2,6.0,0.0,0
2022,31959,TAire2,21.5,31.2,13.5,0.0,0
2022,31959,VViento,0.9,3.9,0.0,0.0,0
2022,31960,CO,139.47500000000002,432.725,37.1,0.0,0
2022,31960,O3,50.97,54.4,37.1,0.0,0
2022,31960,PM2.5,13.2,15.6,9.8,0.0,0
2022,31960,SO2,10.0,11.7,8.8,0.0,0
2022,31961,DViento,98.7,215.5,29.7,0.0,0
2022,31961,HAire2,79.6,94.0,37.1,0.0,0
2022,31961,PM10,27.0,72.2,13.6,0.0,0
2022,31961,PM2.5,11.8,13.2,9.7,0.0,0
2022,31961,TAire2,28.7,36.2,23.7,0.0,0
2022,31961,VViento,0.4,2.2,0.0,0.0,0
2022,31962,PM10,34.8,59.3,9.2,0.0,0
2022,31962,PM2.5,15.7,23.9,3.0,0.0,0
2022,31964,PM10,31.0,56.1,10.0,0.0,0
2022,31964,PM2.5,12.6,30.6,3.4,0.0,0
2022,31967,DViento,104.5,336.7,12.7,0.0,0
2022,31967,HAire2,83.9,96.0,37.1,0.0,0
2022,31967,PLiquida,0.8,5.1,0.0,0.0,0
2022,31967,PM10,34.3,38.9,30.4,0.0,0
2022,31967,PM2.5,16.3,19.8,12.5,0.0,0
2022,31967,TAire2,26.9,33.7,22.3,0.0,0
2022,31967,VViento,0.3,1.3,0.0,0.0,0
2022,31968,DViento,104.5,336.7,12.7,0.0,0
2022,31968,HAire2,83.9,96.0,37.1,0.0,0
2022,31968,PLiquida,0.8,5.1,0.0,0.0,0
2022,31968,PM10,57.3,67.8,37.1,0.0,0
2022,31968,PM2.5,16.0,19.1,12.4,0.0,0
2022,31968,TAire2,26.9,33.7,22.3,0.0,0
2022,31968,VViento,0.3,1.3,0.0,0.0,0
2022,31969,DViento,90.0,337.5,0.0,0.0,0
2022,31969,HAire2,84.3,94.0,37.1,0.0,0
2022,31969,PLiquida,0.9,8.9,0.0,0.0,0
2022,31969,PM10,32.0,33.8,28.6,0.0,0
2022,31969,PM2.5,20.4,25.1,17.2,0.0,0
2022,31969,TAire2,16.8,22.0,12.2,0.0,0
2022,31969,VViento,1.0,4.5,0.0,0.0,0
2022,31970,DViento,117.5,145.3,37.1,0.0,0
2022,31970,HAire2,71.4,95.0,37.1,0.0,0
2022,31970,PLiquida,0.9,8.9,0.0,0.0,0
2022,31970,PM10,32.5,42.0,21.4,0.0,0
2022,31970,PM2.5,18.0,21.4,14.5,0.0,0
2022,31970,TAire2,16.8,22.0,12.2,0.0,0
2022,31970,VViento,1.0,4.5,0.0,0.0,0
2022,31979,DViento,119.1,357.2,9.7,0.0,0
2022,31979,HAire2,78.8,94.0,37.1,0.0,0
2022,31979,P,139.47500000000002,432.725,37.1,0.0,0
2022,31979,PLiquida,0.1,46.4,0.0,0.0,0
2022,31979,PM10,28.2,220.6,3.1,41.0,0
2022,31979,PM2.5,13.1,74.1,1.3,41.0,0
2022,31979,RGlobal,139.47500000000002,432.725,0.0,0.0,0
2022,31979,TAire2,27.9,37.8,21.0,0.0,0
2022,31979,VViento,3.2,7.3,0.0,0.0,0
2022,31980,DViento,78.0,360.0,0.5,0.0,0
2022,31980,HAire2,76.9,93.7,37.1,0.0,0
2022,31980,PLiquida,0.1,35.2,0.0,0.0,0
2022,31980,PM10,14.2,108.4,2.0,8.0,0
2022,31980,PM2.5,6.7,22.9,1.4,0.0,0
2022,31980,RGlobal,139.47500000000002,432.725,0.0,0.0,0
2022,31980,TAire2,28.7,35.3,23.5,0.0,0
2022,31980,VViento,5.5,12.0,0.2,0.0,0
2023,8207,CO,139.47500000000002,432.725,0.0,0.0,0
2023,8207,NO2,18.3,110.2,0.0,0.0,0
2023,8207,O3,35.4,139.0,0.4,21.0,0
2023,8207,PM10,20.1,96.7,0.3,55.0,0
2023,8207,PM2.5,10.7,58.0,1.0,93.0,0
2023,8207,SO2,1.7,25.7,0.0,0.0,0
2023,8208,CO,139.47500000000002,432.725,37.1,0.0,0
2023,8208,NO2,27.4,143.4,0.0,0.0,0
2023,8208,O3,26.1,114.1,0.1,9.0,0
2023,8208,PM10,24.7,104.6,2.9,37.0,0
2023,8208,PM2.5,14.2,84.0,1.0,181.0,0
2023,8210,CO,139.47500000000002,432.725,0.0,0.0,0
2023,8210,NO2,23.1,77.9,0.2,0.0,0
2023,8210,O3,19.8,81.3,0.9,0.0,0
2023,8210,PM10,33.2,145.8,3.3,301.0,0
2023,8210,PM2.5,14.7,91.0,1.0,259.0,0
2023,8210,SO2,4.3,83.8,0.0,0.0,0
2023,8211,CO,139.47500000000002,432.725,0.0,0.0,0
2023,8211,NO2,18.4,132.8,0.0,0.0,0
2023,8211,O3,20.0,113.1,0.0,7.0,0
2023,8211,PM10,25.4,122.0,4.0,29.0,0
2023,8211,PM2.5,13.6,63.0,1.0,163.0,0
2023,8213,CO,139.47500000000002,432.725,0.0,0.0,0
2023,8213,NO2,22.7,94.3,2.1,0.0,0
2023,8213,O3,25.3,139.3,0.0,28.0,0
2023,8213,PM10,24.3,104.6,0.9,47.0,0
2023,8213,PM2.5,13.9,73.0,0.0,237.0,0
2023,8213,SO2,2.3,16.0,0.0,0.0,0
2023,8214,CO,139.47500000000002,432.725,0.0,0.0,0
2023,8214,NO2,36.9,186.9,0.0,0.0,0
2023,8214,O3,25.1,123.0,0.1,20.0,0
2023,8214,PM10,43.2,142.5,3.3,616.0,0
2023,8214,PM2.5,21.9,134.6,0.2,1026.0,0
2023,8214,SO2,6.3,58.2,0.0,0.0,0
2023,8215,CO,139.47500000000002,432.725,37.1,0.0,0
2023,8215,NO2,29.2,148.9,1.5,0.0,0
2023,8215,O3,23.9,76.7,0.8,0.0,0
2023,8215,PM10,20.2,147.0,2.0,54.0,0
2023,8215,PM2.5,13.2,110.0,1.0,266.0,0
2023,8216,CO,139.47500000000002,432.725,0.0,0.0,0
2023,8216,NO2,38.9,169.1,0.0,0.0,0
2023,8216,O3,16.5,74.2,0.3,0.0,0
2023,8216,PM10,28.3,158.9,1.0,278.0,0
2023,8216,PM2.5,13.2,66.3,0.1,261.0,0
2023,8216,SO2,2.7,37.2,0.0,0.0,0
2023,8218,PM10,71.6,238.0,8.0,1290.0,0
2023,8218,PM2.5,33.9,147.0,4.0,1134.0,0
2023,8219,CO,139.47500000000002,432.725,0.0,0.0,0
2023,8219,NO2,24.4,149.1,0.0,0.0,0
2023,8219,O3,27.0,110.7,1.8,4.0,0
2023,8219,PM10,33.9,192.0,1.0,574.0,0
2023,8219,PM2.5,18.2,141.0,0.0,652.0,0
2023,8219,SO2,4.9,38.7,0.0,0.0,0
2023,8234,PM10,33.2,53.0,13.0,0.0,0
2023,8235,CO,139.47500000000002,432.725,37.1,0.0,0
2023,8235,O3,29.8,72.5,3.2,0.0,0
2023,8235,PM10,16.9,45.0,7.0,0.0,0
2023,8235,PM2.5,11.7,27.0,4.0,0.0,0
2023,8235,SO2,4.5,57.7,0.9,0.0,0
2023,8243,CO,139.47500000000002,432.725,2.4,0.0,0
2023,8243,PM10,31.0,107.9,1.6,24.0,0
2023,8243,PM2.5,12.9,56.2,0.1,43.0,0
2023,8243,SO2,39.3,171.1,0.2,146.0,0
2023,8247,CO,139.47500000000002,432.725,1.1,0.0,0
2023,8247,NO2,16.5,106.6,1.0,0.0,0
2023,8247,PM10,28.9,432.725,1.0,331.0,0
2023,8247,SO2,7.9,178.6,1.0,5.0,0
2023,8248,NO2,28.6,88.2,1.4,0.0,0
2023,8248,PM10,27.5,118.1,1.6,177.0,0
2023,8248,PM2.5,12.9,75.1,1.0,188.0,0
2023,8248,SO2,4.6,105.1,1.0,2.0,0
2023,8249,CO,139.47500000000002,432.725,0.0,0.0,0
2023,8249,NO2,17.2,95.1,3.4,0.0,0
2023,8249,O3,22.3,70.9,0.6,0.0,0
2023,8249,PM10,20.8,299.6,1.1,121.0,0
2023,8249,PM2.5,13.0,271.6,1.0,417.0,0
2023,8249,SO2,3.0,10.4,0.0,0.0,0
2023,8250,NO2,22.1,154.5,2.3,0.0,0
2023,8250,PM10,24.8,194.6,1.0,131.0,0
2023,8250,PM2.5,11.3,73.5,1.0,136.0,0
2023,8250,SO2,10.7,187.6,1.0,52.0,0
2023,8252,PM10,29.5,149.4,2.1,61.0,0
2023,8252,PM2.5,13.2,83.1,0.1,143.0,0
2023,8252,SO2,3.1,42.5,1.0,0.0,0
2023,8254,NO2,17.0,144.4,1.4,0.0,0
2023,8254,PM10,30.4,178.2,1.0,245.0,0
2023,8254,PM2.5,12.5,90.6,1.0,79.0,0
2023,8254,SO2,11.4,139.7,1.0,10.0,0
2023,8258,PM10,29.8,44.3,20.1,0.0,0
2023,8285,O3,9.5,40.3,0.1,0.0,0
2023,8285,SO2,13.4,33.6,6.9,0.0,0
2023,8291,O3,39.4,103.1,9.4,4.0,0
2023,8775,O3,19.6,52.0,1.3,0.0,0
2023,8775,PM10,31.3,119.7,0.4,115.0,0
2023,8775,PM2.5,13.5,71.5,0.0,64.0,0
2023,8776,PM10,42.6,119.6,2.1,683.0,0
2023,8776,PM2.5,13.8,63.1,0.3,79.0,0
2023,8777,NO2,17.1,45.2,3.0,0.0,0
2023,8777,O3,12.5,51.7,0.1,0.0,0
2023,8777,PM10,26.8,157.4,3.1,177.0,0
2023,8777,PM2.5,12.5,74.1,1.0,43.0,0
2023,8777,SO2,10.6,115.9,0.0,3.0,0
2023,8970,PM10,25.3,30.9,10.0,0.0,0
2023,8973,PM10,58.0,61.0,37.1,0.0,0
2023,8978,PM10,20.8,51.0,10.8,0.0,0
2023,8980,PM10,36.8,66.8,14.7,0.0,0
2023,8983,PM10,32.9,62.2,20.8,0.0,0
2023,8984,PM10,24.6,54.4,0.5,0.0,0
2023,8990,PM10,29.6,46.0,14.0,0.0,0
2023,8990,PM2.5,16.6,93.6,1.1,58.0,0
2023,9023,CO,139.47500000000002,432.725,2.1,0.0,0
2023,9023,NO2,49.4,165.4,0.6,0.0,0
2023,9023,PM10,33.4,185.0,0.0,164.0,0
2023,9024,PM10,32.0,60.5,9.9,0.0,0
2023,9025,PM10,44.6,136.0,0.0,746.0,0
2023,9026,PM10,46.1,125.8,12.3,10.0,0
2023,9026,PM2.5,25.6,52.7,8.5,7.0,0
2023,9027,PM10,40.4,99.6,10.5,8.0,0
2023,9027,PM2.5,14.2,39.6,2.0,1.0,0
2023,9039,PM10,28.0,61.4,4.8,0.0,0
2023,9041,PM10,27.4,64.1,10.4,0.0,0
2023,9042,PM10,30.3,73.6,13.8,0.0,0
2023,9043,PM10,32.8,89.5,5.8,1.0,0
2023,9043,PM2.5,13.5,36.9,1.1,0.0,0
2023,9044,PM10,32.5,91.1,10.9,2.0,0
2023,9044,PM2.5,6.9,17.4,0.9,0.0,0
2023,9048,PM10,35.0,79.9,17.6,2.0,0
2023,9048,PM2.5,16.6,42.1,7.1,2.0,0
2023,9050,PM10,36.1,104.9,9.7,8.0,0
2023,9051,PM10,41.7,122.6,10.7,10.0,0
2023,9051,PM2.5,17.5,38.0,6.6,1.0,0
2023,9053,PM10,33.3,63.0,13.4,0.0,0
2023,9056,PM10,33.7,164.0,13.5,1.0,0
2023,9060,PM2.5,18.6,42.8,8.4,1.0,0
2023,9085,PM10,22.9,58.9,6.5,0.0,0
2023,9101,PM10,34.4,68.8,13.6,0.0,0
2023,9102,PM10,32.9,63.9,8.2,0.0,0
2023,9117,PM10,9.8,18.7,2.0,0.0,0
2023,19566,PM10,31.1,196.3,1.7,299.0,0
2023,19566,PM2.5,13.7,161.1,1.0,382.0,0
2023,19566,SO2,7.6,75.0,1.0,0.0,0
2023,19661,PM10,21.3,36.7,6.6,0.0,0
2023,19662,PM10,31.4,53.3,12.0,0.0,0
2023,19662,PM2.5,17.1,45.8,3.4,36.0,0
2023,19665,PM10,18.9,24.5,9.5,0.0,0
2023,19665,PM2.5,11.8,36.9,3.7,0.0,0
2023,26179,PM10,44.2,74.5,18.3,0.0,0
2023,26181,PM10,34.5,70.9,13.6,0.0,0
2023,26182,PM10,37.8,83.1,12.3,1.0,0
2023,26184,PM10,43.8,89.2,9.3,3.0,0
2023,26191,PM10,25.5,58.2,10.1,0.0,0
2023,26191,PM2.5,12.9,37.0,2.8,0.0,0
2023,28202,CO,139.47500000000002,432.725,37.1,0.0,0
2023,28202,NO2,20.8,134.3,0.0,0.0,0
2023,28202,O3,12.5,45.9,0.1,0.0,0
2023,28202,PM10,20.6,149.0,1.0,109.0,0
2023,28202,PM2.5,12.0,137.0,0.0,242.0,0
2023,28203,CO,139.47500000000002,432.725,0.0,0.0,0
2023,28203,O3,15.4,66.8,0.1,0.0,0
2023,28203,PM10,31.8,110.6,3.3,132.0,0
2023,28203,PM2.5,16.3,97.4,0.4,221.0,0
2023,28203,SO2,6.6,432.725,0.0,20.0,0
2023,28625,PM10,29.8,61.3,18.1,0.0,0
2023,29493,NO2,33.4,115.2,0.0,0.0,0
2023,29493,PM2.5,19.1,106.0,0.0,568.0,0
2023,29493,SO2,8.9,71.6,0.8,0.0,0
2023,29501,O3,30.4,94.2,1.5,0.0,0
2023,29502,O3,25.8,109.8,0.9,4.0,0
2023,29502,PM10,29.8,107.0,1.0,52.0,0
2023,29509,NO2,45.2,153.0,0.4,0.0,0
2023,29509,PM10,45.7,137.0,5.0,428.0,0
2023,29509,PM2.5,23.4,93.0,0.5,867.0,0
2023,29509,SO2,9.2,86.0,0.0,0.0,0
2023,29511,O3,35.4,119.9,0.0,115.0,0
2023,29511,PM10,29.1,119.0,3.0,54.0,0
2023,29511,PM2.5,18.3,80.0,1.0,227.0,0
2023,29529,O3,27.6,113.9,0.3,31.0,0
2023,29574,PM10,22.5,63.8,3.8,0.0,0
2023,29586,NO2,20.4,109.3,1.3,0.0,0
2023,29586,PM10,53.5,398.5,3.8,958.0,0
2023,29586,PM2.5,23.1,202.0,1.0,1201.0,0
2023,29586,SO2,24.4,241.3,1.0,10.0,0
2023,29617,NO2,24.4,125.3,1.0,0.0,0
2023,29617,PM10,32.8,210.0,1.0,371.0,0
2023,29617,PM2.5,16.5,104.0,1.0,399.0,0
2023,30003,PM10,26.2,50.3,8.2,0.0,0
2023,30040,PM10,18.7,102.0,1.5,46.0,0
2023,30040,PM2.5,10.7,87.4,1.0,210.0,0
2023,30040,SO2,25.2,189.2,1.0,208.0,0
2023,30044,PM10,27.2,264.5,0.0,176.0,0
2023,30044,SO2,35.9,432.725,0.0,595.0,0
2023,30057,PM10,45.0,71.2,19.6,0.0,0
2023,30090,PM10,19.1,40.9,2.9,0.0,0
2023,30472,PM10,47.4,127.6,14.1,8.0,0
2023,30472,PM2.5,17.5,34.0,4.0,0.0,0
2023,30585,PM10,25.6,57.0,7.1,0.0,0
2023,30653,PM10,36.3,73.6,9.4,0.0,0
2023,30689,PM10,29.5,64.9,11.3,0.0,0
2023,30691,PM10,26.0,74.5,8.0,0.0,0
2023,30691,PM2.5,12.9,25.7,5.3,0.0,0
2023,30732,O3,29.0,120.0,1.0,20.0,0
2023,30732,PM2.5,15.5,75.0,0.0,221.0,0
2023,30810,O3,18.2,90.9,0.2,0.0,0
2023,30810,PM10,44.0,259.7,0.0,883.0,0
2023,30810,SO2,5.0,113.3,0.0,1.0,0
2023,30812,PM10,42.5,77.7,5.0,2.0,0
2023,30815,O3,21.7,123.1,0.0,4.0,0
2023,30815,PM10,26.8,178.1,0.8,227.0,0
2023,30815,PM2.5,16.0,164.1,0.0,600.0,0
2023,30815,SO2,1.4,73.4,0.0,0.0,0
2023,30836,PM10,36.2,64.8,7.9,0.0,0
2023,30841,PM10,36.0,72.1,5.1,0.0,0
2023,30855,PM2.5,24.6,215.0,4.0,1304.0,0
2023,31331,PM2.5,16.3,48.0,4.0,15.0,0
2023,31340,PM2.5,16.3,103.7,0.0,122.0,0
2023,31341,PM10,33.6,74.8,8.6,0.0,0
2023,31342,NO2,27.4,89.5,1.4,0.0,0
2023,31342,PM10,36.7,110.0,2.0,56.0,0
2023,31343,PM2.5,12.7,63.0,0.0,81.0,0
2023,31360,PM2.5,14.7,67.7,0.0,105.0,0
2023,31362,PM2.5,15.6,79.8,0.0,127.0,0
2023,31364,PM2.5,17.7,138.3,0.0,250.0,0
2023,31366,PM2.5,16.9,70.1,0.5,156.0,0
2023,31367,PM2.5,16.2,144.6,0.0,215.0,0
2023,31369,PM2.5,19.5,111.6,0.0,558.0,0
2023,31371,NO2,22.4,87.2,0.0,0.0,0
2023,31371,PM10,58.6,217.0,4.0,1271.0,0
2023,31371,PM2.5,19.6,111.0,0.0,383.0,0
2023,31373,PM2.5,17.1,93.8,0.0,205.0,0
2023,31375,PM2.5,15.1,71.8,0.0,136.0,0
2023,31379,PM2.5,19.1,73.0,0.0,373.0,0
2023,31381,NO2,19.6,45.9,7.6,0.0,0
2023,31381,O3,4.3,17.2,0.1,0.0,0
2023,31381,PM10,24.9,90.0,0.1,4.0,0
2023,31389,O3,15.4,68.1,0.9,0.0,0
2023,31389,PM10,19.8,117.0,0.0,61.0,0
2023,31441,PM10,62.3,118.3,11.0,608.0,0
2023,31441,PM2.5,18.3,44.2,4.5,9.0,0
2023,31443,PM10,51.0,133.9,8.7,722.0,0
2023,31443,PM2.5,16.1,29.2,6.7,0.0,0
2023,31445,PM10,43.1,115.6,4.2,968.0,0
2023,31445,PM2.5,8.9,18.4,2.3,0.0,0
2023,31485,PM10,40.1,106.3,10.7,14.0,0
2023,31496,PM10,36.1,75.7,12.4,1.0,0
2023,31533,PM10,32.8,199.5,1.6,340.0,0
2023,31533,PM2.5,12.8,78.3,1.2,74.0,0
2023,31533,SO2,11.9,74.9,1.0,0.0,0
2023,31628,PM2.5,18.1,106.9,0.0,400.0,0
2023,31637,PM10,20.0,35.0,9.0,0.0,0
2023,31639,PM10,19.5,37.0,9.0,0.0,0
2023,31684,CO,139.47500000000002,432.725,0.0,0.0,0
2023,31684,NO2,36.9,123.9,4.4,0.0,0
2023,31684,O3,38.2,169.6,0.5,176.0,0
2023,31684,PM10,33.3,209.7,2.3,384.0,0
2023,31684,PM2.5,18.1,95.8,0.1,505.0,0
2023,31684,SO2,4.2,82.2,0.0,0.0,0
2023,31719,PM10,32.1,222.0,0.0,791.0,0
2023,31792,PM2.5,15.1,32.5,5.5,0.0,0
2023,31802,PM10,28.4,58.0,10.0,0.0,0
2023,31802,PM2.5,10.6,27.0,4.0,0.0,0
2023,31805,PM10,22.8,153.7,1.3,49.0,0
2023,31805,PM2.5,7.4,52.6,1.0,8.0,0
2023,31805,SO2,37.5,89.1,1.0,0.0,0
2023,31806,PM10,28.7,197.1,3.5,271.0,0
2023,31806,PM2.5,12.5,95.1,1.2,230.0,0
2023,31806,SO2,17.3,107.4,1.0,3.0,0
2023,31807,CO,139.47500000000002,432.725,10.0,0.0,0
2023,31807,NO2,41.4,125.2,7.2,0.0,0
2023,31807,PM10,60.0,432.725,1.0,1415.0,0
2023,31807,PM2.5,21.6,195.6,1.0,914.0,0
2023,31807,SO2,5.0,89.2,0.2,0.0,0
2023,31816,O3,2.0,13.8,0.2,0.0,0
2023,31816,PM10,7.4,47.1,0.0,0.0,0
2023,31818,PM10,7.6,34.4,1.4,0.0,0
2023,31818,PM2.5,6.8,42.3,0.1,2.0,0
2023,31819,PM10,41.4,80.0,3.3,214.0,0
2023,31819,PM2.5,17.6,37.0,0.2,0.0,0
2023,31820,PM10,35.0,200.4,2.0,237.0,0
2023,31820,PM2.5,14.6,45.2,1.6,45.0,0
2023,31821,PM10,37.7,80.0,10.0,125.0,0
2023,31821,PM2.5,13.3,37.0,0.0,0.0,0
2023,31822,O3,13.0,48.7,0.0,0.0,0
2023,31822,PM10,26.2,66.9,0.0,0.0,0
2023,31822,PM2.5,10.3,35.9,0.0,0.0,0
2023,31822,SO2,0.6,7.7,0.0,0.0,0
2023,31823,PM10,35.3,215.5,4.9,404.0,0
2023,31823,PM2.5,13.4,90.5,1.9,93.0,0
2023,31824,PM10,20.4,50.4,3.3,0.0,0
2023,31825,CO,139.47500000000002,432.725,17.6,0.0,0
2023,31825,O3,18.4,33.1,10.4,0.0,0
2023,31825,PM10,29.3,129.8,5.0,31.0,0
2023,31826,CO,139.47500000000002,432.725,0.0,0.0,0
2023,31826,NO2,18.6,72.5,0.1,0.0,0
2023,31826,O3,19.6,79.1,0.1,0.0,0
2023,31826,PM10,28.9,156.3,0.0,136.0,0
2023,31826,PM2.5,14.8,80.9,0.0,329.0,0
2023,31826,SO2,15.7,300.3,0.0,89.0,0
2023,31827,CO,139.47500000000002,432.725,0.0,0.0,0
2023,31827,NO2,17.2,53.7,0.0,0.0,0
2023,31827,O3,13.9,80.8,0.0,0.0,0
2023,31827,PM10,28.1,135.1,0.0,56.0,0
2023,31827,PM2.5,11.9,65.8,0.0,67.0,0
2023,31827,SO2,7.1,242.6,0.0,9.0,0
2023,31828,CO,139.47500000000002,432.725,0.0,0.0,0
2023,31828,O3,13.7,52.0,0.0,0.0,0
2023,31828,PM10,15.4,89.8,0.0,5.0,0
2023,31828,PM2.5,7.3,54.2,0.0,12.0,0
2023,31828,SO2,3.0,84.3,0.0,0.0,0
2023,31829,CO,139.47500000000002,432.725,37.1,0.0,0
2023,31829,PM10,29.5,148.1,5.0,84.0,0
2023,31829,PM2.5,22.3,143.3,3.0,303.0,0
2023,31829,SO2,0.2,8.9,0.0,0.0,0
2023,31831,PM10,20.8,104.7,0.2,19.0,0
2023,31831,PM2.5,9.5,43.7,0.0,15.0,0
2023,31831,SO2,2.4,18.2,0.0,0.0,0
2023,31832,CO,139.47500000000002,432.725,0.0,0.0,0
2023,31832,O3,34.3,120.5,0.0,85.0,0
2023,31832,PM10,33.1,136.0,1.5,136.0,0
2023,31832,PM2.5,10.3,77.5,0.0,30.0,0
2023,31832,SO2,2.3,11.3,0.0,0.0,0
2023,31833,CO,139.47500000000002,432.725,0.0,0.0,0
2023,31833,O3,34.9,102.7,6.9,3.0,0
2023,31833,PM10,38.9,155.5,0.0,605.0,0
2023,31833,SO2,2.2,13.4,0.0,0.0,0
2023,31834,PM10,31.9,238.7,0.2,121.0,0
2023,31834,PM2.5,13.7,90.0,0.3,105.0,0
2023,31839,PM2.5,14.1,124.0,4.0,299.0,0
2023,31841,CO,139.47500000000002,432.725,0.0,0.0,0
2023,31841,NO2,25.1,116.2,3.4,0.0,0
2023,31841,O3,25.9,101.1,0.1,2.0,0
2023,31841,PM10,32.3,161.2,2.4,285.0,0
2023,31841,PM2.5,12.0,107.5,0.4,162.0,0
2023,31841,SO2,8.2,78.8,0.0,0.0,0
2023,31847,PM10,37.6,89.9,3.1,283.0,0
2023,31847,PM2.5,16.7,52.0,1.6,153.0,0
2023,31849,PM2.5,28.2,154.0,4.0,1735.0,0
2023,31851,PM10,29.7,145.0,3.0,104.0,0
2023,31852,O3,28.9,113.6,0.1,27.0,0
2023,31853,PM10,52.4,248.0,2.0,1416.0,0
2023,31854,NO2,40.8,155.6,0.3,0.0,0
2023,31854,O3,26.3,119.3,0.0,24.0,0
2023,31854,PM2.5,20.1,76.0,1.0,482.0,0
2023,31854,SO2,12.9,96.8,0.3,0.0,0
2023,31855,PM2.5,10.5,59.0,0.0,24.0,0
2023,31856,CO,139.47500000000002,432.725,16.4,0.0,0
2023,31856,NO2,19.4,83.4,0.0,0.0,0
2023,31856,O3,31.3,112.0,0.7,7.0,0
2023,31856,PM10,39.2,219.0,1.0,562.0,0
2023,31856,PM2.5,13.7,70.0,0.0,114.0,0
2023,31856,SO2,23.3,212.1,0.0,87.0,0
2023,31860,O3,10.0,61.5,0.6,0.0,0
2023,31860,PM10,43.6,187.0,5.1,326.0,0
2023,31860,PM2.5,21.2,171.3,1.0,840.0,0
2023,31860,SO2,3.4,137.0,0.0,1.0,0
2023,31861,NO2,36.5,111.9,1.5,0.0,0
2023,31861,PM10,36.0,185.7,2.3,415.0,0
2023,31861,PM2.5,16.4,94.3,1.0,493.0,0
2023,31861,SO2,6.0,95.3,0.1,0.0,0
2023,31862,PM10,16.2,75.3,1.3,1.0,0
2023,31862,PM2.5,8.4,65.4,1.0,8.0,0
2023,31863,CO,139.47500000000002,432.725,2.3,0.0,0
2023,31863,PM10,60.6,349.5,1.6,1134.0,0
2023,31863,PM2.5,16.9,108.8,1.0,256.0,0
2023,31863,SO2,12.8,79.3,1.0,0.0,0
2023,31864,PM10,42.1,396.0,1.4,1129.0,0
2023,31864,PM2.5,13.1,138.7,0.7,265.0,0
2023,31865,PM10,21.1,130.2,1.2,7.0,0
2023,31865,PM2.5,8.2,69.7,1.0,4.0,0
2023,31865,SO2,45.1,185.3,1.0,9.0,0
2023,31866,PM10,25.6,199.6,1.0,188.0,0
2023,31866,PM2.5,10.4,80.1,1.0,42.0,0
2023,31867,PM10,10.4,86.7,1.2,3.0,0
2023,31867,PM2.5,5.4,47.1,1.0,1.0,0
2023,31867,SO2,34.7,63.7,2.6,0.0,0
2023,31868,PM10,22.1,202.1,1.0,41.0,0
2023,31868,PM2.5,7.3,59.4,1.0,3.0,0
2023,31869,PM10,12.6,101.4,1.0,8.0,0
2023,31869,PM2.5,6.2,72.1,1.0,19.0,0
2023,31870,PM10,23.8,164.9,1.1,31.0,0
2023,31870,PM2.5,8.1,50.5,1.0,5.0,0
2023,31870,SO2,6.0,191.7,1.0,2.0,0
2023,31872,CO,139.47500000000002,432.725,11.4,0.0,0
2023,31872,NO2,31.6,67.6,1.0,0.0,0
2023,31872,PM10,22.4,143.7,1.8,37.0,0
2023,31872,PM2.5,10.1,97.2,1.0,23.0,0
2023,31872,SO2,3.5,31.0,0.6,0.0,0
2023,31873,CO,139.47500000000002,432.725,0.0,0.0,0
2023,31873,NO2,34.0,149.9,3.0,0.0,0
2023,31873,O3,27.8,117.7,0.8,8.0,0
2023,31873,PM10,27.6,132.9,1.6,168.0,0
2023,31873,PM2.5,14.8,72.3,0.3,425.0,0
2023,31873,SO2,2.7,51.1,0.0,0.0,0
2023,31874,CO,139.47500000000002,432.725,0.0,0.0,0
2023,31874,NO2,25.0,131.3,0.0,0.0,0
2023,31874,O3,28.1,102.7,0.1,2.0,0
2023,31874,PM10,40.1,197.8,3.2,841.0,0
2023,31874,PM2.5,17.5,126.0,0.5,632.0,0
2023,31874,SO2,6.3,58.7,0.0,0.0,0
2023,31875,CO,139.47500000000002,432.725,0.0,0.0,0
2023,31875,NO2,39.2,149.5,0.8,0.0,0
2023,31875,O3,15.5,69.4,0.0,0.0,0
2023,31875,PM10,20.4,76.2,0.0,3.0,0
2023,31875,PM2.5,10.4,54.9,0.0,73.0,0
2023,31875,SO2,2.2,47.4,0.0,0.0,0
2023,31876,CO,139.47500000000002,432.725,0.0,0.0,0
2023,31876,NO2,42.7,115.5,6.6,0.0,0
2023,31876,O3,20.2,96.6,0.0,0.0,0
2023,31876,PM10,53.6,288.0,3.1,1569.0,0
2023,31876,PM2.5,21.5,106.8,0.4,978.0,0
2023,31876,SO2,3.8,84.6,0.0,0.0,0
2023,31877,CO,139.47500000000002,432.725,37.1,0.0,0
2023,31877,NO2,17.4,74.7,2.0,0.0,0
2023,31877,PM10,29.7,120.9,1.0,144.0,0
2023,31877,PM2.5,14.4,81.0,1.0,184.0,0
2023,31877,SO2,16.0,109.2,1.0,1.0,0
2023,31882,NO2,16.3,82.8,0.8,0.0,0
2023,31882,O3,31.1,96.8,1.6,0.0,0
2023,31882,PM2.5,13.3,79.0,4.0,94.0,0
2023,31884,PM10,19.7,35.0,10.0,0.0,0
2023,31907,PM2.5,17.7,87.0,4.0,260.0,0
2023,31913,CO,139.47500000000002,432.725,37.1,0.0,0
2023,31913,NO2,25.3,86.3,0.5,0.0,0
2023,31913,O3,29.4,98.3,0.8,0.0,0
2023,31913,PM10,23.5,110.3,5.0,32.0,0
2023,31913,PM2.5,11.3,54.4,2.0,36.0,0
2023,31913,SO2,1.0,18.4,0.2,0.0,0
2023,31914,O3,29.3,83.4,1.5,0.0,0
2023,31914,PM10,22.1,109.6,5.0,19.0,0
2023,31914,PM2.5,12.3,70.5,2.0,101.0,0
2023,31915,O3,25.2,85.4,2.3,0.0,0
2023,31915,PM10,22.0,113.4,5.0,23.0,0
2023,31915,PM2.5,11.3,63.9,2.0,62.0,0
2023,31916,CO,139.47500000000002,432.725,37.1,0.0,0
2023,31916,NO2,29.8,140.3,0.5,0.0,0
2023,31916,O3,25.2,76.0,3.9,0.0,0
2023,31916,PM10,19.8,97.7,5.0,4.0,0
2023,31916,PM2.5,11.7,65.9,2.0,57.0,0
2023,31916,SO2,1.1,23.9,0.3,0.0,0
2023,31924,PM10,24.6,165.0,3.0,63.0,0
2023,31924,PM2.5,12.5,116.5,1.1,106.0,0
2023,31946,O3,28.8,126.5,0.0,27.0,0
2023,31946,PM2.5,16.2,135.0,0.0,218.0,0
2023,31949,PM10,24.3,55.6,8.9,0.0,0
2023,31949,PM2.5,9.9,25.2,2.8,0.0,0
2023,31950,PM10,41.3,432.725,3.0,73.0,0
2023,31952,PM10,16.0,161.2,1.2,9.0,0
2023,31952,PM2.5,6.9,43.2,1.0,1.0,0
2023,31953,PM10,14.7,177.1,1.3,7.0,0
2023,31953,PM2.5,6.0,94.5,0.5,6.0,0
2023,31954,NO2,10.3,23.9,1.9,0.0,0
2023,31954,PM10,39.5,365.9,1.3,519.0,0
2023,31954,PM2.5,10.0,58.1,1.0,29.0,0
2023,31954,SO2,31.5,128.7,14.6,1.0,0
2023,31955,NO2,16.5,34.9,3.0,0.0,0
2023,31955,PM10,14.5,71.8,2.1,0.0,0
2023,31955,PM2.5,6.5,59.1,1.1,2.0,0
2023,31957,PM10,47.3,149.8,5.0,498.0,0
2023,31957,PM2.5,7.7,57.4,3.0,1.0,0
2023,31958,PM2.5,23.9,136.0,4.0,274.0,0
2023,31959,PM2.5,14.1,69.0,4.0,168.0,0
2023,31961,PM10,27.2,113.0,5.6,14.0,0
2023,31961,PM2.5,14.5,84.9,1.9,115.0,0
2023,31962,PM10,30.6,55.4,9.8,0.0,0
2023,31962,PM2.5,13.6,23.7,3.2,0.0,0
2023,31964,PM10,31.3,77.3,10.0,1.0,0
2023,31964,PM2.5,12.1,28.3,3.4,0.0,0
2023,31967,PM10,33.9,55.0,0.0,0.0,0
2023,31967,PM2.5,13.8,35.4,0.0,0.0,0
2023,31968,PM10,47.7,122.5,19.4,3.0,0
2023,31968,PM2.5,11.5,21.1,4.5,0.0,0
2023,31969,PM10,27.7,45.9,12.0,0.0,0
2023,31969,PM2.5,14.2,26.8,2.3,0.0,0
2023,31970,PM10,28.2,50.3,9.7,0.0,0
2023,31970,PM2.5,12.7,25.9,7.5,0.0,0
2023,31972,PM10,13.2,27.0,7.0,0.0,0
2023,31973,PM10,22.2,82.5,1.1,2.0,0
2023,31973,PM2.5,9.5,31.2,0.8,0.0,0
2023,31974,NO2,10.4,92.8,0.0,0.0,0
2023,31974,O3,9.7,38.5,0.0,0.0,0
2023,31974,PM10,13.8,60.0,8.0,0.0,0
2023,31974,PM2.5,10.2,54.1,1.6,11.0,0
2023,31974,SO2,0.5,7.0,0.0,0.0,0
2023,31975,PM2.5,14.3,76.0,4.0,168.0,0
2023,31976,PM2.5,8.4,31.0,4.0,0.0,0
2023,31977,CO,139.47500000000002,432.725,37.1,0.0,0
2023,31977,NO2,12.3,74.5,0.4,0.0,0
2023,31977,O3,37.1,93.0,2.0,0.0,0
2023,31977,PM10,19.5,86.1,0.4,6.0,0
2023,31977,PM2.5,9.5,54.8,0.2,9.0,0
2023,31977,SO2,1.6,6.8,0.9,0.0,0
2023,31978,PM10,48.6,114.8,10.0,627.0,0
2023,31978,PM2.5,10.0,169.1,0.7,23.0,0
2023,31979,PM10,25.8,115.7,3.3,40.0,0
2023,31979,PM2.5,12.6,90.2,1.0,71.0,0
2023,31980,PM10,18.8,91.4,2.4,10.0,0
2023,31980,PM2.5,9.3,36.3,1.2,0.0,0
2023,31983,PM10,14.2,31.0,7.0,0.0,0
2023,31984,CO,139.47500000000002,432.725,37.1,0.0,0
2023,31984,NO2,10.0,51.0,0.0,0.0,0
2023,31984,O3,30.2,91.2,1.2,0.0,0
2023,31984,PM10,17.7,66.8,2.4,0.0,0
2023,31984,PM2.5,6.8,24.9,0.0,0.0,0
2023,31984,SO2,4.8,13.9,0.5,0.0,0
2023,31985,CO,139.47500000000002,432.725,37.1,0.0,0
2023,31985,NO2,13.5,28.8,4.0,0.0,0
2023,31985,O3,31.7,70.7,1.8,0.0,0
2023,31985,PM10,24.0,73.6,7.3,0.0,0
2023,31985,PM2.5,14.3,45.1,0.8,7.0,0
2023,31985,SO2,6.7,17.8,0.4,0.0,0
2023,31986,PM2.5,8.4,59.0,4.0,5.0,0
2023,31987,CO,139.47500000000002,432.725,25.2,0.0,0
2023,31987,NO2,11.3,31.9,0.4,0.0,0
2023,31987,O3,26.5,88.1,1.1,0.0,0
2023,31987,PM10,20.9,78.5,1.4,1.0,0
2023,31987,PM2.5,8.4,37.6,0.2,2.0,0
2023,31987,SO2,7.7,18.0,0.7,0.0,0
2023,31988,PM10,44.0,129.6,3.5,867.0,0
2023,31988,PM2.5,9.7,35.6,1.0,0.0,0
2023,31992,PM2.5,16.0,35.0,4.0,0.0,0
2023,31993,PM10,28.1,40.0,14.0,0.0,0
2023,31993,PM2.5,10.9,15.0,6.0,0.0,0
